CountryCode,Year,Week,Sex,0-14,15-64,65-74,75-84,85+,Total,0-14,15-64,65-74,75-84,85+,Total,Split,SplitSex,Forecast
DEUTNP,2000,1,m,56.8226170148683,2283.17738298513,2189,2034,1679,8242,0.000453041322065237,0.00425185033719566,0.033346537488269,0.0797005453405275,0.244315672313941,0.0108383764263855,1,0,0
DEUTNP,2000,1,f,39.4036760154717,1158.59632398453,1341,2946,4539,10024,0.000330626879752544,0.00220915791465872,0.0165917327810687,0.053289254278854,0.194186434935685,0.0124814585708061,1,0,0
DEUTNP,2000,1,b,96.22629303034,3441.77370696966,3530,4980,6218,18266,0.000393397069059439,0.00324256362261928,0.0241009292718386,0.0616308269831546,0.205576139397309,0.0116823351416822,1,0,0
DEUTNP,2000,2,m,56.8226170148683,2341.17738298513,2230,2089,1705,8422,0.000453041322065237,0.00435986091990165,0.0339711185924348,0.0818556731643864,0.24809900017586,0.011075079624244,1,0,0
DEUTNP,2000,2,f,39.4036760154717,1161.59632398453,1427,2919,4491,10038,0.000330626879752544,0.00221487817598424,0.0176557812666555,0.0528008598913696,0.192132910177608,0.012498890775514,1,0,0
DEUTNP,2000,2,b,96.22629303034,3502.77370696966,3657,5008,6196,18460,0.000393397069059439,0.0033000329386813,0.0249680165289274,0.061977345689084,0.204848787344118,0.0118064111855608,1,0,0
DEUTNP,2000,3,m,57.8495317801972,2292.1504682198,2337,2272,1801,8760,0.0004612288158375,0.00426856047796924,0.035601122937453,0.0890263711964987,0.262068210742947,0.0115195556291115,1,0,0
DEUTNP,2000,3,f,40.9388841719186,1207.06111582808,1403,3102,4623,10376,0.000343508446496149,0.00230156833946938,0.0173588375032359,0.0561110885176528,0.197780103262321,0.0129197540034601,1,0,0
DEUTNP,2000,3,b,98.7884159521158,3499.21158404788,3740,5374,6424,19136,0.000403871666139458,0.00329667699166419,0.0255346956024579,0.0665068402023038,0.212386799531733,0.0122387586374264,1,0,0
DEUTNP,2000,4,m,56.1380071713157,2544.86199282868,2387,2263,1801,9052,0.000447582992883728,0.00473917287502998,0.036362807210826,0.0886737139162309,0.262068210742947,0.0119035408167486,1,0,0
DEUTNP,2000,4,f,42.9858283805145,1142.01417161949,1505,3158,4815,10663,0.000360683868820957,0.00217753983303619,0.0186208484977691,0.0571240546546575,0.20599420229463,0.0132771141999706,1,0,0
DEUTNP,2000,4,b,99.1238355518302,3686.87616444817,3892,5421,6616,19715,0.000405242945062061,0.00347347953403583,0.0265724693274776,0.0670884966015424,0.218734599268671,0.0126090680673527,1,0,0
DEUTNP,2000,5,m,63.6687154503946,2469.33128454961,2306,2415,1902,9156,0.000507624613880326,0.0045985157058331,0.0351288786879617,0.0946297035385319,0.276764984360403,0.0120403026644001,1,0,0
DEUTNP,2000,5,f,49.1266610063023,1238.8733389937,1493,3343,5110,11234,0.000412210135795379,0.00236222641608705,0.0184723766160593,0.0604704606429766,0.218614823203647,0.0139880991205543,1,0,0
DEUTNP,2000,5,b,112.795376456697,3708.20462354331,3799,5758,7012,20390,0.000461135611734828,0.00349357350054164,0.0259375156667748,0.0712590967407639,0.231826936226107,0.0130407759519818,1,0,0
DEUTNP,2000,6,m,61.957190841513,2358.04280915849,2308,2198,1812,8738,0.000493978790926554,0.00439126858384249,0.0351593460588967,0.0861267446698522,0.263668849453759,0.0114906252382622,1,0,0
DEUTNP,2000,6,f,47.0797167977064,1118.92028320229,1459,3040,4826,10491,0.000395034713470571,0.00213350547411329,0.0180517062845483,0.0549895902945405,0.206464801718356,0.0130629471135602,1,0,0
DEUTNP,2000,6,b,109.036907639219,3476.96309236078,3767,5238,6638,19229,0.000445770054459533,0.00327571624411224,0.0257190369878233,0.0648237493449325,0.219461951321862,0.0122982383904197,1,0,0
DEUTNP,2000,7,m,58.1918367019735,2295.80816329803,2153,2094,1629,8230,0.000463957980428255,0.00427537202584441,0.0327981248114404,0.0820515938756463,0.23704004181025,0.010822596213195,1,0,0
DEUTNP,2000,7,f,41.4506202240676,1148.54937977593,1402,2924,4400,9916,0.000347802302077351,0.00219000086586003,0.0173464648464268,0.0528913032964593,0.18823976949042,0.01234698156306,1,0,0
DEUTNP,2000,7,b,99.6424569260411,3444.35754307396,3555,5018,6029,18146,0.000407363198499464,0.00324499790612306,0.0242716157397695,0.0621011023697731,0.19932752403126,0.0116055870733037,1,0,0
DEUTNP,2000,8,m,55.1110924059867,2201.88890759401,2109,2071,1581,8018,0.000439395499111465,0.00410047075798401,0.0321278426508722,0.0811503586038507,0.230055436526707,0.0105438124468283,1,0,0
DEUTNP,2000,8,f,46.5679807455574,1079.43201925444,1308,2762,4218,9414,0.00039074085788937,0.00205821107775571,0.0161834351063668,0.0499609369715529,0.180453488116043,0.0117219125085364,1,0,0
DEUTNP,2000,8,b,101.679073151544,3281.32092684845,3417,4833,5799,17432,0.000415689393229413,0.00309139785976986,0.0233294264367911,0.0598116037770254,0.191723388929719,0.0111489360664515,1,0,0
DEUTNP,2000,9,m,53.0572628753288,2245.94273712467,2169,1926,1458,7852,0.000423020511566938,0.00418251006484671,0.0330418637789198,0.0754686579773136,0.212157385487627,0.0103255194976922,1,0,0
DEUTNP,2000,9,f,44.0093004848125,1095.99069951519,1358,2729,4142,9369,0.00036927157998336,0.00208978440385476,0.0168020679468242,0.0493640104979608,0.177202073915754,0.0116658804219755,1,0,0
DEUTNP,2000,9,b,97.0665633601413,3341.93343663986,3527,4655,5600,17221,0.000396832303594113,0.00314850211358157,0.0240804468956869,0.05760873486076,0.185144158994038,0.0110139873795527,1,0,0
DEUTNP,2000,10,m,58.5341416237499,2251.46585837625,2042,1963,1520,7835,0.000466687145019009,0.00419279550527324,0.0311071857245524,0.0769184712406369,0.221179167312204,0.0103031641956722,1,0,0
DEUTNP,2000,10,f,47.5914528498554,1106.40854715014,1334,2643,3942,9073,0.000399328569051773,0.00210964867416189,0.0165051241834047,0.0478083839304179,0.168645720757099,0.0112973138081528,1,0,0
DEUTNP,2000,10,b,106.125594473605,3357.87440552639,3376,4606,5462,16908,0.000433867880631579,0.00316352041815984,0.0230495006293845,0.0570023271253836,0.180581677933114,0.0108138028345321,1,0,0
DEUTNP,2000,11,m,54.0841776406578,2087.91582235934,1959,1863,1467,7431,0.000431208005339202,0.00388822421748409,0.0298427898307533,0.0730000570154389,0.213466998978292,0.0097718970182566,1,0,0
DEUTNP,2000,11,f,43.4975644326635,1049.50243556734,1268,2571,3864,8796,0.000364977724402158,0.00200114273107097,0.0156885288340008,0.0465059988971262,0.165308743025223,0.0109524051864336,1,0,0
DEUTNP,2000,11,b,97.5817420733213,3137.41825792668,3227,4434,5331,16227,0.000398938482575183,0.00295582428661522,0.0220322092805165,0.0548737122175316,0.176250627070932,0.010378257546484,1,0,0
DEUTNP,2000,12,m,57.1649219366446,2178.83507806336,2106,1897,1404,7643,0.000455770486655992,0.00405753873106658,0.0320821415944698,0.0743323178520062,0.204299704543641,0.0100506807846232,1,0,0
DEUTNP,2000,12,f,46.5679807455574,1001.43201925444,1234,2574,3841,8697,0.00039074085788937,0.00190948428329224,0.0152678585024898,0.04656026494018,0.164324762411978,0.0108291345959997,1,0,0
DEUTNP,2000,12,b,103.732902682202,3180.2670973178,3340,4471,5245,16340,0.000424085960241028,0.00299619303241618,0.022803712115564,0.0553316119360812,0.173407341772095,0.0104505286442071,1,0,0
DEUTNP,2000,13,m,52.7149579535525,2208.28504204645,2009,1917,1419,7606,0.000420291346976184,0.00411238196848872,0.0306044741041262,0.0751160006970458,0.206482393694748,0.0100020251272857,1,0,0
DEUTNP,2000,13,f,45.0327725891105,1102.96722741089,1272,2535,3677,8632,0.000377859291145764,0.00210308692475749,0.0157380194612374,0.0458548063804803,0.15730855282188,0.0107481993598562,1,0,0
DEUTNP,2000,13,b,97.747730542663,3311.25226945734,3281,4452,5096,16238,0.000399617084808318,0.00311959677433626,0.0224008920512472,0.055096474242772,0.168481184684575,0.0103852927860854,1,0,0
DEUTNP,2000,14,m,51.3457382664472,2106.65426173355,1958,1815,1391,7322,0.000409374688613166,0.00392311990292907,0.0298275561452858,0.0711192181873438,0.202408040612681,0.00962856008177565,1,0,0
DEUTNP,2000,14,f,48.6149249541534,1054.38507504585,1261,2518,3711,8593,0.000407916280214177,0.00201045272232943,0.0156019202363368,0.0455472988031753,0.158763132858852,0.0106996382181701,1,0,0
DEUTNP,2000,14,b,99.9606632206006,3161.0393367794,3219,4333,5102,15915,0.000408664105140401,0.00297807817589903,0.0219775896107786,0.0536237697425721,0.168679553426354,0.0101787125686999,1,0,0
DEUTNP,2000,15,m,64.0110203721709,2182.98897962783,1997,1798,1366,7408,0.00051035377847108,0.00406527434017834,0.0304216698785167,0.0704530877690601,0.198770225360836,0.00974165160964135,1,0,0
DEUTNP,2000,15,f,43.4975644326635,1068.50243556734,1297,2515,3665,8589,0.000364977724402158,0.00203737105279925,0.0160473358814661,0.0454930327601215,0.156795171632361,0.0106946575882536,1,0,0
DEUTNP,2000,15,b,107.508584804834,3251.49141519517,3294,4313,5031,15997,0.000439521889797988,0.00306329488217677,0.0224896490145712,0.0533762563811939,0.166332189981966,0.0102311570820919,1,0,0
DEUTNP,2000,16,m,56.8226170148683,2255.17738298513,1970,1911,1345,7538,0.000453041322065237,0.00419970729726864,0.0300103603708953,0.0748808958435339,0.195714460549286,0.00991260391920579,1,0,0
DEUTNP,2000,16,f,41.4506202240676,981.549379775932,1253,2553,3715,8544,0.000347802302077351,0.00187157298540619,0.0155029389818636,0.0461804026388032,0.158934259922025,0.0106386255016927,1,0,0
DEUTNP,2000,16,b,98.2732372389359,3236.72676276106,3223,4464,5060,16082,0.000401765487158388,0.00304938480877872,0.0220048994456476,0.0552449822595988,0.167290972233899,0.0102855202971933,1,0,0
DEUTNP,2000,17,m,63.3264105286183,2034.67358947138,1965,1804,1373,7240,0.000504895449289571,0.00378907379336691,0.029934191943558,0.070688192622572,0.199788813631353,0.00952072862497346,1,0,0
DEUTNP,2000,17,f,48.6149249541534,1012.38507504585,1221,2436,3660,8378,0.000407916280214177,0.00193036906377218,0.0151070139639708,0.0440640269597041,0.156581262803395,0.010431929360157,1,0,0
DEUTNP,2000,17,b,111.941335482772,3047.05866451723,3186,4240,5033,15618,0.000457644079374822,0.00287069471230566,0.0217522834731099,0.0524728326121638,0.166398312895892,0.00998876109946307,1,0,0
DEUTNP,2000,18,m,64.6956302157235,2184.30436978428,1836,1760,1266,7111,0.000515812107652589,0.00406772392737289,0.0279690465182557,0.0689640903634849,0.184218964353454,0.0093510913331749,1,0,0
DEUTNP,2000,18,f,46.0562446934084,941.943755306592,1146,2432,3465,8031,0.000386447002308168,0.0017960548114312,0.0141790647032847,0.0439916722356324,0.148238818473706,0.00999985971489864,1,0,0
DEUTNP,2000,18,b,110.751874909132,3126.24812509087,2982,4192,4731,15142,0.000452781268092212,0.00294530068178906,0.020359481894794,0.0518788005448563,0.156413752892999,0.00968432709489498,1,0,0
DEUTNP,2000,19,m,57.5072268584209,2129.49277314158,1938,1751,1265,7141,0.000458499651246746,0.00396565095336559,0.0295228824359366,0.0686114330832171,0.18407345174338,0.00939054186615131,1,0,0
DEUTNP,2000,19,f,42.4740923283656,1031.52590767163,1214,2409,3546,8243,0.000356390013239755,0.00196686591864135,0.0150204053663068,0.0435756325722197,0.151704141502961,0.0102638331004743,1,0,0
DEUTNP,2000,19,b,99.9813191867865,3161.01868081321,3152,4160,4811,15384,0.0004087485518784,0.0029780587155015,0.0215201498767239,0.0514827791666512,0.159058669450057,0.00983910236612498,1,0,0
DEUTNP,2000,20,m,58.8764465455262,2235.12355345447,1937,1671,1264,7166,0.000469416309609764,0.0041623620246291,0.0295076487504692,0.0654767017030587,0.183927939133306,0.00942341731029832,1,0,0
DEUTNP,2000,20,f,45.5445086412595,1003.45549135874,1260,2376,3460,8145,0.000382153146726966,0.00191334254636607,0.0155895475795276,0.0429787060986277,0.148024909644739,0.0101418076675195,1,0,0
DEUTNP,2000,20,b,104.420955186786,3238.57904481321,3197,4047,4724,15311,0.0004268988903679,0.00305112988062611,0.0218273855189994,0.0500843286748648,0.156182322694257,0.00979241395786138,1,0,0
DEUTNP,2000,21,m,53.3995677971051,2044.60043220289,1891,1712,1199,6900,0.000425749676157693,0.003807560070399,0.028806899218966,0.0670832515353899,0.174469619478508,0.00907362258457415,1,0,0
DEUTNP,2000,21,f,40.9388841719186,944.061115828081,1179,2360,3246,7770,0.000343508446496149,0.00180009209659896,0.0145873623779866,0.0426892872023406,0.138869611764978,0.00967487361284553,1,0,0
DEUTNP,2000,21,b,94.3384519690237,2988.66154803097,3070,4072,4445,14670,0.000385679104280959,0.00281567762469158,0.0209602982619106,0.0503937203765875,0.146958176201518,0.00938245135927284,1,0,0
DEUTNP,2000,22,m,62.6418006850656,2159.35819931493,1926,1668,1275,7091,0.000499437120108063,0.00402126788584398,0.0293400782103271,0.0653591492763027,0.185528577844118,0.00932479097785729,1,0,0
DEUTNP,2000,22,f,47.0797167977064,1045.92028320229,1162,2406,3519,8180,0.000395034713470571,0.00199431244852568,0.014377027212231,0.0435213665291659,0.150549033826542,0.0101853881792891,1,0,0
DEUTNP,2000,22,b,109.721517482772,3205.27848251722,3088,4074,4794,15271,0.000448568910130072,0.0030197567570256,0.0210831925188209,0.0504184717127253,0.158496624681682,0.00976683126840188,1,0,0
DEUTNP,2000,23,m,56.8226170148683,2133.17738298513,1986,1818,1241,7235,0.000453041322065237,0.00397251262330088,0.0302540993383747,0.0712367706140997,0.180581149101609,0.00951415353614406,1,0,0
DEUTNP,2000,23,f,41.4506202240676,1031.54937977593,1217,2333,3434,8057,0.000347802302077351,0.00196691067416483,0.0150575233367342,0.0422008928148562,0.146912583734114,0.010032233809356,1,0,0
DEUTNP,2000,23,b,98.2732372389359,3164.72676276106,3203,4151,4675,15292,0.000401765487158388,0.00298155217342683,0.0218683502713029,0.0513713981540311,0.154562311303059,0.00978026218036812,1,0,0
DEUTNP,2000,24,m,68.460984355263,2077.53901564474,1915,1650,1219,6930,0.000545832918150888,0.00386889999438285,0.0291725076701851,0.0646538347157671,0.177379871679985,0.00911307311755056,1,0,0
DEUTNP,2000,24,f,36.8449957547268,955.155004245273,1179,2314,3280,7765,0.000309157601846534,0.00182124541021978,0.0145873623779866,0.0418572078755153,0.140324191801949,0.00966864782544987,1,0,0
DEUTNP,2000,24,b,105.30598010999,3032.69401989001,3094,3964,4499,14695,0.000430517092834904,0.00285716149423681,0.0211241572711243,0.0490571482251456,0.148743494877532,0.00939844054018503,1,0,0
DEUTNP,2000,25,m,61.2725809979604,2215.72741900204,1947,1891,1311,7426,0.000488520461745045,0.00412624154558685,0.0296599856051438,0.0740972129984943,0.190767031806776,0.0097653219294272,1,0,0
DEUTNP,2000,25,f,35.3097875982798,1074.69021240172,1235,2485,3693,8523,0.000296276035102929,0.00204916961963814,0.0152802311592989,0.0449503723295832,0.157993061074573,0.0106124771946309,1,0,0
DEUTNP,2000,25,b,96.5823685962402,3290.41763140376,3182,4376,5004,15949,0.000394852794720041,0.00309996804647825,0.0217249736382409,0.0541559234695351,0.165439530643959,0.0102004578547405,1,0,0
DEUTNP,2000,26,m,54.7687874842104,2022.23121251579,1860,1650,1210,6797,0.00043666633452071,0.00376590295913896,0.0283346549694748,0.0646538347157671,0.17607025818932,0.00893817575468848,1,0,0
DEUTNP,2000,26,f,43.4975644326635,949.502435567337,1128,2387,3244,7752,0.000364977724402158,0.0018104673535537,0.01395635688072,0.043177681589825,0.138784048233391,0.00965246077822117,1,0,0
DEUTNP,2000,26,b,98.2663519168739,2971.73364808313,2988,4037,4454,14549,0.000401737338245721,0.00279972951268553,0.0204004466470974,0.0499605719941757,0.147255729314187,0.00930506372365784,1,0,0
DEUTNP,2000,27,m,57.8495317801972,2058.1504682198,1799,1745,1230,6890,0.0004612288158375,0.00383279364429337,0.0274054001559597,0.0683763282297052,0.178980510390797,0.00906047240691535,1,0,0
DEUTNP,2000,27,f,38.3802039111737,997.619796088826,1110,2278,3328,7752,0.00032203916859014,0.0019022153123794,0.0137336490581553,0.0412060153588695,0.142377716560027,0.00965246077822117,1,0,0
DEUTNP,2000,27,b,96.2297356913709,3055.77026430863,2909,4023,4558,14642,0.000393411143515772,0.00287890208413874,0.0198610774084358,0.049787312641211,0.150694120838362,0.00936454347665119,1,0,0
DEUTNP,2000,28,m,53.3995677971051,2009.60043220289,1850,1667,1159,6739,0.000425749676157693,0.00374238127049022,0.0281823181148002,0.0653199651340508,0.168649115075556,0.00886190472426742,1,0,0
DEUTNP,2000,28,f,41.9623562762166,1011.03764372378,1126,2277,3247,7703,0.000352096157658553,0.00192779984401205,0.0139316115671017,0.0411879266778515,0.138912393530771,0.00959144806174377,1,0,0
DEUTNP,2000,28,b,95.3619240733217,3020.63807592667,2976,3944,4406,14442,0.000389863313330433,0.00284580334908836,0.0203185171424906,0.0488096348637674,0.145668779379952,0.00923663002935367,1,0,0
DEUTNP,2000,29,m,59.5610563890788,2137.43894361092,1920,1604,1231,6952,0.000474874638791273,0.00398044872065309,0.0292486760975223,0.062851364172176,0.17912602300087,0.00914200350839993,1,0,0
DEUTNP,2000,29,f,40.9388841719186,949.061115828081,1121,2384,3290,7785,0.000343508446496149,0.00180962586547482,0.0138697482830559,0.0431234155467712,0.140752009459882,0.00969355097503249,1,0,0
DEUTNP,2000,29,b,100.499940560997,3086.500059439,3041,3988,4521,14737,0.000410868805315803,0.00290785323674314,0.0207623019591108,0.0493541642587993,0.149470846930723,0.00942530236411751,1,0,0
DEUTNP,2000,30,m,55.1110924059867,2050.88890759401,1918,1717,1248,6989,0.000439395499111465,0.00381927079266326,0.0292182087265874,0.0672791722466498,0.181599737372125,0.0091906591657375,1,0,0
DEUTNP,2000,30,f,38.8919399633227,993.108060036677,1192,2329,3394,7947,0.000326333024171342,0.00189361254262938,0.0147482069165055,0.0421285380907844,0.145201313102383,0.00989526648665166,1,0,0
DEUTNP,2000,30,b,94.0030323693094,3043.99696763069,3110,4046,4642,14936,0.000384307825358356,0.00286781022663257,0.0212333966106,0.0500719530067959,0.153471283223273,0.00955257624417854,1,0,0
DEUTNP,2000,31,m,55.1110924059867,2094.88890759401,1905,1744,1206,7005,0.000439395499111465,0.00390120985540573,0.0290201708155105,0.0683371440874532,0.175488207749025,0.00921169944999159,1,0,0
DEUTNP,2000,31,f,33.7745794418329,923.225420558167,1175,2384,3439,7955,0.000283394468359323,0.0017603635559847,0.01453787175075,0.0431234155467712,0.14712649256308,0.00990522774648471,1,0,0
DEUTNP,2000,31,b,88.8856718478196,3018.11432815218,3080,4128,4645,14960,0.000363386780110985,0.00284342567599798,0.021028572849083,0.0510867577884462,0.153570467594162,0.00956792585785424,1,0,0
DEUTNP,2000,32,m,60.5879711544078,2068.41202884559,1858,1697,1208,6892,0.000483062132563536,0.00385190325020137,0.0283041875985399,0.0664954894016102,0.175779232969173,0.00906310244244711,1,0,0
DEUTNP,2000,32,f,35.3097875982798,969.69021240172,1191,2320,3327,7843,0.000296276035102929,0.00184896047324501,0.0147358342596964,0.041965739961623,0.142334934794233,0.00976577010882207,1,0,0
DEUTNP,2000,32,b,95.8977587526876,3038.10224124731,3049,4017,4535,14735,0.000392053939049502,0.00286225668739281,0.0208169216288487,0.0497130586327976,0.149933707328208,0.00942402322964453,1,0,0
DEUTNP,2000,33,m,51.6880431882236,2115.31195681178,1909,1794,1313,7183,0.00041210385320392,0.00393924270793407,0.0290811055573803,0.0702963512000522,0.191058057026924,0.00944577261231828,1,0,0
DEUTNP,2000,33,f,38.8919399633227,1041.10806003668,1211,2501,3528,8320,0.000326333024171342,0.00198513672383767,0.0149832873958793,0.0452397912258703,0.150934069718682,0.0103597102263674,1,0,0
DEUTNP,2000,33,b,90.5799831515463,3156.42001684846,3120,4295,4841,15503,0.000370313547005665,0.00297372622250391,0.0213016711977724,0.0531534943559536,0.160050513158954,0.009915210867267,1,0,0
DEUTNP,2000,34,m,54.4264825624341,1990.57351743757,1783,1611,1133,6572,0.000433937169929956,0.00370694837133676,0.0271616611884804,0.0631256531679399,0.164865787213636,0.00864229675736541,1,0,0
DEUTNP,2000,34,f,47.5914528498554,990.408547150145,1161,2190,3207,7596,0.000399328569051773,0.00188846523624186,0.0143646545554219,0.0396142114292907,0.13720112289904,0.00945821621147679,1,0,0
DEUTNP,2000,34,b,102.01793541229,2980.98206458771,2944,3801,4340,14168,0.00041707474660835,0.00280844263024578,0.0201000384635391,0.0470399143299138,0.14348672322038,0.00906138860655607,1,0,0
DEUTNP,2000,35,m,58.1918367019735,2054.80816329803,1792,1697,1203,6805,0.000463957980428255,0.00382656943218678,0.0272987643576875,0.0664954894016102,0.175051669918804,0.00894869589681552,1,0,0
DEUTNP,2000,35,f,44.5210365369615,990.478963463039,1145,2247,3240,7667,0.000373565435564562,0.0018885995028123,0.0141666920464755,0.0406452662473133,0.138612921170218,0.00954662239249507,1,0,0
DEUTNP,2000,35,b,102.712873238935,3045.28712676107,2937,3944,4443,14472,0.000419915825647887,0.00286902571126919,0.0200522462525184,0.0488096348637674,0.146892053287592,0.0092558170464483,1,0,0
DEUTNP,2000,36,m,60.2456662326314,2137.75433376737,1791,1731,1262,6982,0.000480332967972781,0.00398103605642167,0.0272835306722201,0.0678277502381775,0.183636913913159,0.00918145404137634,1,0,0
DEUTNP,2000,36,f,37.3567318068757,1038.64326819312,1117,2390,3251,7834,0.000313451457427736,0.00198043697268496,0.0138202576558193,0.0432319476328788,0.139083520593944,0.00975456369150989,1,0,0
DEUTNP,2000,36,b,97.6023980395071,3176.39760196049,2908,4121,4513,14816,0.000399022929313181,0.00299254750369996,0.0198542499497186,0.0510001281119639,0.149206355275017,0.00947582817580003,1,0,0
DEUTNP,2000,37,m,55.7957022495393,2002.20429775046,1922,1748,1270,6998,0.000444853828292974,0.00372860780855954,0.0292791434684573,0.0684938806564611,0.184801014793749,0.00920249432563043,1,0,0
DEUTNP,2000,37,f,44.5210365369615,986.478963463039,1174,2331,3425,7961,0.000373565435564562,0.00188097248771161,0.0145254990939408,0.0421647154528203,0.146527547841974,0.00991269869135949,1,0,0
DEUTNP,2000,37,b,100.316738786501,2988.6832612135,3096,4079,4695,14959,0.000410119830801003,0.0028156980811137,0.0211378121885587,0.0504803500530698,0.155223540442323,0.00956728629061775,1,0,0
DEUTNP,2000,38,m,63.3264105286183,2021.67358947138,1878,1734,1264,6961,0.000504895449289571,0.00376486452482936,0.028608861307889,0.0679453026649334,0.183927939133306,0.00915383866829285,1,0,0
DEUTNP,2000,38,f,42.4740923283656,969.525907671634,1181,2334,3287,7814,0.000356390013239755,0.00184864718458064,0.0146121076916049,0.0422189814958742,0.140623664162502,0.00972966054192728,1,0,0
DEUTNP,2000,38,b,105.800502856984,2991.19949714301,3059,4068,4551,14775,0.000432538825077976,0.00281806867714517,0.0208851962160211,0.0503442177043118,0.150462690639619,0.00944960591910404,1,0,0
DEUTNP,2000,39,m,59.2187514673025,2022.7812485327,1858,1750,1350,7040,0.000472145474200518,0.00376692726449578,0.0283041875985399,0.0685722489409651,0.196442023599655,0.0092577250717974,1,0,0
DEUTNP,2000,39,f,38.8919399633227,975.108060036677,1194,2398,3416,8022,0.000326333024171342,0.00185929097467627,0.0147729522301238,0.0433766570810224,0.146142511949835,0.00998865329758646,1,0,0
DEUTNP,2000,39,b,98.1106914306252,2997.88930856938,3052,4148,4766,15062,0.000401100959381586,0.0028243712818543,0.0208374040050004,0.0513342711498244,0.157570903886712,0.00963316171597597,1,0,0
DEUTNP,2000,40,m,57.5072268584209,2023.49277314158,1881,1723,1233,6918,0.000458499651246746,0.00376825230221328,0.0286545623642914,0.0675142771001616,0.179417048221018,0.00909729290436,1,0,0
DEUTNP,2000,40,f,40.4271481197696,1017.57285188023,1182,2376,3336,7952,0.000339214590914947,0.00194026087683589,0.014624480348414,0.0429787060986277,0.142719970686373,0.00990149227404731,1,0,0
DEUTNP,2000,40,b,97.9343749781905,3041.06562502181,3063,4099,4569,14870,0.000400380133779451,0.00286504855032313,0.02091250605089,0.0507278634144479,0.151057796864957,0.00951036480657036,1,0,0
DEUTNP,2000,41,m,59.9033613108551,2062.09663868915,1983,1823,1379,7307,0.000477603803382027,0.003840142405877,0.0302083982819723,0.0714326913253596,0.200661889291796,0.00960883481528744,1,0,0
DEUTNP,2000,41,f,47.0797167977064,1024.92028320229,1245,2564,3636,8517,0.000395034713470571,0.00195427061924706,0.0154039577273904,0.0463793781300006,0.155554500424356,0.0106050062497562,1,0,0
DEUTNP,2000,41,b,106.983078108562,3087.01692189144,3228,4387,5015,15824,0.000437373487447918,0.00290834018316346,0.0220390367392337,0.054292055818293,0.165803206670554,0.0101205119501795,1,0,0
DEUTNP,2000,42,m,61.957190841513,2064.04280915849,1980,1800,1320,7226,0.000493978790926554,0.00384376666460871,0.0301626972255699,0.0705314560535641,0.19207664529744,0.00950231837625114,1,0,0
DEUTNP,2000,42,f,41.4506202240676,1013.54937977593,1197,2592,3553,8397,0.000347802302077351,0.00193258910621172,0.0148100702005513,0.0468858611985029,0.152003613863514,0.0104555873522605,1,0,0
DEUTNP,2000,42,b,103.407811065581,3077.59218893442,3177,4392,4873,15623,0.000422756904687425,0.00289946095435843,0.0216908363446548,0.0543539341586376,0.161108479781777,0.00999195893564551,1,0,0
DEUTNP,2000,43,m,59.2187514673025,2079.7812485327,1975,1818,1348,7280,0.000472145474200518,0.0038730755957758,0.0300865287982326,0.0712367706140997,0.196150998379507,0.00957332933560867,1,0,0
DEUTNP,2000,43,f,44.5210365369615,1044.47896346304,1225,2454,3575,8343,0.000373565435564562,0.00199156420667163,0.0151565045912074,0.0443896232180271,0.152944812710966,0.0103883488483874,1,0,0
DEUTNP,2000,43,b,103.739788004264,3124.26021199574,3200,4272,4923,15623,0.000424114109153695,0.00294342782923221,0.0218478678951512,0.0528688539903688,0.162761552629938,0.00999195893564551,1,0,0
DEUTNP,2000,44,m,52.7149579535525,2095.28504204645,1972,1911,1351,7382,0.000420291346976184,0.00390194755735465,0.0300408277418302,0.0748808958435339,0.196587536209729,0.00970746114772847,1,0,0
DEUTNP,2000,44,f,41.4506202240676,1046.54937977593,1178,2518,3593,8377,0.000347802302077351,0.00199551198079242,0.0145749897211774,0.0455472988031753,0.153714884495245,0.0104306842026779,1,0,0
DEUTNP,2000,44,b,94.1655781776201,3141.83442182238,3150,4429,4944,15759,0.000384972353135158,0.00295998484265954,0.0215064949592894,0.0548118338771871,0.163455843226165,0.0100789400798078,1,0,0
DEUTNP,2000,45,m,52.0303481099999,2086.96965189,2022,1923,1448,7532,0.000414833017794675,0.00388646221017835,0.0308025120152032,0.0753511055505577,0.210702259386889,0.00990471381261051,1,0,0
DEUTNP,2000,45,f,40.9388841719186,1022.06111582808,1201,2527,3728,8519,0.000343508446496149,0.00194881889106243,0.0148595608277878,0.0457100969323368,0.159490422877337,0.0106074965647144,1,0,0
DEUTNP,2000,45,b,92.9692322819185,3109.03076771808,3223,4450,5176,16051,0.000380081392939882,0.00292907986617251,0.0220048994456476,0.0550717229066341,0.171126101241633,0.0102656937128622,1,0,0
DEUTNP,2000,46,m,54.7687874842104,2110.23121251579,1970,1897,1401,7433,0.00043666633452071,0.0039297810846239,0.0300103603708953,0.0743323178520062,0.20386316671342,0.00977452705378836,1,0,0
DEUTNP,2000,46,f,48.1031889020044,1006.896811098,1223,2583,3808,8669,0.000403622424632975,0.00191990429577047,0.0151317592775891,0.0467230630693415,0.1629129641408,0.010794270186584,1,0,0
DEUTNP,2000,46,b,102.871976386215,3117.12802361379,3193,4480,5209,16102,0.000420566278968356,0.00293670845237424,0.0218000756841305,0.0554429929487013,0.172217129321419,0.0102983116419231,1,0,0
DEUTNP,2000,47,m,55.7957022495393,2024.20429775046,1960,1934,1426,7400,0.000444853828292974,0.00376957733993078,0.0298580235162207,0.0757821311153294,0.207500981965265,0.00973113146751431,1,0,0
DEUTNP,2000,47,f,35.3097875982798,993.69021240172,1241,2598,3738,8606,0.000296276035102929,0.00189472256384915,0.0153544671001538,0.0469943932846106,0.15991824053527,0.0107158252653988,1,0,0
DEUTNP,2000,47,b,91.1054898478191,3017.89451015218,3201,4532,5164,16006,0.000372461949355734,0.00284321858107801,0.0218546953538684,0.0560865276882845,0.170729363758074,0.0102369131872203,1,0,0
DEUTNP,2000,48,m,57.8495317801972,2141.1504682198,1921,1826,1403,7349,0.0004612288158375,0.00398736051264848,0.0292639097829898,0.0715502437521156,0.204154191933567,0.00966406556145442,1,0,0
DEUTNP,2000,48,f,38.8919399633227,1005.10806003668,1279,2549,3806,8678,0.000326333024171342,0.00191649358793145,0.0158246280589015,0.0461080479147315,0.162827400609213,0.0108054766038962,1,0,0
DEUTNP,2000,48,b,96.7414717435199,3146.25852825648,3200,4375,5209,16027,0.000395503248040509,0.00296415288152763,0.0218478678951512,0.0541435478014662,0.172217129321419,0.0102503440991865,1,0,0
DEUTNP,2000,49,m,47.5803841269078,2150.41961587309,1959,1863,1425,7445,0.000379353878114867,0.00400462199608331,0.0298427898307533,0.0730000570154389,0.207355469355191,0.00979030726697892,1,0,0
DEUTNP,2000,49,f,36.8449957547268,1012.15500424527,1245,2595,3700,8589,0.000309157601846534,0.00192993037540463,0.0154039577273904,0.0469401272415567,0.158292533435126,0.0106946575882536,1,0,0
DEUTNP,2000,49,b,84.4253798816346,3162.57462011836,3204,4458,5125,16034,0.000345151994883486,0.00297952459693922,0.0218751777300201,0.0551707282511854,0.169439966936508,0.0102548210698419,1,0,0
DEUTNP,2000,50,m,54.4264825624341,2093.57351743757,2005,1937,1410,7500,0.000433937169929956,0.00389876026821119,0.0305435393622564,0.0758996835420854,0.205172780204084,0.00986263324410234,1,0,0
DEUTNP,2000,50,f,39.9154120676207,1020.08458793238,1305,2656,3726,8747,0.000334920735333745,0.00194505013903556,0.0161463171359393,0.0480435367836511,0.159404859345751,0.0108913924699562,1,0,0
DEUTNP,2000,50,b,94.3418946300548,3113.65810536995,3310,4593,5136,16247,0.000385693178737292,0.00293343937322236,0.022598888354047,0.0568414434404878,0.169803642963104,0.0103910488912138,1,0,0
DEUTNP,2000,51,m,44.8419447526973,2097.1580552473,2035,1904,1430,7511,0.000357520561388832,0.00390543557885879,0.0310005499262802,0.07460660684777,0.20808303240556,0.00987709843952702,1,0,0
DEUTNP,2000,51,f,51.6853412670472,1062.31465873295,1263,2705,3721,8803,0.000433679413701388,0.00202557248596037,0.0156266655499551,0.0489298821535302,0.159190950516784,0.0109611212887875,1,0,0
DEUTNP,2000,51,b,96.5272860197445,3159.47271398025,3298,4609,5151,16314,0.000394627603418711,0.00297660222932864,0.0225169588494402,0.0570394541295903,0.170299564817552,0.0104338998960584,1,0,0
DEUTNP,2000,52,m,49.6342136575657,2235.36578634243,2130,2035,1550,8000,0.000395728865659394,0.00416281312317012,0.0324477500456889,0.0797397294827794,0.225544545614419,0.0105201421270425,1,0,0
DEUTNP,2000,52,f,39.4036760154717,1043.59632398453,1289,2740,4171,9283,0.000330626879752544,0.00198988123051386,0.015948354626993,0.0495629859891582,0.178442745123759,0.0115587968787703,1,0,0
DEUTNP,2000,52,b,89.0378896730374,3278.96211032696,3419,4775,5721,17283,0.000364009084518787,0.00308917557170091,0.0233430813542256,0.0590938150290288,0.189144595286588,0.0110536405482149,1,0,0
DEUTNP,2001,1,m,59.9691782714921,2186.03082172851,2106,2016,1534,7902,0.000483046471212868,0.00408527987536359,0.0308137020490251,0.0742599413360725,0.232782079305126,0.0103791884496204,1,0,0
DEUTNP,2001,1,f,50.1601698852593,1095.83983011474,1329,2809,4218,9502,0.000425306327024705,0.00209338803852066,0.0162011574100946,0.048973282191962,0.18584908441898,0.0118257560626069,1,0,0
DEUTNP,2001,1,b,110.129348156751,3281.87065184325,3435,4825,5752,17404,0.00045491684452358,0.00310026902232332,0.0228425290510619,0.0570967497267113,0.196409928862142,0.0111219633729696,1,0,0
DEUTNP,2001,2,m,59.2552594825458,2166.74474051745,1966,2004,1405,7601,0.000477295917984143,0.00404923782203891,0.0287653078007518,0.0738179178757388,0.213206532870732,0.00998382832264801,1,0,0
DEUTNP,2001,2,f,47.0251592674306,1015.97484073257,1261,2649,3921,8894,0.000398724681585661,0.00194082156952152,0.0153722042845217,0.0461837751963358,0.172762982457757,0.0110690669775653,1,0,0
DEUTNP,2001,2,b,106.280418749976,3182.71958125002,3227,4653,5326,16495,0.000439017877991681,0.00300660445558674,0.0214593424302116,0.0550613837260907,0.181863574603576,0.010541070204386,1,0,0
DEUTNP,2001,3,m,53.9008685654483,2125.09913143455,1975,1956,1504,7614,0.000434166768768708,0.0039714100224523,0.0288969902881408,0.0720498240344037,0.228229626645965,0.0100009036769691,1,0,0
DEUTNP,2001,3,f,42.8451451103257,1067.15485488967,1323,2659,3891,8983,0.000363282487666935,0.00203859099394241,0.0161280144872499,0.0463581193835624,0.171441153976826,0.011179832320606,1,0,0
DEUTNP,2001,3,b,96.746013675774,3192.25398632422,3298,4615,5395,16597,0.000399633630800894,0.00301561127634039,0.0219314878632903,0.0546117098422327,0.184219674237005,0.0106062529361743,1,0,0
DEUTNP,2001,4,m,51.4021528041361,2192.59784719586,2084,1946,1583,7857,0.000414039832468172,0.00409755240908824,0.0304918115242964,0.0716814711507922,0.240217751981757,0.0103200814538936,1,0,0
DEUTNP,2001,4,f,44.9351521888782,1078.06484781112,1381,2756,4034,9294,0.000381003584626298,0.0020594324053006,0.0168350627414151,0.0480492579996608,0.177741869735933,0.0115668887440401,1,0,0
DEUTNP,2001,4,b,96.3373049930143,3270.66269500698,3465,4702,5617,17151,0.000397945357262529,0.00308968125544606,0.0230420271213769,0.0556412263658024,0.191800168709779,0.0109602846362791,1,0,0
DEUTNP,2001,5,m,57.1135031157068,2226.88649688429,2121,1996,1434,7835,0.000460044258297969,0.00416163143722142,0.0310331728613401,0.0735232355688496,0.217607237107921,0.0102911847004272,1,0,0
DEUTNP,2001,5,f,42.3226433406876,1020.67735665931,1220,2664,3966,8913,0.000358852213427095,0.00194980480805828,0.0148723943117497,0.0464452914771758,0.174745725179154,0.0110927135114729,1,0,0
DEUTNP,2001,5,b,99.4361464563944,3247.5638535436,3341,4660,5400,16748,0.000410745897752364,0.00306786058356789,0.0222174350974084,0.0551442183889067,0.1843904060945,0.0107027489410765,1,0,0
DEUTNP,2001,6,m,48.9034370428239,2101.09656295718,1999,1990,1422,7561,0.000393912896167636,0.00392655374275898,0.0292481435878448,0.0733022238386827,0.215786256044256,0.00993128877089088,1,0,0
DEUTNP,2001,6,f,45.9801557281544,1095.01984427185,1249,2728,4005,9123,0.000389864133105979,0.00209182161566569,0.0152259184388323,0.0475610942754262,0.176464102204366,0.0113540699388721,1,0,0
DEUTNP,2001,6,b,94.8835927709783,3196.11640722903,3248,4718,5427,16684,0.000391940434978301,0.00301925997098826,0.0215989910794321,0.0558305627379532,0.185312358124973,0.0106618499721113,1,0,0
DEUTNP,2001,7,m,45.3338430980923,2083.66615690191,1985,1890,1386,7390,0.000365160130024013,0.00389397959679122,0.0290433041630175,0.069618695002568,0.210323312853263,0.00970668218712916,1,0,0
DEUTNP,2001,7,f,39.710134492497,1045.2898655075,1223,2602,3741,8651,0.000336700842227891,0.00199682220075096,0.0149089657731721,0.0453643575163706,0.164832011572168,0.0107666402544319,1,0,0
DEUTNP,2001,7,b,85.0439775905893,3128.95602240941,3208,4492,5127,16041,0.000351295441031567,0.00295581589208568,0.0213329936523455,0.0531561864813238,0.175068446675278,0.0102509431432892,1,0,0
DEUTNP,2001,8,m,54.6147873543946,2082.38521264561,2035,1878,1346,7396,0.000439917321997433,0.00389158575323709,0.0297748735374008,0.0691766715422342,0.204253375974381,0.00971456311989273,1,0,0
DEUTNP,2001,8,f,38.6651309532207,1027.33486904678,1319,2594,3767,8746,0.00032784029374821,0.00196252268563056,0.0160792525386868,0.0452248821665893,0.165977596255642,0.0108848729239697,1,0,0
DEUTNP,2001,8,b,93.2799183076153,3109.72008169239,3354,4472,5113,16142,0.000385316056111754,0.00293764436814499,0.0223038842612116,0.0529195160161353,0.174590397474293,0.0103154868286874,1,0,0
DEUTNP,2001,9,m,55.6856655378141,2195.31433446219,2038,1972,1516,7777,0.00044854315184052,0.00410262901214913,0.0298187676998638,0.0726391886481821,0.230050607709629,0.0102150023503794,1,0,0
DEUTNP,2001,9,f,49.1151663459831,1094.88483365402,1317,2826,3963,9250,0.000416445778545024,0.00209156370424044,0.0160548715644053,0.0492696673102473,0.174613542331061,0.0115121283497278,1,0,0
DEUTNP,2001,9,b,104.800831883797,3290.19916811621,3355,4798,5479,17027,0.000432906074011849,0.00310813668188159,0.0223105341968887,0.0567772445987069,0.18708796944292,0.0108810428839091,1,0,0
DEUTNP,2001,10,m,60.6830970604384,2096.31690293956,1920,2018,1522,7617,0.000488797024441592,0.00391762145841653,0.0280922639763192,0.0743336119127948,0.230961098241462,0.0100048441433509,1,0,0
DEUTNP,2001,10,f,47.0251592674306,1053.97484073257,1275,2719,3977,9072,0.000398724681585661,0.00201341315022311,0.0155428711044926,0.0474041845069222,0.175230395622163,0.0112905976636466,1,0,0
DEUTNP,2001,10,b,107.708256327869,3150.29174367213,3195,4737,5499,16689,0.000444915918580304,0.00297597100565257,0.0212465444885423,0.0560553996798822,0.1877708968729,0.0106650452040617,1,0,0
DEUTNP,2001,11,m,64.2526910051701,2120.74730899483,1993,1988,1434,7600,0.000517549790585215,0.00396327728596137,0.0291603552629188,0.0732285532619604,0.217607237107921,0.00998251483385408,1,0,0
DEUTNP,2001,11,f,36.5751238746683,1058.42487612533,1197,2714,3921,8927,0.000310119196788847,0.00202191407399518,0.0145920131075118,0.0473170124133089,0.172762982457757,0.0111101372732995,1,0,0
DEUTNP,2001,11,b,100.827814879838,3179.17218512016,3190,4702,5355,16527,0.000416494532593235,0.00300325335388347,0.0212132948101565,0.0556412263658024,0.182853819377046,0.0105615196888686,1,0,0
DEUTNP,2001,12,m,48.5464776483508,2054.45352235165,1928,1932,1435,7398,0.000391037619553274,0.00383938668490348,0.0282093150762205,0.0711657771137362,0.217758985529893,0.00971719009748059,1,0,0
DEUTNP,2001,12,f,41.8001415710495,1049.19985842895,1323,2689,3820,8923,0.000354421939187254,0.00200429147882201,0.0161280144872499,0.0468811519452423,0.168312826571954,0.0111051590556348,1,0,0
DEUTNP,2001,12,b,90.3466192194003,3103.6533807806,3251,4621,5255,16321,0.000373199329847695,0.0029319133668656,0.0216189408864636,0.0546827109817892,0.179439182227148,0.0104298761325119,1,0,0
DEUTNP,2001,13,m,56.0426249322873,2095.95737506771,1984,1915,1419,7470,0.000451418428454882,0.00391694956853973,0.0290286727755298,0.0705395772115967,0.21533101077834,0.00981176129064342,1,0,0
DEUTNP,2001,13,f,43.3676468799638,1034.63235312004,1200,2622,3859,8759,0.000367712761906776,0.00197646310415746,0.0146285845689342,0.0457130458908239,0.170031203597165,0.0109010521313801,1,0,0
DEUTNP,2001,13,b,99.4102718122511,3130.58972818775,3184,4537,5278,16229,0.00041063901605676,0.00295735919709477,0.0211733951960935,0.0536886950279978,0.180224548771625,0.0103710838646245,1,0,0
DEUTNP,2001,14,m,49.6173558317703,2102.38264416823,2090,1928,1423,7593,0.000399663449396361,0.00392895718631402,0.0305795998492224,0.0710184359602916,0.215938004466228,0.00997332041229658,1,0,0
DEUTNP,2001,14,f,40.2326362621351,1007.76736373786,1238,2612,3877,8775,0.000341131116467732,0.00192514278718949,0.0150918230802838,0.0455387017035973,0.170824300685724,0.0109209650020391,1,0,0
DEUTNP,2001,14,b,89.8499920939054,3110.15000790609,3328,4540,5300,16368,0.000371147887170368,0.00293805050448113,0.0221309859336053,0.0537241955977761,0.180975768944602,0.0104599113128457,1,0,0
DEUTNP,2001,15,m,49.6173558317703,1973.38264416823,1916,1930,1331,7200,0.000399663449396361,0.00368788048296489,0.0280337384263685,0.0710921065370139,0.2019771496448,0.00945711931628281,1,0,0
DEUTNP,2001,15,f,41.8001415710495,994.199858428951,1224,2599,3654,8513,0.000354421939187254,0.00189922471728024,0.0149211562603129,0.0453120542602026,0.160998708977466,0.0105948917449982,1,0,0
DEUTNP,2001,15,b,91.4174974028198,2967.58250259718,3140,4529,4985,15713,0.000377622860289162,0.00280337194240834,0.0208807980262982,0.0535940268419224,0.170219661922423,0.0100413359273427,1,0,0
DEUTNP,2001,16,m,53.1869497765019,2115.8130502235,2046,1911,1363,7489,0.000428416215539984,0.0039540560856663,0.0299358187997651,0.0703922360581521,0.206833099147905,0.00983671757772805,1,0,0
DEUTNP,2001,16,f,36.5751238746683,982.424876125332,1188,2638,3883,8728,0.000310119196788847,0.00187673091259201,0.0144822987232448,0.0459919965903865,0.17108866638191,0.0108624709444783,1,0,0
DEUTNP,2001,16,b,89.7620736511702,3098.23792634883,3234,4549,5246,16217,0.000370784718031406,0.00292679757547778,0.0215058919799517,0.0538306973071108,0.179131864883657,0.0103634153079435,1,0,0
DEUTNP,2001,17,m,52.8299903820288,2091.17000961797,2117,1972,1339,7572,0.000425540938925621,0.00390800288419592,0.0309746473113894,0.0726391886481821,0.203191137020576,0.00994573714762409,1,0,0
DEUTNP,2001,17,f,43.3676468799638,994.632353120036,1218,2662,3805,8723,0.000367712761906776,0.00190005091394527,0.0148480133374682,0.0464104226397304,0.167651912331488,0.0108562481723974,1,0,0
DEUTNP,2001,17,b,96.1976372619926,3085.80236273801,3335,4634,5144,16295,0.000397368424732358,0.00291505013119136,0.0221775354833454,0.0548365467841617,0.175648934990761,0.0104132609263698,1,0,0
DEUTNP,2001,18,m,71.3918788946335,2150.60812110537,2002,1921,1344,7489,0.000575055322872462,0.00401908151962755,0.0292920377503078,0.0707605889417636,0.203949879130436,0.00983671757772805,1,0,0
DEUTNP,2001,18,f,44.41265041924,1021.58734958076,1190,2500,3793,8549,0.000376573310386457,0.00195154317186341,0.0145066796975264,0.0435860468066589,0.167123180939116,0.0106396957039809,1,0,0
DEUTNP,2001,18,b,115.804529313874,3172.19547068613,3192,4421,5137,16038,0.000478359601130321,0.0029966626944907,0.0212265946815108,0.0523160063299048,0.175409910390268,0.010249026004119,1,0,0
DEUTNP,2001,19,m,59.9691782714921,2190.03082172851,1969,1857,1356,7432,0.000483046471212868,0.00409275512197907,0.0288092019632148,0.0684031304866501,0.205770860194101,0.00976184871647415,1,0,0
DEUTNP,2001,19,f,41.8001415710495,1034.19985842895,1220,2568,3574,8438,0.000354421939187254,0.00197563690749244,0.0148723943117497,0.0447715872798001,0.157473833028315,0.0105015501637842,1,0,0
DEUTNP,2001,19,b,101.769319842542,3224.23068015746,3189,4425,4930,15870,0.000420383654556679,0.00304581854647514,0.0212066448744793,0.0523633404229425,0.168341611489979,0.0101416662105854,1,0,0
DEUTNP,2001,20,m,52.4730309875556,2023.52696901244,1926,1868,1215,7085,0.000422665662311259,0.00378159078160916,0.0281800523012452,0.0688083186586228,0.184374332696042,0.00930606810498107,1,0,0
DEUTNP,2001,20,f,51.7276751941737,962.272324805826,1198,2477,3433,8122,0.000438597149744227,0.00183823339797483,0.0146042035946526,0.0431850551760377,0.151261239167937,0.0101082709682691,1,0,0
DEUTNP,2001,20,b,104.200706181729,2985.79929381827,3124,4345,4648,15207,0.000430427104552103,0.00282058071127836,0.0207743990554636,0.0514166585621888,0.158712334727266,0.00971797845396169,1,0,0
DEUTNP,2001,21,m,61.0400564549116,2087.95994354509,2018,1800,1328,7295,0.000491672301055955,0.00390200387530923,0.0295261399501105,0.0663035190500648,0.201521904378884,0.00958190075170599,1,0,0
DEUTNP,2001,21,f,37.0976256443064,973.902374355694,1160,2515,3594,8280,0.000314549471028688,0.00186045033693437,0.014140965083303,0.0438475630874989,0.158355052015603,0.0103049105660266,1,0,0
DEUTNP,2001,21,b,98.137682099218,3061.86231790078,3178,4315,4922,15575,0.000405382265641764,0.00289243480375297,0.0211334955820305,0.0510616528644061,0.168068440517987,0.0099531475255115,1,0,0
DEUTNP,2001,22,m,61.0400564549116,2028.95994354509,1985,1857,1255,7187,0.000491672301055955,0.00379174398773094,0.0290433041630175,0.0684031304866501,0.190444269574924,0.00944004396196175,1,0,0
DEUTNP,2001,22,f,43.3676468799638,1018.63235312004,1191,2589,3402,8244,0.000367712761906776,0.00194589822807258,0.0145188701846672,0.045137710072976,0.149895349737641,0.0102601066070439,1,0,0
DEUTNP,2001,22,b,104.407703334875,3047.59229666513,3176,4446,4657,15431,0.00043128215811694,0.00287895441117262,0.0211201957106762,0.0526118444113904,0.159019652070757,0.00986112484533984,1,0,0
DEUTNP,2001,23,m,48.5464776483508,2072.45352235165,1950,1781,1199,7051,0.000391037619553274,0.00387302529467312,0.0285312056009491,0.065603648571203,0.181946357944489,0.00926140948598751,1,0,0
DEUTNP,2001,23,f,37.0976256443064,926.902374355694,1184,2463,3346,7957,0.000314549471028688,0.00177066601343505,0.0144335367746817,0.0429409733139204,0.147427936573235,0.00990291948959831,1,0,0
DEUTNP,2001,23,b,85.6441032926572,2999.35589670734,3134,4244,4545,15008,0.000353774410491312,0.00283338716236788,0.0208408984122352,0.0502214727129871,0.155195258462871,0.00959080822233557,1,0,0
DEUTNP,2001,24,m,54.9717467488678,2028.02825325113,2033,1817,1205,7138,0.000442792598611795,0.0037900028340518,0.0297456107624254,0.0669297189522043,0.182856848476321,0.00937568301105927,1,0,0
DEUTNP,2001,24,f,46.5026574977925,978.497342502208,1166,2580,3405,8176,0.00039429440734582,0.00186922812643513,0.0142141080061477,0.044980800304472,0.150027532585734,0.0101754769067432,1,0,0
DEUTNP,2001,24,b,101.47440424666,3006.52559575334,3199,4397,4610,15314,0.00041916543185288,0.00284016012760927,0.021273144231251,0.0520320017716787,0.157414772610305,0.00978635641770036,1,0,0
DEUTNP,2001,25,m,66.7514067664823,2101.24859323352,1857,1754,1180,6959,0.000537676726885752,0.00392683785871115,0.0271704865645962,0.064609095785452,0.17906313792702,0.00914056851694612,1,0,0
DEUTNP,2001,25,f,36.5751238746683,944.424876125332,1163,2458,3298,7900,0.000310119196788847,0.00180413933189042,0.0141775365447254,0.0428538012203071,0.145313011003745,0.00983197988787567,1,0,0
DEUTNP,2001,25,b,103.326530641151,3045.67346935885,3020,4212,4478,14859,0.000426816103623325,0.002877141761776,0.0200828057450384,0.0498427999686856,0.152907451572439,0.00949559031021351,1,0,0
DEUTNP,2001,26,m,60.3261376659653,2217.67386233403,1990,1957,1284,7509,0.00048592174782723,0.00414441475841106,0.0291164611004558,0.0720866593227649,0.194844973812113,0.00986298735360661,1,0,0
DEUTNP,2001,26,f,40.7551380317732,953.244861968227,1206,2551,3529,8280,0.000345561390707573,0.00182098819278783,0.0147017274917788,0.0444752021615148,0.155491090306918,0.0103049105660266,1,0,0
DEUTNP,2001,26,b,101.081275697739,3170.91872430226,3196,4508,4813,15789,0.000417541515957972,0.00299545659660227,0.0212531944242195,0.0533455228534745,0.164346486024598,0.0100899034529888,1,0,0
DEUTNP,2001,27,m,58.8983000880726,2213.10169991193,2007,1911,1211,7401,0.000474420641369781,0.00413587024799324,0.0293651946877461,0.0703922360581521,0.183767339008154,0.00972113056386237,1,0,0
DEUTNP,2001,27,f,38.1426291835826,998.857370816417,1179,2607,3661,8484,0.000323410019508369,0.00190812198534191,0.0143725843389778,0.0454515296099839,0.161307135623017,0.0105587996669288,1,0,0
DEUTNP,2001,27,b,97.0409292716552,3211.95907072835,3186,4518,4872,15885,0.000400851853504692,0.0030342259839999,0.0211866950674478,0.0534638580860688,0.166361121943038,0.0101512519064366,1,0,0
DEUTNP,2001,28,m,63.8957316106969,2022.1042683893,1984,1799,1210,7079,0.000514674513970853,0.00377893202210467,0.0290286727755298,0.0662666837617036,0.183615590586182,0.0092981871722175,1,0,0
DEUTNP,2001,28,f,43.8901486496019,948.109851350398,1129,2398,3481,8000,0.000372143036146617,0.00181117875758605,0.0137630599819389,0.0418077360969472,0.153376164737427,0.00995643532949434,1,0,0
DEUTNP,2001,28,b,107.785880260299,2970.2141197397,3113,4197,4691,15079,0.000445236563667118,0.00280585793956395,0.0207012497630148,0.0496652971197943,0.160180628701722,0.00963618051603132,1,0,0
DEUTNP,2001,29,m,52.1160715930824,2014.88392840692,1978,1829,1167,7041,0.000419790385696897,0.00376543856660069,0.0289408844506038,0.067371742412538,0.177090408441383,0.00924827459804823,1,0,0
DEUTNP,2001,29,f,39.1876327228589,983.812367277141,1233,2414,3317,7987,0.000332270567988051,0.00187938144353725,0.0150308706445799,0.0420866867965099,0.146150169041668,0.00994025612208392,1,0,0
DEUTNP,2001,29,b,91.3037043159413,2998.69629568406,3211,4243,4484,15028,0.000377152809454595,0.00283276406022994,0.021352943459377,0.0502096391897277,0.153112329801433,0.0096035891501372,1,0,0
DEUTNP,2001,30,m,61.3970158493848,2176.60298415062,1962,1914,1302,7416,0.000494547577670317,0.00406766102262724,0.0287067822508011,0.0705027419232355,0.19757644540761,0.0097408328957713,1,0,0
DEUTNP,2001,30,f,43.3676468799638,1025.63235312004,1233,2594,3473,8369,0.000367712761906776,0.00195927036135972,0.0150308706445799,0.0452248821665893,0.153023677142512,0.0104156759090673,1,0,0
DEUTNP,2001,30,b,104.764662729349,3202.23533727066,3195,4508,4775,15785,0.000432756668264096,0.00302504031130946,0.0212465444885423,0.0533455228534745,0.163048923907637,0.0100873472674285,1,0,0
DEUTNP,2001,31,m,73.1766758669993,2084.823324133,1857,1836,1253,7104,0.000589431705944273,0.00389614212439817,0.0271704865645962,0.0676295894310661,0.19014077273098,0.00933102439206571,1,0,0
DEUTNP,2001,31,f,50.6826716548975,1051.3173283451,1145,2507,3666,8420,0.000429736601264545,0.00200833649167205,0.0139581077761914,0.0437080877377176,0.161527440369839,0.0104791481842928,1,0,0
DEUTNP,2001,31,b,123.859347521897,3136.1406524781,3002,4343,4919,15524,0.000511632044341276,0.00296260296214474,0.0199631069028495,0.0513929915156699,0.16796600140349,0.00992055615961737,1,0,0
DEUTNP,2001,32,m,48.9034370428239,1973.09656295718,1776,1729,1086,6613,0.000393912896167636,0.00368734585106372,0.0259853441780952,0.0636882135764233,0.164798786261647,0.00868610139424698,1,0,0
DEUTNP,2001,32,f,32.3951097175633,1026.60489028244,1076,2321,3279,7735,0.000274677002870122,0.00196112820372576,0.0131169641634776,0.0404652858553022,0.144475852965821,0.00962662840920485,1,0,0
DEUTNP,2001,32,b,81.2985467603872,2999.70145323962,2852,4050,4365,14348,0.000335824001282085,0.00283371359760135,0.0189656165512747,0.0479257692006593,0.149048911593054,0.00916903760488212,1,0,0
DEUTNP,2001,33,m,58.8983000880726,2095.10169991193,1895,1932,1221,7202,0.000474420641369781,0.00391535047283667,0.0277264792891275,0.0711657771137362,0.185284823227874,0.00945974629387067,1,0,0
DEUTNP,2001,33,f,49.1151663459831,1011.88483365402,1208,2624,3493,8386,0.000416445778545024,0.00193300840955014,0.0147261084660604,0.0457479147282692,0.1539048961298,0.0104368333341424,1,0,0
DEUTNP,2001,33,b,108.013466434056,3106.98653356595,3103,4556,4714,15588,0.000446176665336251,0.00293506208033524,0.0206347504062431,0.0539135319699268,0.160965995246199,0.00996145512858255,1,0,0
DEUTNP,2001,34,m,63.5387722162238,2004.46122778378,1926,1875,1206,7075,0.000511799237356491,0.00374596050221137,0.0281800523012452,0.0690661656771508,0.183008596898293,0.00929293321704179,1,0,0
DEUTNP,2001,34,f,32.9176114872014,1003.0823885128,1217,2467,3544,8264,0.000279107277109963,0.00191619305673856,0.0148358228503274,0.043010710988811,0.156152004547384,0.0102849976953677,1,0,0
DEUTNP,2001,34,b,96.4563837034252,3007.54361629658,3143,4342,4750,15339,0.000398437241688404,0.00284112181619761,0.0209007478333297,0.0513811579924105,0.162195264620162,0.00980233257745238,1,0,0
DEUTNP,2001,35,m,58.5413406935994,1977.4586593064,1877,1805,1203,6921,0.000471545364755418,0.00369549778755645,0.0274631143143495,0.0664876954918705,0.182553351632377,0.00909065594277685,1,0,0
DEUTNP,2001,35,f,36.0526221050302,962.94737789497,1117,2464,3239,7819,0.000305688922549007,0.00183952295510111,0.0136167741362496,0.042958407732643,0.142713414991246,0.00973117098016454,1,0,0
DEUTNP,2001,35,b,94.5939627986296,2940.40603720137,2994,4269,4442,14740,0.000390744045865811,0.00277769928106944,0.0199099074174321,0.0505173107944727,0.151678182198476,0.00941954378979387,1,0,0
DEUTNP,2001,36,m,52.4730309875556,1970.52696901244,1928,1758,1157,6866,0.000422665662311259,0.00368254376395409,0.0282093150762205,0.0647564369388966,0.175572924221663,0.0090184140591108,1,0,0
DEUTNP,2001,36,f,35.530120335392,972.469879664608,1125,2385,3136,7654,0.000301258648309166,0.00185771383551405,0.0137142980333758,0.0415810886535526,0.138175137206714,0.00952581950149371,1,0,0
DEUTNP,2001,36,b,88.0031513229476,2942.99684867705,3053,4143,4293,14520,0.000363519048991231,0.00278014673053129,0.0203022536223849,0.0490262868637855,0.146590372845128,0.00927895358397605,1,0,0
DEUTNP,2001,37,m,46.0477618870386,1972.95223811296,1887,1800,1307,7013,0.000370910683252738,0.00368707613511291,0.0276094281892262,0.0663035190500648,0.198335187517471,0.00921149691181824,1,0,0
DEUTNP,2001,37,f,33.9626150264777,992.037384973522,1198,2561,3402,8187,0.000287967825589644,0.00189509373395512,0.0146042035946526,0.0446495463487414,0.149895349737641,0.0101891670053213,1,0,0
DEUTNP,2001,37,b,80.0103769135163,2964.98962308648,3085,4361,4709,15200,0.000330502893223634,0.00280092253934576,0.0205150515640542,0.0516059949343395,0.160795263388704,0.00971350512923113,1,0,0
DEUTNP,2001,38,m,54.6147873543946,2026.38521264561,1876,1888,1275,7120,0.000439917321997433,0.00378693230062041,0.0274484829268618,0.0695450244258457,0.193479238014365,0.00935204021276856,1,0,0
DEUTNP,2001,38,f,40.7551380317732,1003.24486196823,1197,2456,3379,8076,0.000345561390707573,0.00191650343055307,0.0145920131075118,0.0428189323828617,0.14888194790226,0.0100510214651245,1,0,0
DEUTNP,2001,38,b,95.3699253861678,3029.63007461384,3073,4344,4654,15196,0.00039394935360348,0.00286198612494036,0.0204352523359282,0.0514048250389293,0.15891721295626,0.0097109489436708,1,0,0
DEUTNP,2001,39,m,53.1869497765019,2042.8130502235,1975,1839,1250,7160,0.000428416215539984,0.00381763283493385,0.0288969902881408,0.0677400952961495,0.189685527465064,0.00940457976452568,1,0,0
DEUTNP,2001,39,f,47.5476610370687,994.452338962931,1190,2459,3538,8229,0.000403154955825501,0.00189970703204493,0.0145066796975264,0.0428712356390297,0.155887638851197,0.0102414382908011,1,0,0
DEUTNP,2001,39,b,100.734610813571,3037.26538918643,3165,4298,4788,15389,0.000416109529862964,0.00286919894097009,0.0210470464182274,0.0508604829689959,0.163492826737124,0.00983428489695643,1,0,0
DEUTNP,2001,40,m,60.3261376659653,2021.67386233403,1979,1915,1284,7260,0.00048592174782723,0.00377812767425269,0.0289555158380915,0.0705395772115967,0.194844973812113,0.0095359286439185,1,0,0
DEUTNP,2001,40,f,41.2776398014113,930.722360198589,1203,2665,3636,8476,0.000349991664947413,0.00177796335055593,0.0146651560303565,0.0464627258958984,0.160205611888907,0.0105488432315993,1,0,0
DEUTNP,2001,40,b,101.603777467377,2952.39622253262,3182,4580,4920,15736,0.000419699840330903,0.00278902599199069,0.0211600953247392,0.0541975365281529,0.168000147774989,0.0100560339943145,1,0,0
DEUTNP,2001,41,m,42.4781679423069,2021.52183205769,1994,1915,1245,7218,0.000342157917109115,0.00377784355830052,0.0291749866504065,0.0705395772115967,0.188926785355203,0.00948076211457352,1,0,0
DEUTNP,2001,41,f,38.6651309532207,1019.33486904678,1197,2519,3477,8251,0.00032784029374821,0.00194724024758812,0.0145920131075118,0.0439173007623895,0.15319992093997,0.0102688184879572,1,0,0
DEUTNP,2001,41,b,81.1432988955276,3040.85670110447,3191,4434,4722,15469,0.000335182711108458,0.00287259152839054,0.0212199447458336,0.0524698421322773,0.161239166218191,0.00988540860816291,1,0,0
DEUTNP,2001,42,m,54.9717467488678,2024.02825325113,1921,1808,1221,7029,0.000442792598611795,0.00378252758743632,0.0281068953638068,0.0665982013569539,0.185284823227874,0.00923251273252109,1,0,0
DEUTNP,2001,42,f,48.592664576345,999.407335423655,1168,2504,3414,8134,0.000412015504305183,0.00190917258534637,0.0142384889804293,0.0436557844815496,0.150424081130013,0.0101232056212634,1,0,0
DEUTNP,2001,42,b,103.564411325213,3023.43558867479,3089,4312,4635,15163,0.000427798729344606,0.00285613440959159,0.0205416513067628,0.0510261522946278,0.158268431897779,0.00968986041279813,1,0,0
DEUTNP,2001,43,m,53.5439091709751,1997.45609082903,1827,1931,1292,7101,0.000431291492154346,0.00373286922063338,0.0267315449399662,0.071128941825375,0.19605896118789,0.00932708392568392,1,0,0
DEUTNP,2001,43,f,37.0976256443064,973.902374355694,1133,2569,3460,8173,0.000314549471028688,0.00186045033693437,0.013811821930502,0.0447890216985227,0.152450884800775,0.0101717432434947,1,0,0
DEUTNP,2001,43,b,90.6415348152815,2971.35846518472,2960,4500,4752,15274,0.000374417552551493,0.00280693896289193,0.0196838096044085,0.0532508546673992,0.16226355736316,0.00976079456209712,1,0,0
DEUTNP,2001,44,m,55.6856655378141,1998.31433446219,1974,1848,1262,7138,0.00044854315184052,0.00373447311633689,0.0288823589006531,0.0680716128913998,0.191506508528728,0.00937568301105927,1,0,0
DEUTNP,2001,44,f,33.4401132568396,1017.55988674316,1136,2587,3403,8177,0.000283537551349803,0.00194384949045293,0.0138483933919244,0.0451028412355307,0.149939410687005,0.0101767214611594,1,0,0
DEUTNP,2001,44,b,89.1257787946537,3015.87422120535,3110,4435,4665,15315,0.000368156342823908,0.00284899144881746,0.0206812999559833,0.0524816756555367,0.159292823042749,0.00978699546409044,1,0,0
DEUTNP,2001,45,m,54.6147873543946,1971.38521264561,1939,1912,1284,7161,0.000439917321997433,0.0036841476596576,0.0283702603385848,0.0704290713465132,0.194844973812113,0.00940589325331961,1,0,0
DEUTNP,2001,45,f,47.5476610370687,981.452338962931,1197,2702,3547,8475,0.000403154955825501,0.00187487307022596,0.0145920131075118,0.047107799388637,0.156284187395477,0.0105475986771831,1,0,0
DEUTNP,2001,45,b,102.162448391463,2952.83755160854,3136,4614,4831,15636,0.000422007570451587,0.00278944290021404,0.0208541982835896,0.0545998763189733,0.16496112071158,0.00999212935530644,1,0,0
DEUTNP,2001,46,m,48.1895182538776,2091.81048174612,2052,2019,1325,7536,0.000388162342938911,0.00390919980597299,0.0300236071246911,0.074370447201156,0.201066659112967,0.00989845155104268,1,0,0
DEUTNP,2001,46,f,42.8451451103257,996.154854889674,1180,2720,3711,8650,0.000363282487666935,0.00190295935631577,0.0143847748261186,0.0474216189256449,0.163510183091236,0.0107653957000158,1,0,0
DEUTNP,2001,46,b,91.0346633642033,3087.96533663579,3232,4739,5036,16186,0.000376041468446401,0.00291709341737866,0.0214925921085974,0.056079066726401,0.171961126868871,0.010343604869851,1,0,0
DEUTNP,2001,47,m,55.6856655378141,2111.31433446219,2070,2069,1321,7627,0.00044854315184052,0.00394564883322412,0.0302869720994691,0.0762122116192133,0.200459665425079,0.0100179790312901,1,0,0
DEUTNP,2001,47,f,34.4851167961158,1033.51488320388,1284,2657,3743,8752,0.000292398099829485,0.00197432839606273,0.0156525854887596,0.0463232505461171,0.164920133470896,0.0108923402504668,1,0,0
DEUTNP,2001,47,b,90.1707823339299,3144.82921766607,3354,4726,5064,16379,0.000372472991569771,0.00297081074738623,0.0223038842612116,0.0559252309240285,0.172917225270843,0.0104669408231366,1,0,0
DEUTNP,2001,48,m,56.0426249322873,2090.95737506771,2070,1998,1340,7555,0.000451418428454882,0.00390760551027038,0.0302869720994691,0.0735969061455719,0.203342885442548,0.00992340783812731,1,0,0
DEUTNP,2001,48,f,47.0251592674306,1032.97484073257,1169,2657,3807,8713,0.000398724681585661,0.00197329675036171,0.01425067946757,0.0463232505461171,0.167740034230217,0.0108438026282355,1,0,0
DEUTNP,2001,48,b,103.067784199718,3123.93221580028,3239,4655,5147,16268,0.000425747286667279,0.00295107007676975,0.0215391416583376,0.0550850507726096,0.175751374105258,0.0103960066738376,1,0,0
DEUTNP,2001,49,m,51.4021528041361,1999.59784719586,1951,2002,1301,7305,0.000414039832468172,0.00373687175989148,0.0285458369884368,0.0737442472990165,0.197424696985638,0.00959503563964527,1,0,0
DEUTNP,2001,49,f,31.3501061782871,1005.64989382171,1221,2745,3728,8731,0.000265816454390441,0.00192109777433945,0.0148845847988905,0.0478574793937115,0.164259219230431,0.0108662046077269,1,0,0
DEUTNP,2001,49,b,82.7522589824232,3005.24774101757,3172,4747,5029,16036,0.000341828923566313,0.00283895298269936,0.0210935959679675,0.0561737349124764,0.171722102268378,0.0102477479113388,1,0,0
DEUTNP,2001,50,m,57.4704625101799,2114.52953748982,2098,2059,1365,7694,0.000462919534912332,0.00395165744211172,0.0306966509491238,0.0758438587356019,0.20713659599185,0.0101059827804833,1,0,0
DEUTNP,2001,50,f,35.530120335392,1022.46987966461,1189,2610,3757,8614,0.000301258648309166,0.00195322907327929,0.0144944892103856,0.0455038328661519,0.165536986761998,0.010720591741033,1,0,0
DEUTNP,2001,50,b,93.0005828455719,3136.99941715443,3287,4669,5122,16308,0.000384162191051412,0.00296341420725642,0.0218583385708415,0.0552507200982415,0.174897714817783,0.0104215685294409,1,0,0
DEUTNP,2001,51,m,51.4021528041361,2141.59784719586,2182,2225,1410,8010,0.000414039832468172,0.00400224301474091,0.0319256874980877,0.0819585166035523,0.213965274980592,0.0105210452393646,1,0,0
DEUTNP,2001,51,f,38.1426291835826,1086.85737081642,1253,2892,4067,9337,0.000323410019508369,0.00207622880380874,0.0152746803873954,0.050420338945943,0.179195881064957,0.0116204045839361,1,0,0
DEUTNP,2001,51,b,89.5447819877187,3228.45521801228,3435,5117,5477,17347,0.000369887140414421,0.00304980932040694,0.0228425290510619,0.0605521385184626,0.187019676699922,0.011085537728735,1,0,0
DEUTNP,2001,52,m,54.9717467488678,2189.02825325113,2133,2265,1517,8159,0.000442792598611795,0.00409088151032475,0.0312087495111921,0.0834319281379982,0.230202356131601,0.0107167550696599,1,0,0
DEUTNP,2001,52,f,33.4401132568396,1009.55988674316,1323,3005,4157,9528,0.000283537551349803,0.00192856705241049,0.0161280144872499,0.052390428261604,0.183161366507752,0.0118581144774278,1,0,0
DEUTNP,2001,52,b,88.4118600057074,3198.58813999429,3456,5270,5674,17687,0.000365207322529597,0.00302159493093535,0.0229821777002824,0.0623626675771541,0.193746511885221,0.0113028135013626,1,0,0
DEUTNP,2002,1,m,49.0294537433502,2110.97054625665,2154,2106,1433,7853,0.000400547259556713,0.00395645769531345,0.0303447595769484,0.0723640826033659,0.231903231076821,0.0103027565385414,1,0,0
DEUTNP,2002,1,f,38.0997766195086,1039.90022338049,1254,2883,4146,9361,0.000327714427362473,0.001989277444758,0.014984632295351,0.0483576851748079,0.192895435945658,0.0116457971372916,1,0,0
DEUTNP,2002,1,b,87.1292303628588,3150.87076963714,3408,4989,5579,17214,0.000365068788677147,0.00298292217783817,0.0220340097141482,0.0562324121915406,0.201605824055826,0.0109921091061863,1,0,0
DEUTNP,2002,2,m,48.691319579603,2205.3086804204,2168,2131,1448,8001,0.000397784864663219,0.00413326965393387,0.0305419864265664,0.0732231054262928,0.234330689880836,0.0104969253870966,1,0,0
DEUTNP,2002,2,f,45.5080665177463,1026.49193348225,1231,2898,4118,9319,0.000391436677127399,0.00196362805256859,0.0147097945419275,0.0486092860341982,0.191592717130781,0.0115935459376585,1,0,0
DEUTNP,2002,2,b,94.1993860973493,3231.80061390265,3399,5029,5566,17320,0.000394692523203436,0.00305953827699237,0.021975821308213,0.0566832633616472,0.201136048878782,0.0110597960798854,1,0,0
DEUTNP,2002,3,m,55.7921370182951,2187.20786298171,2067,2093,1372,7775,0.000455795157426605,0.00409934444423648,0.0291191355828934,0.0719173907354439,0.22203156527383,0.0102004243075461,1,0,0
DEUTNP,2002,3,f,40.7455944403078,1026.25440555969,1351,2845,4016,9279,0.000350472373707089,0.00196317367345776,0.0161437306467458,0.0477202963310193,0.186847098590874,0.0115437828903888,1,0,0
DEUTNP,2002,3,b,96.5377314586029,3213.4622685414,3418,4938,5388,17054,0.000404490118166534,0.00304217740722581,0.0220986634985207,0.0556575769496547,0.194703742608494,0.0108899400892821,1,0,0
DEUTNP,2002,4,m,50.0438562345919,2091.95614376541,2060,2115,1510,7827,0.000408834444237197,0.00392082021131744,0.0290205221580844,0.0726733308196196,0.244364186270761,0.0102686457948763,1,0,0
DEUTNP,2002,4,f,42.8622486969471,1082.13775130305,1273,2913,4146,9457,0.000368678730782782,0.00207007573648791,0.0152116721786139,0.0488608868935885,0.192895435945658,0.0117652284507389,1,0,0
DEUTNP,2002,4,b,92.906104931539,3174.09389506846,3333,5028,5656,17284,0.000389273714995731,0.00300490745776629,0.0215491063313545,0.0566719920823945,0.204388338566006,0.0110368080510819,1,0,0
DEUTNP,2002,5,m,51.0582587258337,2060.94174127417,2108,2073,1340,7633,0.000417121628917681,0.00386269189132756,0.029696728499632,0.0712301724771023,0.216852986491933,0.0100141271690675,1,0,0
DEUTNP,2002,5,f,37.0414494911889,1021.95855050881,1190,2727,3905,8881,0.000318611248824627,0.00195495591624747,0.0142198663727813,0.0457410362371492,0.181682749003327,0.0110486405700552,1,0,0
DEUTNP,2002,5,b,88.0997082170226,3082.90029178298,3298,4800,5245,16514,0.000369135060962373,0.00291857468133555,0.0213228180860507,0.0541021404127871,0.189536215661016,0.0105451196572302,1,0,0
DEUTNP,2002,6,m,42.9430387958998,2021.0569612041,1986,2008,1337,7395,0.000350824151473811,0.00378793838739359,0.0279780373815318,0.0689967131374923,0.216367494731131,0.00970188266936379,1,0,0
DEUTNP,2002,6,f,37.0414494911889,1001.95855050881,1251,2876,3780,8946,0.000318611248824627,0.00191669691023839,0.0149487838927305,0.0482402714404258,0.175867040008342,0.0111295055218685,1,0,0
DEUTNP,2002,6,b,79.9844882870887,3023.01551171291,3237,4884,5117,16341,0.000335132539680692,0.00286188189650054,0.0209284300013784,0.0550489278700109,0.184910736994741,0.0104346494077025,1,0,0
DEUTNP,2002,7,m,48.691319579603,2062.3086804204,2068,2060,1280,7519,0.000397784864663219,0.00386525385834018,0.029133223215009,0.0707834806091803,0.207143151275877,0.00986456467761276,1,0,0
DEUTNP,2002,7,f,39.6872673119881,1002.31273268801,1254,2755,3612,8663,0.000341369195169243,0.00191737444314451,0.014984632295351,0.0462106911746777,0.168050727119083,0.0107774319624354,1,0,0
DEUTNP,2002,7,b,88.3785868915911,3064.62141310841,3322,4815,4892,16182,0.000370303554009868,0.00290127010854577,0.0214779871685447,0.0542712096015771,0.17678001277668,0.0103331189471539,1,0,0
DEUTNP,2002,8,m,51.7345270533281,2152.26547294667,2092,2199,1416,7911,0.00042264641870467,0.00403385414727715,0.0294713263857828,0.0755596475046541,0.229152111098939,0.0103788497359482,1,0,0
DEUTNP,2002,8,f,48.6830479027054,1026.31695209729,1237,2858,3788,8958,0.000418746212740938,0.00196329332187566,0.0147814913471684,0.0479383504091575,0.176239245384021,0.0111444344360494,1,0,0
DEUTNP,2002,8,b,100.417574956033,3178.58242504396,3329,5057,5204,16869,0.000420746542789649,0.00300915673886624,0.0215232448176055,0.0569988591807218,0.188054617025724,0.0107718071634865,1,0,0
DEUTNP,2002,9,m,45.6481121058778,2072.35188789412,2044,2049,1383,7594,0.000372923310621768,0.00388407720268552,0.0287951200442352,0.0704055105670925,0.223811701730107,0.0099629610535698,1,0,0
DEUTNP,2002,9,f,53.445519980144,1056.55448001986,1277,2904,3906,9197,0.000459710516161247,0.00202113621000012,0.0152594700487745,0.0487099263779543,0.181729274675287,0.0114417686434859,1,0,0
DEUTNP,2002,9,b,99.0936320860218,3128.90636791398,3321,4953,5289,16791,0.000415199262986763,0.00296212852877636,0.0214715217901075,0.0558266461384447,0.191126223952547,0.0107219997677457,1,0,0
DEUTNP,2002,10,m,51.3963928895809,2145.60360711042,2171,2107,1364,7839,0.000419884023811175,0.00402136823628245,0.0305842493229132,0.072398443516283,0.220736920578356,0.0102843892150295,1,0,0
DEUTNP,2002,10,f,41.2747580044676,1012.72524199553,1299,2918,4026,9297,0.000355023962976013,0.00193729305595281,0.0155223583346579,0.0489447538467185,0.187312355310473,0.0115661762616601,1,0,0
DEUTNP,2002,10,b,92.6711508940485,3158.32884910595,3470,5025,5390,17136,0.00038828926482322,0.00298998272467683,0.0224348631772577,0.0566381782446365,0.194776015712655,0.0109423017104455,1,0,0
DEUTNP,2002,11,m,46.6625145971195,2188.33748540288,2138,2108,1385,7866,0.000381210495302251,0.00410146162362062,0.0301193574630992,0.0724328044292001,0.224135362903976,0.010319811910374,1,0,0
DEUTNP,2002,11,f,38.0997766195086,1047.90022338049,1260,2946,3987,9279,0.000327714427362473,0.00200458104716164,0.0150563291005919,0.049414408784247,0.185497854104037,0.0115437828903888,1,0,0
DEUTNP,2002,11,b,84.7622912166281,3236.23770878337,3398,5054,5372,17145,0.000355151386636657,0.00306373886460529,0.0219693559297757,0.0569650453429638,0.19412555777521,0.0109480487176464,1,0,0
DEUTNP,2002,12,m,43.6193071233943,2079.38069287661,2059,2178,1349,7709,0.0003563489412608,0.00389725084436002,0.0290064345259688,0.0748380683333955,0.218309461774342,0.0101138354967039,1,0,0
DEUTNP,2002,12,f,41.2747580044676,1005.72524199553,1261,2889,4031,9228,0.000355023962976013,0.00192390240384963,0.0150682785681321,0.048458325518564,0.187544983670272,0.0114803350051199,1,0,0
DEUTNP,2002,12,b,84.8940651278619,3085.10593487214,3320,5067,5380,16937,0.000355703515261609,0.00292066275862214,0.0214650564116702,0.0571115719732484,0.194414650191852,0.0108152289956708,1,0,0
DEUTNP,2002,13,m,50.3819903983392,2028.61800960166,2107,2204,1374,7764,0.000411596839130692,0.00380210957901453,0.0296826408675164,0.0757314520692395,0.222355226447699,0.0101859928390724,1,0,0
DEUTNP,2002,13,f,43.9205758252668,991.079424174733,1290,2842,3778,8945,0.000377781909320629,0.00189588568224894,0.0154148131267965,0.0476699761591412,0.175773988664423,0.0111282614456868,1,0,0
DEUTNP,2002,13,b,94.302566223606,3019.69743377639,3397,5046,5152,16709,0.000395124844750995,0.00285874067967882,0.0219628905513385,0.0568748751089425,0.18617551631755,0.0106696381465823,1,0,0
DEUTNP,2002,14,m,55.4540028545478,2184.54599714545,2125,2189,1427,7981,0.00045303276253311,0.00409435547857308,0.0299362182455967,0.0752160383754834,0.230932247555216,0.0104706863535081,1,0,0
DEUTNP,2002,14,f,45.5080665177463,1076.49193348225,1252,2867,3997,9238,0.000391436677127399,0.0020592755675913,0.0149607333602707,0.0480893109247917,0.185963110823636,0.0114927757669373,1,0,0
DEUTNP,2002,14,b,100.962069372294,3261.0379306277,3377,5056,5424,17219,0.000423027957604837,0.00308721717811394,0.0218335829825935,0.0569875879014691,0.196004658483384,0.0109953018879646,1,0,0
DEUTNP,2002,15,m,50.0438562345919,2120.95614376541,2117,2168,1467,7923,0.000408834444237197,0.00397517306496931,0.0298235171886721,0.0744944592042247,0.237405471032587,0.0103945931561013,1,0,0
DEUTNP,2002,15,f,41.2747580044676,1070.72524199553,1331,2877,3912,9232,0.000355023962976013,0.00204824417337915,0.0159047412959427,0.0482570448310518,0.182008428707046,0.0114853113098469,1,0,0
DEUTNP,2002,15,b,91.3186142390595,3191.68138576094,3448,5045,5379,17155,0.00038262217794294,0.00302155749512887,0.0222926248516382,0.0568636038296898,0.194378513639772,0.0109544342812029,1,0,0
DEUTNP,2002,16,m,54.1014661995588,2006.89853380044,2078,2115,1381,7635,0.000441983182959132,0.00376140214833801,0.0292740995361647,0.0726733308196196,0.223488040556239,0.0100167510724263,1,0,0
DEUTNP,2002,16,f,38.6289401836684,1010.37105981633,1249,2736,3776,8810,0.000332266016631396,0.00193278962244579,0.0149248849576502,0.0458919967527834,0.175680937320503,0.0109603111611515,1,0,0
DEUTNP,2002,16,b,92.7304063832272,3017.26959361677,3327,4851,5157,16445,0.000388537543495794,0.00285644224893194,0.021510314060731,0.054676975654673,0.186356199077952,0.0105010592686903,1,0,0
DEUTNP,2002,17,m,57.8209420007785,2024.17905799922,2110,2121,1316,7629,0.000472369526787572,0.00379378993464159,0.0297249037638631,0.0728794962971221,0.212969052405511,0.0100088793623497,1,0,0
DEUTNP,2002,17,f,40.2164308761479,995.783569123852,1256,2783,3678,8753,0.000345920784438166,0.00190488447774274,0.0150085312304313,0.0466803461122062,0.171121421468435,0.0108893988187922,1,0,0
DEUTNP,2002,17,b,98.0373728769264,3019.96262712307,3366,4904,4994,16382,0.000410773569469356,0.00285899173761584,0.0217624638197837,0.0552743534550642,0.180465941088868,0.0104608302182842,1,0,0
DEUTNP,2002,18,m,49.3675879070974,1984.6324120929,1956,1968,1284,7242,0.000403309654450208,0.00371967017404268,0.0275554084180646,0.0676222766208092,0.207790473623614,0.00950115406241144,1,0,0
DEUTNP,2002,18,f,37.5706130553487,1022.42938694465,1239,2738,3631,8668,0.00032316283809355,0.00195585660294888,0.0148053902822487,0.0459255435340354,0.16893471488632,0.0107836523433441,1,0,0
DEUTNP,2002,18,b,86.9382009624461,3007.06179903755,3195,4706,4915,15910,0.00036426838137962,0.00284677855306393,0.0206568841070139,0.0530426401630367,0.177611153474526,0.0101594316184167,1,0,0
DEUTNP,2002,19,m,51.7345270533281,2161.26547294667,2077,1932,1185,7407,0.00042264641870467,0.00405072227427256,0.0292600119040491,0.0663852837557944,0.19176924551712,0.00971762608951692,1,0,0
DEUTNP,2002,19,f,46.0372300819062,998.962769918094,1256,2742,3587,8630,0.000395988266396322,0.00191096613085728,0.0150085312304313,0.0459926370965395,0.166887585320086,0.0107363774484379,1,0,0
DEUTNP,2002,19,b,97.7717571352343,3160.22824286476,3333,4674,4772,16037,0.000409660647701664,0.00299178087642022,0.0215491063313545,0.0526819592269515,0.172443626527048,0.0102405282755844,1,0,0
DEUTNP,2002,20,m,49.0294537433502,1999.97054625665,1998,2021,1247,7315,0.000400547259556713,0.00374841746237009,0.0281470889669187,0.0694434050054143,0.201802741907046,0.00959692653500962,1,0,0
DEUTNP,2002,20,f,48.6830479027054,988.316952097295,1159,2693,3479,8368,0.000418746212740938,0.00189060121045841,0.0138494328790365,0.0451707409558646,0.161862812748419,0.0104104294888213,1,0,0
DEUTNP,2002,20,b,97.7125016460556,2988.28749835395,3157,4714,4726,15683,0.000409412369029089,0.00282900496538709,0.0204111997263984,0.053132810397058,0.170781345131355,0.0100144793256838,1,0,0
DEUTNP,2002,21,m,48.691319579603,2021.3086804204,1939,1934,1201,7144,0.000397784864663219,0.00378841016869444,0.0273159186720998,0.0664540055816285,0.194358534908069,0.00937258279782758,1,0,0
DEUTNP,2002,21,f,38.6289401836684,952.371059816332,1177,2549,3435,8152,0.000332266016631396,0.00182183850501945,0.0140645232947593,0.0427553727057181,0.159815683182184,0.0101417090335649,1,0,0
DEUTNP,2002,21,b,87.3202597632714,2973.67974023673,3116,4483,4636,15296,0.000365869195974674,0.00281517583406371,0.0201461192104712,0.0505291448896926,0.167529055444131,0.00976735801604659,1,0,0
DEUTNP,2002,22,m,54.7777345270533,1949.22226547295,1895,1854,1090,6843,0.000447507972746121,0.00365330319069697,0.0266960628590145,0.0637051325482623,0.176395339758364,0.00897768534232001,1,0,0
DEUTNP,2002,22,f,40.7455944403078,999.254405559692,1094,2581,3299,8014,0.000350472373707089,0.0019115240153455,0.0130727174889266,0.0432921212057507,0.153488191795641,0.00997002652048448,1,0,0
DEUTNP,2002,22,b,95.5233289673611,2948.47667103264,2989,4435,4389,14857,0.000400239803006323,0.00279131614587754,0.0193250161489404,0.0499881234855648,0.158603327080304,0.00948703177591554,1,0,0
DEUTNP,2002,23,m,58.1590761645258,2065.84092383547,1966,1952,1250,7292,0.000475131921681067,0.0038718741172851,0.0276962847392203,0.0670725020141359,0.202288233667848,0.0095667516463828,1,0,0
DEUTNP,2002,23,f,39.6872673119881,999.312732688012,1218,2658,3501,8416,0.000341369195169243,0.00191163559224315,0.0145544514639055,0.044583672283954,0.162886377531536,0.010470145145545,1,0,0
DEUTNP,2002,23,b,97.8463434765139,3065.15365652348,3184,4610,4751,15708,0.00040997316217183,0.00290177398217401,0.0205857649442042,0.051960597354781,0.171684758933362,0.010030443234575,1,0,0
DEUTNP,2002,24,m,53.4251978720644,1988.57480212794,1988,1931,1177,7138,0.000436458393172143,0.0037270591446845,0.028006212645763,0.0663509228428773,0.190474600821646,0.00936471108775102,1,0,0
DEUTNP,2002,24,f,42.8622486969471,1033.13775130305,1115,2589,3395,8175,0.000368678730782782,0.00197634117176565,0.0133236563072698,0.0434263083307588,0.157954656303789,0.010170322785745,1,0,0
DEUTNP,2002,24,b,96.2874465690115,3021.71255343099,3103,4520,4572,15313,0.000403441432196431,0.00286064838886405,0.0200620692907869,0.0509461822220412,0.165216316110994,0.00977821347409267,1,0,0
DEUTNP,2002,25,m,52.4107953808226,2096.58920461918,2014,2151,1319,7633,0.000428171208491659,0.00392950366230176,0.0283724910807679,0.0739103236846344,0.213454544166314,0.0100141271690675,1,0,0
DEUTNP,2002,25,f,42.3330851327873,1037.66691486721,1261,2911,3703,8955,0.000364127141513859,0.00198500523656652,0.0150682785681321,0.0488273401123364,0.172284563267432,0.0111407022075042,1,0,0
DEUTNP,2002,25,b,94.7438805136099,3134.25611948639,3275,5062,5022,16588,0.000396973938018624,0.00296719312639967,0.0211741143819939,0.0570552155769851,0.181477764547115,0.0105923728275484,1,0,0
DEUTNP,2002,26,m,47.0006487608667,1926.99935123913,1898,1937,1128,6937,0.000383972890195746,0.00361165219741875,0.0267383257553612,0.0665570883203798,0.182544902061866,0.00910100880018616,1,0,0
DEUTNP,2002,26,f,37.5706130553487,935.429386944651,1096,2607,3184,7860,0.00032316283809355,0.00178942992680937,0.0130966164240069,0.0437282293620272,0.148137739520255,0.00977843878849613,1,0,0
DEUTNP,2002,26,b,84.5712618162154,2862.42873818378,2994,4544,4312,14797,0.000354350979339129,0.00270985476392389,0.0193573430411267,0.0512166929241051,0.155820812570124,0.00944871839457645,1,0,0
DEUTNP,2002,27,m,56.8065395095368,2017.19346049046,1949,1861,1074,6958,0.000464082342107088,0.0037806972739842,0.0274567949932555,0.0639456589386818,0.173806050367415,0.00912855978545413,1,0,0
DEUTNP,2002,27,f,38.0997766195086,957.900223380491,1175,2517,3292,7980,0.000327714427362473,0.00183241552012077,0.014040624359679,0.0422186242056856,0.153162512091921,0.00992772793030523,1,0,0
DEUTNP,2002,27,b,94.9063161290454,2975.09368387095,3124,4378,4366,14938,0.000397654538238758,0.00281651441128032,0.0201978422379692,0.0493456605681629,0.157772186382458,0.00953875484072332,1,0,0
DEUTNP,2002,28,m,57.4828078370313,2048.51719216297,1972,2013,1168,7259,0.000469607131894078,0.00383940534996441,0.0277808105319138,0.0691685177020777,0.189018125539237,0.0095234572409617,1,0,0
DEUTNP,2002,28,f,34.9247952345495,942.075204765451,1194,2586,3294,8051,0.000300404891748934,0.00180214304600643,0.0142676642429419,0.0433759881588808,0.153255563435841,0.010016057339209,1,0,0
DEUTNP,2002,28,b,92.4076030715808,2990.59239692842,3166,4599,4462,15310,0.000387185007573315,0.00283118700761546,0.0204693881323337,0.0518366132830017,0.161241295382164,0.00977629780502571,1,0,0
DEUTNP,2002,29,m,59.849746983262,1940.15025301674,1879,1885,1157,6921,0.00048894389614854,0.00363630009533972,0.0264706607451653,0.0647703208486917,0.18723798908296,0.00908001757331532,1,0,0
DEUTNP,2002,29,f,46.566393646066,881.433606353934,1130,2464,3249,7771,0.000400539855665245,0.0016861386821051,0.0135028983203721,0.0413296345025067,0.151161908197647,0.00966771600832105,1,0,0
DEUTNP,2002,29,b,106.416140629328,2821.58385937067,3009,4349,4406,14692,0.000445880348000942,0.00267118701022329,0.0194543237176854,0.0490187934698357,0.159217648465669,0.00938166997723303,1,0,0
DEUTNP,2002,30,m,49.7057220708447,1965.29427792916,1995,1880,1180,7070,0.000406072049343702,0.00368342594038398,0.028104826070572,0.0645985162841063,0.190960092582449,0.00927549837354997,1,0,0
DEUTNP,2002,30,f,41.8039215686274,943.196078431373,1098,2551,3208,7842,0.000359575552244936,0.00180428722162243,0.0131205153590872,0.0427889194869702,0.149254355647292,0.00975604541722477,1,0,0
DEUTNP,2002,30,b,91.5096436394721,2908.49035636053,3093,4431,4388,14912,0.000383422585240467,0.00275346119289284,0.0199974155064144,0.0499430383685541,0.158567190528224,0.00952215237547638,1,0,0
DEUTNP,2002,31,m,51.7345270533281,2031.26547294667,2087,1971,1227,7368,0.00042264641870467,0.00380707155100557,0.0294008882252049,0.0677253593595604,0.19856613016836,0.00966645997401926,1,0,0
DEUTNP,2002,31,f,43.9205758252668,1004.07942417473,1239,2806,3657,8750,0.000377781909320629,0.00192075403615484,0.0148053902822487,0.0470661340966046,0.170144382357277,0.010885666590247,1,0,0
DEUTNP,2002,31,b,95.6551028785949,3035.3448971214,3326,4777,4884,16118,0.000400791931631275,0.00287355409757222,0.0215038486822937,0.0538429009899758,0.176490920360038,0.0102922513403922,1,0,0
DEUTNP,2002,32,m,49.7057220708447,1962.29427792916,1871,1751,1118,6752,0.000406072049343702,0.00367780323138551,0.0263579596882407,0.0601659585178033,0.180926596192524,0.00885829773949214,1,0,0
DEUTNP,2002,32,f,35.4539587987094,972.546041201291,1121,2515,3203,7847,0.000304956481017857,0.00186043224172146,0.0133953531125107,0.0421850774244336,0.149021727287492,0.00976226579813348,1,0,0
DEUTNP,2002,32,b,85.1596808695541,2934.84031913045,2992,4266,4321,14599,0.000356816437029302,0.0027784066426044,0.0193444122842522,0.0480832772918645,0.156146041538846,0.00932228423615744,1,0,0
DEUTNP,2002,33,m,54.7777345270533,2029.22226547295,1931,1965,1132,7112,0.000447507972746121,0.00380324209732281,0.0272032176151752,0.0675191938820579,0.183192224409603,0.00933060034408591,1,0,0
DEUTNP,2002,33,f,45.5080665177463,1046.49193348225,1087,2509,3329,8017,0.000391436677127399,0.00200188705857768,0.0129890712161456,0.0420844370806775,0.154883961954437,0.00997375874902971,1,0,0
DEUTNP,2002,33,b,100.2858010448,3075.7141989552,3018,4474,4461,15129,0.000420194414164697,0.00291177162363019,0.0195125121236207,0.0504277033764187,0.161205158830084,0.00966071910465277,1,0,0
DEUTNP,2002,34,m,43.6193071233943,1941.38069287661,1945,2026,1171,7127,0.0003563489412608,0.00363860623043044,0.0274004444647932,0.0696152095699997,0.18950361730004,0.00935027961927732,1,0,0
DEUTNP,2002,34,f,38.0997766195086,1039.90022338049,1196,2671,3369,8314,0.000327714427362473,0.001989277444758,0.0142915631780222,0.0448017263620923,0.156744988832832,0.0103432493750072,1,0,0
DEUTNP,2002,34,b,81.7190837429029,2981.2809162571,3141,4697,4540,15441,0.000342400441156026,0.00282237185008166,0.0203077536714024,0.0529411986497627,0.164059946444425,0.00985994868761607,1,0,0
DEUTNP,2002,35,m,47.0006487608667,2022.99935123913,1891,1910,1086,6957,0.000383972890195746,0.00379157888536976,0.0266397123305522,0.0656293436716186,0.175748017410627,0.0091272478337747,1,0,0
DEUTNP,2002,35,f,32.8081409779101,933.19185902209,1110,2612,3444,8132,0.000282198534673241,0.00178514964709763,0.0132639089695691,0.0438120963151572,0.160234414229823,0.0101168275099301,1,0,0
DEUTNP,2002,35,b,79.8087897387768,2956.19121026122,3001,4522,4530,15089,0.000334396368180755,0.00279861948258638,0.0194026006901874,0.0509687247805465,0.163698580923623,0.00963517685042671,1,0,0
DEUTNP,2002,36,m,52.4107953808226,1974.58920461918,1886,1786,1138,6837,0.000428171208491659,0.00370084682969735,0.0265692741699743,0.061368590469901,0.184163207931209,0.00896981363224344,1,0,0
DEUTNP,2002,36,f,41.8039215686274,941.196078431373,1079,2518,3230,7810,0.000359575552244936,0.00180046132102152,0.0128934754758244,0.0422353975963116,0.150277920430409,0.00971623497940901,1,0,0
DEUTNP,2002,36,b,94.21471694945,2915.78528305055,2965,4304,4368,14647,0.000394756759001027,0.0027603672833676,0.0191698470664464,0.0485115859034658,0.157844459486619,0.00935293494122871,1,0,0
DEUTNP,2002,37,m,43.9574412871416,1905.04255871286,1893,1944,1149,6935,0.000359111336154295,0.00357049997911375,0.0266678875947833,0.0667976147107993,0.185943344387486,0.0090983848968273,1,0,0
DEUTNP,2002,37,f,42.3330851327873,926.666914867213,1153,2514,3198,7834,0.000364127141513859,0.00177266775321611,0.0137777360737956,0.0421683040338075,0.148789098927693,0.00974609280777083,1,0,0
DEUTNP,2002,37,b,86.2905264199289,2831.70947358007,3046,4458,4347,14769,0.000361554645016873,0.00268077290612245,0.0196935427198637,0.050247362908376,0.157085591892933,0.0094308388166182,1,0,0
DEUTNP,2002,38,m,43.6193071233943,1925.38069287661,1900,1928,1150,6947,0.0003563489412608,0.00360861844910527,0.0267665010195924,0.066247840104126,0.18610517497442,0.00911412831698043,1,0,0
DEUTNP,2002,38,f,46.0372300819062,960.962769918094,1161,2596,3262,8026,0.000395988266396322,0.00183827401944003,0.0138733318141168,0.043543722065141,0.151766741933125,0.00998495543466539,1,0,0
DEUTNP,2002,38,b,89.6565372053005,2886.3434627947,3061,4524,4412,14973,0.000375658126419983,0.00273249477921941,0.0197905233964224,0.0509912673390519,0.159434467778151,0.00956110431317113,1,0,0
DEUTNP,2002,39,m,45.986246269625,2053.01375373037,1955,1949,1188,7191,0.000375685705515262,0.00384783296902682,0.027541320785949,0.0669694192753847,0.192254737277923,0.00943424452676066,1,0,0
DEUTNP,2002,39,f,37.0414494911889,959.958550508811,1207,2674,3398,8276,0.000318611248824627,0.00183635299761932,0.0144230073209638,0.0448520465339703,0.158094233319669,0.010295974480101,1,0,0
DEUTNP,2002,39,b,83.0276957608139,3012.97230423918,3162,4623,4586,15467,0.000347883485161322,0.00285237401487026,0.0204435266185847,0.0521071239850656,0.165722227840118,0.00987655115286301,1,0,0
DEUTNP,2002,40,m,50.7201245620864,2003.27987543791,1995,2016,1222,7287,0.000414359234024186,0.00375461992735889,0.028104826070572,0.0692716004408289,0.197756977233689,0.00956019188798566,1,0,0
DEUTNP,2002,40,f,35.9831223628692,924.016877637131,1112,2728,3405,8205,0.00030950807028678,0.00176759836370061,0.0132878079046494,0.0457578096277752,0.158419913023388,0.0102076450711973,1,0,0
DEUTNP,2002,40,b,86.7032469249556,2927.29675307504,3107,4744,4627,15492,0.000363283931207109,0.002771265165809,0.0200879308045359,0.0534709487746379,0.167203826475409,0.0098925150617543,1,0,0
DEUTNP,2002,41,m,42.6049046321526,2031.39509536785,1978,2060,1255,7367,0.000348061756580316,0.00380731449405688,0.0278653363246072,0.0707834806091803,0.20309738660252,0.00966514802233983,1,0,0
DEUTNP,2002,41,f,37.5706130553487,1009.42938694465,1220,2693,3513,8473,0.00032316283809355,0.00193098824904297,0.0145783503989858,0.0451707409558646,0.163444685595055,0.0105410574879043,1,0,0
DEUTNP,2002,41,b,80.1755176875013,3040.8244823125,3198,4753,4768,15840,0.000335932946978219,0.0028787416083865,0.0206762802423257,0.0535723902879119,0.172299080318727,0.010114732673521,1,0,0
DEUTNP,2002,42,m,49.7057220708447,2023.29427792916,2026,2138,1247,7484,0.000406072049343702,0.00379213164768772,0.0285415426661548,0.0734636318167124,0.201802741907046,0.00981864636883281,1,0,0
DEUTNP,2002,42,f,33.33730454207,970.66269545793,1245,2868,3611,8728,0.000286750123942164,0.00185682949491584,0.0148770870874896,0.0481060843154177,0.168004201447123,0.0108582969142486,1,0,0
DEUTNP,2002,42,b,83.0430266129147,2993.95697338709,3271,5006,4858,16212,0.000347947720958913,0.00283437224448214,0.0211482528682449,0.0564240239388359,0.175551370005951,0.0103522756378234,1,0,0
DEUTNP,2002,43,m,45.986246269625,2016.01375373037,2065,2146,1305,7578,0.000375685705515262,0.00377848622471237,0.0290909603186622,0.073738519120049,0.211188915949234,0.00994196982669896,1,0,0
DEUTNP,2002,43,f,40.2164308761479,1005.78356912385,1246,2901,3720,8913,0.000345920784438166,0.00192401398074728,0.0148890365550298,0.0486596062060762,0.17307549969075,0.011088451007871,1,0,0
DEUTNP,2002,43,b,86.2026771457729,3021.79732285422,3311,5047,5025,16491,0.000361186559266905,0.00286072863988386,0.0214068680057349,0.0568861463881951,0.181586174203356,0.0105304328610502,1,0,0
DEUTNP,2002,44,m,49.0294537433502,1960.97054625665,2031,2051,1249,7341,0.000400547259556713,0.00367532224539,0.0286119808267327,0.0704742323929266,0.202126403080914,0.00963103727867473,1,0,0
DEUTNP,2002,44,f,43.391412261107,1009.60858773889,1153,2826,3590,8622,0.000373230320051706,0.00193133105125616,0.0137777360737956,0.0474016019091249,0.167027162335965,0.0107264248389839,1,0,0
DEUTNP,2002,44,b,92.4208660044572,2970.57913399554,3184,4877,4839,15963,0.000387240578853118,0.00281224049720041,0.0205857649442042,0.0549700289152422,0.174864775516426,0.0101932751052662,1,0,0
DEUTNP,2002,45,m,48.3531854158557,2107.64681458414,2022,2032,1304,7514,0.000395022469769724,0.00395022823665228,0.0284851921376925,0.0698213750475021,0.211027085362299,0.00985800491921563,1,0,0
DEUTNP,2002,45,f,40.7455944403078,961.254405559692,1167,2682,3614,8465,0.000350472373707089,0.00183883190392825,0.0139450286193578,0.0449862336589784,0.168143778463002,0.0105311048784504,1,0,0
DEUTNP,2002,45,b,89.0987798561635,3068.90122014383,3189,4714,4918,15979,0.000373321140324992,0.00290532179211396,0.0206180918363904,0.053132810397058,0.177719563130767,0.0102034920069566,1,0,0
DEUTNP,2002,46,m,56.8065395095368,2117.19346049046,2047,2195,1297,7713,0.000464082342107088,0.0039681209072665,0.0288373829405819,0.0754222038529858,0.209894271253759,0.0101190833034216,1,0,0
DEUTNP,2002,46,f,42.3330851327873,1062.66691486721,1174,2864,3658,8801,0.000364127141513859,0.00203282899407787,0.0140286748921388,0.0480389907529136,0.170190908029237,0.0109491144755158,1,0,0
DEUTNP,2002,46,b,99.1396246423241,3179.86037535767,3221,5059,4955,16514,0.000415391970379535,0.00301036657151621,0.0208249839463824,0.0570214017392271,0.179056615557737,0.0105451196572302,1,0,0
DEUTNP,2002,47,m,47.6769170883612,2062.32308291164,2045,2108,1244,7507,0.000389497679982735,0.00386528085201255,0.0288092076763507,0.0724328044292001,0.201317250146243,0.00984882125745964,1,0,0
DEUTNP,2002,47,f,32.8081409779101,1006.19185902209,1297,2875,3610,8821,0.000282198534673241,0.00192479501903078,0.0154984593995776,0.0482234980497998,0.167957675775163,0.0109739959991507,1,0,0
DEUTNP,2002,47,b,80.4850580662713,3068.51494193373,3342,4983,4854,16328,0.000337229911620895,0.00290495610341265,0.0216072947372897,0.0561647845160246,0.17540682379763,0.010426348175079,1,0,0
DEUTNP,2002,48,m,50.7201245620864,2004.27987543791,1956,2161,1316,7488,0.000414359234024186,0.00375649416369171,0.0275554084180646,0.0742539328138052,0.212969052405511,0.00982389417555052,1,0,0
DEUTNP,2002,48,f,37.5706130553487,983.429386944651,1214,2944,3605,8784,0.00032316283809355,0.00188125154123117,0.0145066535937449,0.049380862002995,0.167725047415364,0.0109279651804262,1,0,0
DEUTNP,2002,48,b,88.2907376174351,2987.70926238256,3170,5105,4921,16272,0.0003699354682599,0.00282845755071059,0.0204952496460827,0.0575398805848496,0.177827972787008,0.0103905890191625,1,0,0
DEUTNP,2002,49,m,41.9286363046581,1984.07136369534,2045,2206,1303,7580,0.000342536966793327,0.0037186186367515,0.0288092076763507,0.0758001738950737,0.210865254775365,0.00994459373005782,1,0,0
DEUTNP,2002,49,f,38.6289401836684,1036.37105981633,1243,2925,3777,9020,0.000332266016631396,0.00198252633025759,0.0148531881524093,0.0490621675811007,0.175727462992463,0.0112215671593174,1,0,0
DEUTNP,2002,49,b,80.5575764883265,3020.44242351167,3288,5131,5080,16600,0.000337533761573273,0.00285944595976363,0.0212581643016782,0.0578329338454189,0.183573684567771,0.0106000355038162,1,0,0
DEUTNP,2002,50,m,51.7345270533281,2154.26547294667,2156,2301,1495,8158,0.00042264641870467,0.00403760261994279,0.0303729348411796,0.0790644606221961,0.241936727466747,0.0107029018007667,1,0,0
DEUTNP,2002,50,f,41.2747580044676,979.725241995532,1244,3097,4007,9369,0.000355023962976013,0.00187416569603783,0.0148651376199495,0.0519471907687756,0.186428367543235,0.0116557497467456,1,0,0
DEUTNP,2002,50,b,93.0092850577957,3133.9907149422,3400,5398,5502,17527,0.00038970603654329,0.00296694186852245,0.0219822866866502,0.0608423654058802,0.198823309545645,0.0111919772455053,1,0,0
DEUTNP,2002,51,m,45.3099779421305,2112.69002205787,2146,2502,1489,8295,0.000370160915728273,0.0039596803993335,0.0302320585200238,0.0859710041185287,0.240965743945141,0.0108826391808482,1,0,0
DEUTNP,2002,51,f,46.0372300819062,1065.96276991809,1348,3196,4288,9944,0.000395988266396322,0.00203913380098771,0.0161078822441253,0.0536077564407514,0.199502081363961,0.0123710935512475,1,0,0
DEUTNP,2002,51,b,91.3472080240367,3178.65279197596,3494,5698,5777,18239,0.000382741985020333,0.00300922335508042,0.0225900322597517,0.0642237491816794,0.208760861367719,0.0116466293707292,1,0,0
DEUTNP,2002,52,m,42.9430387958998,2051.0569612041,2144,2394,1542,8174,0.000350824151473811,0.00384416547737828,0.0302038832557927,0.0822600255234843,0.249542765052658,0.0107238930276375,1,0,0
DEUTNP,2002,52,f,42.3330851327873,1087.66691486721,1341,3366,4330,10167,0.000364127141513859,0.00208065275158922,0.0160242359713443,0.0564592328471743,0.201456159586276,0.0126485225397761,1,0,0
DEUTNP,2002,52,b,85.2761239286871,3138.72387607131,3485,5760,5872,18341,0.000357304329856663,0.00297142274137809,0.0225318438538165,0.0649225684953445,0.212193833815345,0.0117117621190057,1,0,0
DEUTNP,2003,1,m,50.2802817726678,2151.71971822733,2229,2413,1526,8370,0.000418341862058394,0.00405063405654919,0.0303051457145449,0.0769982602919451,0.264262894423451,0.010983388546976,1,0,0
DEUTNP,2003,1,f,38.345289142023,1036.65471085798,1338,3151,4301,9865,0.00033573413599182,0.0019882290627245,0.0156069438244164,0.0510174668410181,0.212684323180156,0.0122801956650675,1,0,0
DEUTNP,2003,1,b,88.6255709146908,3188.37442908531,3567,5564,5827,18235,0.000378091059355187,0.00302904177162619,0.0223941125935461,0.0597627121563406,0.224141146755547,0.0116488850547746,1,0,0
DEUTNP,2003,2,m,55.5544372033672,2215.44556279663,2248,2422,1533,8474,0.000462223875561022,0.00417059860123785,0.0305634668309991,0.0772854481670498,0.265475109535486,0.0111198607583124,1,0,0
DEUTNP,2003,2,f,42.0222346761896,1032.97776532381,1319,3199,4198,9791,0.000367927820265008,0.00198117694604909,0.0153853205563566,0.0517946291413573,0.207590976217227,0.0121880786372708,1,0,0
DEUTNP,2003,2,b,97.5766718795568,3248.42332812044,3567,5621,5731,18265,0.0004162779078152,0.00308608984661334,0.0223941125935461,0.0603749469861234,0.220448414631207,0.0116680496586486,1,0,0
DEUTNP,2003,3,m,47.8190092383414,2105.18099076166,2138,2441,1413,8145,0.0003978635890905,0.00396302443303548,0.0290679235252118,0.0778917336811596,0.244694279043471,0.0106881361666809,1,0,0
DEUTNP,2003,3,f,38.8705670754754,1044.12943292452,1320,3180,4133,9716,0.000340333233745132,0.00200256504122615,0.0153969849388861,0.0514870023974731,0.204376728133825,0.0120947167847741,1,0,0
DEUTNP,2003,3,b,86.6895763138168,3149.31042368618,3458,5621,5546,17861,0.000369831792396501,0.00299192991203982,0.0217097957242731,0.0603749469861234,0.213332212099926,0.0114099663264782,1,0,0
DEUTNP,2003,4,m,47.4673988762948,2109.53260112371,2193,2278,1366,7994,0.000394938121523658,0.00397121638340151,0.0298156951781055,0.0726904421653755,0.236555120434099,0.0104899890136829,1,0,0
DEUTNP,2003,4,f,35.1936215413088,1003.80637845869,1214,3120,4142,9515,0.000308139549471944,0.00192522832732608,0.0141605603907634,0.050515549522049,0.20482177786845,0.0118445070200829,1,0,0
DEUTNP,2003,4,b,82.6610204176036,3113.3389795824,3407,5398,5508,17509,0.000352645319567604,0.00295775606916173,0.0213896107670904,0.0579797124766223,0.211870505634041,0.0111851016410227,1,0,0
DEUTNP,2003,5,m,49.2254506865279,2083.77454931347,2157,2302,1395,7987,0.000409565459357868,0.0039227265912557,0.029326244641666,0.0734562764989879,0.241577154469669,0.0104808033840737,1,0,0
DEUTNP,2003,5,f,37.8200112085706,973.179988791429,1215,3050,3970,9246,0.000331135038238507,0.00186648911803586,0.0141722247732929,0.0493821878340543,0.196316382940065,0.0115096491757947,1,0,0
DEUTNP,2003,5,b,87.0454618950985,3056.9545381049,3372,5352,5365,17233,0.000371350058005933,0.00290418932776927,0.0211698759925532,0.0574856282280257,0.206369873407158,0.0110087872853814,1,0,0
DEUTNP,2003,6,m,46.4125677901549,2061.58743220985,2216,2301,1423,8048,0.000386161718823133,0.0038809591196862,0.0301283996874973,0.0734243667350873,0.246426014917806,0.0105608495849537,1,0,0
DEUTNP,2003,6,f,36.7694553416659,993.230544658334,1314,3065,3915,9324,0.000321936842731882,0.00190494463989942,0.0153269986437093,0.0496250510529103,0.193596634561802,0.0116067455023913,1,0,0
DEUTNP,2003,6,b,83.1820231318208,3054.81797686818,3530,5366,5338,17372,0.000354868001645838,0.00290215953692205,0.0221618215461782,0.0576360016949899,0.205331292497188,0.0110975832833312,1,0,0
DEUTNP,2003,7,m,45.7093470660616,2014.29065293394,2188,2313,1380,7941,0.000380310783689449,0.00379192245599939,0.0297477159369333,0.0738072839018935,0.238979550658167,0.0104204406752134,1,0,0
DEUTNP,2003,7,f,40.4464008758325,1009.55359912417,1301,3086,3878,9315,0.00035413052700507,0.0019362510825765,0.0151753616708264,0.0499650595593088,0.191766985652788,0.0115955420800917,1,0,0
DEUTNP,2003,7,b,86.1557479418941,3023.84425205811,3489,5399,5258,17256,0.000367554393982353,0.00287273366227675,0.0219044179531489,0.0579904534385483,0.202254015726904,0.0110234801483515,1,0,0
DEUTNP,2003,8,m,49.5770610485745,2076.42293895143,2313,2536,1471,8446,0.00041249092692471,0.00390888711065294,0.0314471969662371,0.0809231612517086,0.254738347114612,0.0110831182398756,1,0,0
DEUTNP,2003,8,f,46.2244581438086,1099.77554185619,1338,3348,4329,10161,0.000404720602291509,0.00210929026983569,0.0156069438244164,0.0542070704486603,0.214068922354544,0.0126486637762546,1,0,0
DEUTNP,2003,8,b,95.8015191923831,3176.19848080762,3651,5884,5800,18607,0.000408704818546678,0.00301747429209623,0.0229214760524353,0.063199819972665,0.223102565845577,0.0118865261428128,1,0,0
DEUTNP,2003,9,m,57.3124890136003,2176.6875109864,2483,2737,1787,9241,0.000476851213395232,0.00409763617806623,0.0337584911660902,0.0873370237957123,0.309461200743583,0.0121263433169182,1,0,0
DEUTNP,2003,9,f,48.8508478110704,1133.14915218893,1429,3617,4826,11054,0.000427716091058072,0.00217329845047346,0.0166684026345971,0.0585624175068113,0.238645557699937,0.0137602922333154,1,0,0
DEUTNP,2003,9,b,106.163336824671,3309.83666317533,3912,6354,6613,20295,0.000452910013108504,0.00314443417264957,0.0245600696568411,0.0682480720778915,0.254375391023586,0.0129648545207925,1,0,0
DEUTNP,2003,10,m,60.47698227202,2312.52301772798,2412,2724,1634,9143,0.000503180421496809,0.0043533478885809,0.0327931859414457,0.0869221968650056,0.282965641866265,0.0119977445023896,1,0,0
DEUTNP,2003,10,f,35.1936215413088,1060.80637845869,1423,3552,4862,10933,0.000308139549471944,0.00203455022148069,0.0165984163394204,0.057510010225102,0.240425756638437,0.0136096684446207,1,0,0
DEUTNP,2003,10,b,95.6706038133288,3373.32939618667,3835,6276,6496,20076,0.000408146312306981,0.00320475398287375,0.0240766531528593,0.0674102770476624,0.249874873747046,0.0128249529125119,1,0,0
DEUTNP,2003,11,m,59.4221511858801,2224.57784881412,2381,2506,1570,8741,0.000494404018796283,0.00418779022170925,0.0323717146461783,0.0799658683346931,0.271882532270524,0.0114702269162625,1,0,0
DEUTNP,2003,11,f,33.6177877409517,1033.38221225905,1338,3455,4537,10397,0.000294342256212006,0.0019819526461376,0.0156069438244164,0.0559394947431665,0.224354516221429,0.0129424424054442,1,0,0
DEUTNP,2003,11,b,93.0399389268318,3257.96006107317,3719,5961,6107,19138,0.000396923469243983,0.00309515000034408,0.023348389328679,0.0640268740409681,0.234911615451541,0.0122257396313834,1,0,0
DEUTNP,2003,12,m,54.4996061172273,2136.50039388277,2284,2557,1451,8483,0.000453447472860497,0.00402198352507637,0.0310529173674386,0.0815932662936194,0.251274875365942,0.0111316708535242,1,0,0
DEUTNP,2003,12,f,38.8705670754754,1030.12943292452,1306,3102,4288,9765,0.000340333233745132,0.00197571404967941,0.0152336835834737,0.0502241136594218,0.212041473563475,0.0121557131950719,1,0,0
DEUTNP,2003,12,b,93.3701731927027,3166.62982680729,3590,5659,5739,18248,0.000398332302181587,0.00300838381250863,0.0225385097310991,0.0607831035393119,0.220756142308235,0.0116571897164533,1,0,0
DEUTNP,2003,13,m,49.2254506865279,2065.77454931347,2266,2412,1375,8168,0.000409565459357868,0.00388884140983535,0.0308081920992189,0.0769663505280446,0.238113682721,0.0107183175211111,1,0,0
DEUTNP,2003,13,f,39.9211229423801,974.07887705762,1290,3137,4061,9502,0.000349531429251758,0.00186821312098136,0.0150470534630023,0.0507907945034192,0.200816330256827,0.0118283242989835,1,0,0
DEUTNP,2003,13,b,89.146573628908,3039.85342637109,3556,5549,5436,17670,0.000380313741433421,0.00288794281001074,0.0223250530929772,0.0596015977274504,0.209100956540785,0.0112879516818134,1,0,0
DEUTNP,2003,14,m,49.5770610485745,2027.42293895143,2151,2327,1287,7842,0.00041249092692471,0.00381664411678642,0.0292446695522594,0.0742540205965008,0.222874407026856,0.0102905296278836,1,0,0
DEUTNP,2003,14,f,38.345289142023,1061.65471085798,1232,3078,3621,9031,0.00033573413599182,0.00203617726191512,0.0143705192762937,0.0498355325092522,0.179058343230724,0.0112420118653041,1,0,0
DEUTNP,2003,14,b,87.9223501905975,3089.07764980941,3383,5405,4908,16873,0.000375091005693599,0.00293470715098976,0.0212389354931221,0.0580548992101044,0.188790929856912,0.0107788120388929,1,0,0
DEUTNP,2003,15,m,54.4996061172273,2113.50039388277,2058,2275,1206,7707,0.000453447472860497,0.00397868579326148,0.0279802556664574,0.0725947128736739,0.208847346444746,0.0101133781997066,1,0,0
DEUTNP,2003,15,f,38.345289142023,994.654710857977,1223,2951,3564,8771,0.00033573413599182,0.00190767608808426,0.0142655398335286,0.0477792905896047,0.176239694911433,0.0109183574433155,1,0,0
DEUTNP,2003,15,b,92.8448952592503,3108.15510474075,3281,5226,4770,16478,0.000396091381324715,0.0029528312481335,0.0205985655787566,0.056132267025348,0.183482627428173,0.0105264780878846,1,0,0
DEUTNP,2003,16,m,54.4996061172273,2011.50039388277,2030,2259,1274,7629,0.000453447472860497,0.00378666976521281,0.0275995719158933,0.0720841566512657,0.220623150390221,0.0100110240412043,1,0,0
DEUTNP,2003,16,f,34.6683436078564,974.331656392144,1314,2872,3552,8747,0.000303540451718632,0.00186869793353668,0.0153269986437093,0.0465002109702964,0.175646295265267,0.0108884816505166,1,0,0
DEUTNP,2003,16,b,89.1679497250837,2985.83205027491,3344,5131,4826,16376,0.000380404935326611,0.00283662104451691,0.0209940881729235,0.0551118756423766,0.185636721167371,0.0104613184347128,1,0,0
DEUTNP,2003,17,m,48.5222299624347,1897.47777003757,2092,2155,1234,7427,0.000403714524224184,0.00357202102660061,0.028442514506428,0.068765541205612,0.213696206892883,0.00974595301533938,1,0,0
DEUTNP,2003,17,f,36.2441774082135,974.755822591786,1225,2873,3507,8616,0.000317337744978569,0.00186951145375389,0.0142888685985875,0.0465164018515535,0.173421046592143,0.0107254096148223,1,0,0
DEUTNP,2003,17,b,84.7664073706482,2872.23359262936,3317,5028,4741,16043,0.00036162724177373,0.00272869944338319,0.0208245784897091,0.0540055565639972,0.182367114598945,0.0102485913317109,1,0,0
DEUTNP,2003,18,m,58.0157097376936,1941.98429026231,1923,2185,1153,7261,0.000482702148528916,0.00365580499950083,0.0261448161548093,0.0697228341226275,0.199669146310773,0.00952812237032169,1,0,0
DEUTNP,2003,18,f,38.345289142023,933.654710857977,1150,2834,3358,8314,0.00033573413599182,0.00179068248205915,0.013414039908878,0.0458849574825279,0.166053000985576,0.0103494725554355,1,0,0
DEUTNP,2003,18,b,96.3609988797166,2875.63900112029,3073,5019,4511,15575,0.000411091649632655,0.00273193467337198,0.0192927132043642,0.0539088879066631,0.173519943884379,0.00994962351127581,1,0,0
DEUTNP,2003,19,m,54.1479957551807,2023.85200424482,2026,2196,1136,7436,0.000450522005293655,0.00380992179621011,0.0275451885229556,0.0700738415255332,0.196725195324404,0.00975776311055118,1,0,0
DEUTNP,2003,19,f,42.0222346761896,964.97776532381,1146,2685,3394,8232,0.000367927820265008,0.0018507578442506,0.0133673823787602,0.0434725161752249,0.167833199924075,0.0102473969300391,1,0,0
DEUTNP,2003,19,b,96.1702304313703,2988.82976956863,3172,4881,4530,15668,0.000410277800492024,0.00283946895876357,0.0199142487094836,0.0524266351608732,0.174250797117321,0.0100090337832854,1,0,0
DEUTNP,2003,20,m,53.7963853931341,1978.20361460687,1951,2087,1083,7153,0.000447596537726813,0.00372398824263072,0.0265254999053733,0.0665956772603769,0.187546995190431,0.00938640122778007,1,0,0
DEUTNP,2003,20,f,32.0419539405946,950.958046059405,1154,2635,3117,7889,0.000280544962952069,0.00182386903257515,0.0134606974389959,0.0426629721123715,0.154135558091733,0.00982042205795417,1,0,0
DEUTNP,2003,20,b,85.8383393337287,2929.16166066627,3105,4722,4200,15042,0.000366200277380664,0.00278278264468125,0.0194936135696553,0.050718822214637,0.1615570304399,0.00960913238244691,1,0,0
DEUTNP,2003,21,m,54.851216479274,1945.14878352073,1935,2140,1115,7190,0.000456372940427339,0.00366176218995444,0.0263079663336225,0.0682868947471043,0.193088549988302,0.00943495384142859,1,0,0
DEUTNP,2003,21,f,32.5672318740469,959.432768125953,1186,2776,3235,8189,0.000285144060705381,0.00184012293904443,0.0138339576799386,0.044945886369618,0.15997065461237,0.010193869467941,1,0,0
DEUTNP,2003,21,b,87.4184483533209,2904.58155164668,3121,4916,4350,15379,0.000372941278729918,0.00275943087762018,0.0195940637523009,0.0528025688282837,0.167326924384182,0.00982441476596537,1,0,0
DEUTNP,2003,22,m,63.9930858924863,2023.00691410751,2005,2103,1155,7350,0.000532435097165228,0.00380833090550905,0.0272596757100326,0.0671062334827852,0.20001549348564,0.0096449110896384,1,0,0
DEUTNP,2003,22,f,35.1936215413088,964.806378458691,1250,2788,3288,8326,0.000308139549471944,0.00185042913658871,0.014580478161824,0.0451401769447028,0.162591503049605,0.010364410451835,1,0,0
DEUTNP,2003,22,b,99.1867074337951,2987.8132925662,3255,4891,4443,15676,0.000423146580614921,0.00283850327817343,0.0204353340319575,0.0525340447801333,0.170904258629637,0.0100141443443184,1,0,0
DEUTNP,2003,23,m,60.8285926340666,2121.17140736593,2132,2226,1200,7740,0.000506105889063651,0.00399312655345897,0.0289863484358052,0.0710311344425486,0.207808304920145,0.0101566818821498,1,0,0
DEUTNP,2003,23,f,35.1936215413088,977.806378458691,1224,2895,3533,8665,0.000308139549471944,0.00187536220016783,0.014277204216058,0.046872601239209,0.174706745825503,0.0107864060251202,1,0,0
DEUTNP,2003,23,b,96.0222141753754,3098.97778582462,3356,5121,4733,16405,0.000409646339137775,0.00294411254743922,0.0210694258099077,0.0550044660231165,0.182059386921916,0.0104798442184578,1,0,0
DEUTNP,2003,24,m,60.47698227202,2001.52301772798,1913,2040,1084,7099,0.000503180421496809,0.00376788725404035,0.026008857672465,0.0650959183570527,0.187720168777865,0.00931554065650925,1,0,0
DEUTNP,2003,24,f,40.4464008758325,969.553599124167,1131,2805,3328,8274,0.00035413052700507,0.00185953396387151,0.0131924166408183,0.0454154219260729,0.16456950187016,0.0102996795674373,1,0,0
DEUTNP,2003,24,b,100.923383147853,2971.07661685215,3044,4845,4412,15373,0.0004305555208757,0.00282260298447092,0.0191106472483191,0.0520399605315367,0.169711813881152,0.00982058184519056,1,0,0
DEUTNP,2003,25,m,44.3029056178751,1854.69709438212,1888,2020,980,6787,0.000368608913422081,0.00349148597349672,0.0256689614666042,0.0644577230790424,0.169710115684785,0.00890612402250011,1,0,0
DEUTNP,2003,25,f,33.6177877409517,971.382212259048,1100,2633,3078,7816,0.000294342256212006,0.00186304111214487,0.0128308207824051,0.0426305903498574,0.152207009241692,0.00972954985485737,1,0,0
DEUTNP,2003,25,b,77.9206933588268,2826.07930664117,2988,4653,4058,14603,0.000332422315519843,0.00268485162584881,0.0187590716090596,0.0499776958417421,0.156094864172647,0.0093286903457567,1,0,0
DEUTNP,2003,26,m,50.6318921347144,1983.36810786529,1896,2126,1117,7173,0.000421267329625236,0.00373371045324215,0.0257777282524797,0.067840158052497,0.193434897163169,0.00941264588380629,1,0,0
DEUTNP,2003,26,f,33.6177877409517,912.382212259048,1138,2663,3223,7970,0.000294342256212006,0.001749883362055,0.0132740673185245,0.0431163167875694,0.159377254966204,0.00992125285865062,1,0,0
DEUTNP,2003,26,b,84.2496798756661,2895.75032012434,3034,4789,4340,15143,0.000359422798474134,0.00275104096929195,0.0190478658841656,0.0514384666636799,0.166942264787897,0.00967365321548954,1,0,0
DEUTNP,2003,27,m,55.5544372033672,1921.44556279663,1860,1989,1090,6916,0.000462223875561022,0.00361714063803874,0.0252882777160402,0.0634685203981264,0.188759210302465,0.00907540205386928,1,0,0
DEUTNP,2003,27,f,37.8200112085706,941.179988791429,1177,2686,3111,7953,0.000331135038238507,0.00180511542307187,0.0137289782371734,0.043488707056482,0.15383885826865,0.00990009083875136,1,0,0
DEUTNP,2003,27,b,93.3744484119378,2862.62555158806,3037,4675,4201,14869,0.000398350540960225,0.00271957154504349,0.0190667002934117,0.0502139970041144,0.161595496399529,0.00949861650010658,1,0,0
DEUTNP,2003,28,m,52.7415543069942,1974.25844569301,1882,2056,1088,7053,0.000438820135026287,0.00371656142238738,0.0255873863771977,0.0656064745794609,0.188412863127598,0.00925517794764893,1,0,0
DEUTNP,2003,28,f,30.9913980736898,893.00860192631,1134,2749,3162,7969,0.000271346767445443,0.00171272617296398,0.0132274097884067,0.0445087325756772,0.156360806764857,0.00992000803395066,1,0,0
DEUTNP,2003,28,b,83.732952380684,2867.26704761932,3016,4805,4250,15022,0.000357218355174538,0.00272398109156139,0.0189348594286894,0.0516103220544962,0.163480328421328,0.00959635597986422,1,0,0
DEUTNP,2003,29,m,50.2802817726678,2039.71971822733,1992,2246,1168,7496,0.000418341862058394,0.00383979292771143,0.027082929682985,0.071669329720559,0.202266750122275,0.00983649707862986,1,0,0
DEUTNP,2003,29,f,37.8200112085706,1013.17998879143,1177,2935,3536,8699,0.000331135038238507,0.00194320623674085,0.0137289782371734,0.0475202364894916,0.174855095737045,0.0108287300649187,1,0,0
DEUTNP,2003,29,b,88.1002929812384,3052.89970701876,3169,5181,4704,16195,0.000375850138498315,0.00290033712878512,0.0198954143002376,0.0556489237386773,0.180943874092688,0.0103456919913394,1,0,0
DEUTNP,2003,30,m,53.0931646690408,1980.90683533096,2028,2150,1172,7384,0.000441745602593129,0.00372907708288934,0.0275723802194245,0.0686059923861094,0.202959444472009,0.00968952700488299,1,0,0
DEUTNP,2003,30,f,39.3958450089278,963.604154991072,1190,2940,3518,8651,0.000344932331498445,0.00184812335857683,0.0138806152100564,0.047601190895777,0.173964996267795,0.0107689784793208,1,0,0
DEUTNP,2003,30,b,92.4890096779686,2944.51099032203,3218,5090,4690,16035,0.000394573115715283,0.00279736492217966,0.0202030429845896,0.0546714962034101,0.180405350657889,0.0102434807706779,1,0,0
DEUTNP,2003,31,m,51.3351128588077,1945.66488714119,1950,2006,1084,7037,0.000427118264758919,0.00366273376022173,0.0265119040571389,0.0640109863844351,0.187720168777865,0.00923418222282795,1,0,0
DEUTNP,2003,31,f,39.9211229423801,962.07887705762,1078,2760,3212,8052,0.000349531429251758,0.00184519798536986,0.012574204366757,0.0446868322695049,0.158833305290551,0.010023328484047,1,0,0
DEUTNP,2003,31,b,91.2562358011878,2907.74376419881,3028,4766,4296,15089,0.000389313902418185,0.00276243506490251,0.0190101970656735,0.0511914245393816,0.165249762564241,0.00963915692851625,1,0,0
DEUTNP,2003,32,m,59.7737615479267,2139.22623845207,2220,2542,1366,8327,0.000497329486363125,0.00402711495495162,0.0301827830804351,0.0811146198351117,0.236555120434099,0.0109269625365196,1,0,0
DEUTNP,2003,32,f,44.1233464099991,1059.87665359,1324,3414,4137,9979,0.000386324211278258,0.00203276707615283,0.0154436424690039,0.0552756686116267,0.204574528015881,0.0124221056808625,1,0,0
DEUTNP,2003,32,b,103.897107957926,3199.10289204207,3544,5956,5503,18306,0.000443241913212215,0.0030392341010292,0.0222497154559931,0.063973169231338,0.211678175835898,0.0116942412839432,1,0,0
DEUTNP,2003,33,m,47.1157885142481,2118.88421148575,2222,2503,1375,8266,0.000392012653956817,0.00398882088416209,0.0302099747769039,0.0798701390429916,0.238113682721,0.0108469163356396,1,0,0
DEUTNP,2003,33,f,38.8705670754754,1006.12943292452,1310,3633,4556,10544,0.000340333233745132,0.00192968377845641,0.0152803411135915,0.0588214716069244,0.225294065661192,0.0131254316363378,1,0,0
DEUTNP,2003,33,b,85.9863555897235,3125.01364441027,3532,6136,5931,18810,0.000366831738734913,0.00296884731588318,0.0221743778190089,0.0659065423780205,0.228141606556916,0.0120162066290272,1,0,0
DEUTNP,2003,34,m,58.3673200997402,1995.63267990026,1848,1959,1181,7042,0.000485627616095758,0.00375679863371149,0.025125127537227,0.0625112274811109,0.20451800675891,0.00924074338683451,1,0,0
DEUTNP,2003,34,f,44.6486243434515,913.351375656548,1164,2755,3325,8202,0.000390923309031571,0.00175174214764027,0.0135773412642905,0.0446058778632196,0.164421151958618,0.0102100521890404,1,0,0
DEUTNP,2003,34,b,103.015944443192,2908.98405555681,3012,4714,4506,15244,0.000439482726745911,0.00276361337517187,0.018909746883028,0.0506328945192289,0.173327614086236,0.00973817404853216,1,0,0
DEUTNP,2003,35,m,51.3351128588077,1845.66488714119,1872,1937,1037,6743,0.000427118264758919,0.00347448275233088,0.0254514278948534,0.0618092126752995,0.179581010168492,0.00884838577924241,1,0,0
DEUTNP,2003,35,f,35.1936215413088,905.806378458691,1118,2667,3107,7833,0.000308139549471944,0.00173727138649885,0.0130407796679353,0.0431810803125977,0.153641058386595,0.00975071187475662,1,0,0
DEUTNP,2003,35,b,86.5287344001165,2751.47126559988,2990,4604,4144,14576,0.000369145614706338,0.00261397197295996,0.0187716278818903,0.0494513887073674,0.159402936700702,0.00931144220227006,1,0,0
DEUTNP,2003,36,m,53.7963853931341,1962.20361460687,1944,2069,1085,7114,0.000447596537726813,0.00369386808136818,0.0264303289677323,0.0660213015101676,0.187893342365298,0.00933522414852892,1,0,0
DEUTNP,2003,36,f,45.6991802103562,944.300819789644,1139,2690,3110,7929,0.000400121504538196,0.00181110095212557,0.013285731701054,0.0435534705815102,0.153789408298136,0.00987021504595242,1,0,0
DEUTNP,2003,36,b,99.4955656034903,2906.50443439651,3083,4759,4195,15043,0.000424464219659334,0.00276125766813702,0.0193554945685177,0.0511162378058995,0.161364700641758,0.00960977120257605,1,0,0
DEUTNP,2003,37,m,44.3029056178751,1876.69709438212,1865,2041,1099,6926,0.000368608913422081,0.00353290119523271,0.0253562569572123,0.0651278281209532,0.190317772589366,0.00908852438188239,1,0,0
DEUTNP,2003,37,f,45.1739022769038,968.826097723096,1091,2673,3072,7850,0.000395522406784884,0.00185813866858791,0.0127258413396399,0.0432782256001401,0.151910309418609,0.00977187389465588,1,0,0
DEUTNP,2003,37,b,89.4768078947789,2845.52319210522,2956,4714,4171,14776,0.000381722574371024,0.00270332384188971,0.0185581712437685,0.0506328945192289,0.160441517610672,0.00943920622809703,1,0,0
DEUTNP,2003,38,m,51.6867232208543,1909.31327677915,1962,2212,1080,7215,0.000430043732325761,0.00359430148733062,0.0266750542359521,0.0705843977479414,0.187027474428131,0.00946775966146137,1,0,0
DEUTNP,2003,38,f,44.1233464099991,951.876653590001,1150,2862,3257,8265,0.000386324211278258,0.00182563085564935,0.013414039908878,0.0463383021577257,0.161058553963675,0.0102884761451377,1,0,0
DEUTNP,2003,38,b,95.8100696308534,2861.18993036915,3112,5074,4337,15480,0.000408741296103954,0.00271820766613371,0.0195375605245628,0.0544996408125939,0.166826866909011,0.00988893559900799,1,0,0
DEUTNP,2003,39,m,46.0609574281083,1899.93904257189,1976,2121,1047,7090,0.000383236251256291,0.00357665439695342,0.0268653961112341,0.0676806092329945,0.181312746042827,0.00930373056129745,1,0,0
DEUTNP,2003,39,f,38.345289142023,917.654710857977,1135,2694,3111,7896,0.00033573413599182,0.00175999563457715,0.0132390741709362,0.0436182341065385,0.15383885826865,0.00982913583085386,1,0,0
DEUTNP,2003,39,b,84.4062465701313,2817.59375342987,3111,4815,4158,14986,0.00036009073738566,0.002676790121247,0.0195312823881474,0.0517177316737563,0.159941460135501,0.00957335845521536,1,0,0
DEUTNP,2003,40,m,53.7963853931341,1904.20361460687,1894,2080,1049,6981,0.000447596537726813,0.00358468249679149,0.0257505365560108,0.0663723089130733,0.181659093217694,0.00916069718595451,1,0,0
DEUTNP,2003,40,f,34.6683436078564,941.331656392144,1096,2727,3144,7943,0.000303540451718632,0.00180540631060506,0.0127841632522872,0.0441525331880217,0.155470707295608,0.0098876425917518,1,0,0
DEUTNP,2003,40,b,88.4647290009905,2845.53527099901,2990,4807,4193,14924,0.000377404881665024,0.00270333531716486,0.0187716278818903,0.0516318039783482,0.161287768722501,0.009533751607209,1,0,0
DEUTNP,2003,41,m,50.6318921347144,2039.36810786529,1920,1990,1146,7146,0.000421267329625236,0.00383913101766103,0.026104028610106,0.0635004301620269,0.198456931198739,0.00937721559817089,1,0,0
DEUTNP,2003,41,f,38.345289142023,912.654710857977,1134,2800,3156,8041,0.00033573413599182,0.00175040599473903,0.0132274097884067,0.0453344675197876,0.156064106941774,0.0100096354123475,1,0,0
DEUTNP,2003,41,b,88.9771812767374,2952.02281872327,3054,4790,4302,15187,0.000379591086185981,0.0028045013619281,0.0191734286124726,0.051449207625606,0.165480558322012,0.00970176130117147,1,0,0
DEUTNP,2003,42,m,56.2576579274605,1925.74234207254,1983,2147,1141,7253,0.000468074810694706,0.00362522936833248,0.0269605670488751,0.0685102630944079,0.197591063261572,0.0095176245079112,1,0,0
DEUTNP,2003,42,f,40.9716788092849,939.028321190715,1099,2841,3199,8119,0.000358729624758383,0.00180098867960342,0.0128191563998756,0.0459982936513273,0.158190455673871,0.0101067317389441,1,0,0
DEUTNP,2003,42,b,97.2293367367454,2864.77066326325,3082,4988,4340,15372,0.000414796119763045,0.00272160945903806,0.0193492164321023,0.0535759180869567,0.166942264787897,0.00981994302506143,1,0,0
DEUTNP,2003,43,m,45.357736704015,1909.64226329599,2025,2273,1180,7433,0.000377385316122607,0.0035949208077644,0.0275315926747212,0.0725308933458729,0.204344833171476,0.00975382641214724,1,0,0
DEUTNP,2003,43,f,46.2244581438086,982.775541856191,1223,2878,3365,8495,0.000404720602291509,0.00188489269762359,0.0142655398335286,0.0465973562578388,0.166399150779173,0.0105747858261276,1,0,0
DEUTNP,2003,43,b,91.5821948478236,2892.41780515218,3248,5151,4545,15928,0.00039070449657715,0.00274787499011362,0.0203913870770501,0.0553266948808969,0.174827786511749,0.0101751270168604,1,0,0
DEUTNP,2003,44,m,53.7963853931341,1967.20361460687,1979,2301,1220,7521,0.000447596537726813,0.00370328063176273,0.0269061836559374,0.0734243667350873,0.211271776668814,0.00986930289866264,1,0,0
DEUTNP,2003,44,f,34.1430656744041,998.856934325596,1183,3055,3510,8781,0.000298941353965319,0.00191573564999902,0.0137989645323502,0.0494631422403397,0.173569396503684,0.0109308056903151,1,0,0
DEUTNP,2003,44,b,87.9394510675382,2966.06054893247,3162,5356,4730,16302,0.000375163960808152,0.00281783758454818,0.0198514673453302,0.0575285920757298,0.181943989043031,0.0104140457451569,1,0,0
DEUTNP,2003,45,m,58.0157097376936,1910.98429026231,2031,2093,1182,7275,0.000482702148528916,0.00359744718705466,0.0276131677641278,0.06678713584378,0.204691180346343,0.00954649362954005,1,0,0
DEUTNP,2003,45,f,44.6486243434515,916.351375656548,1148,2825,3334,8268,0.000390923309031571,0.00175749593154314,0.0133907111438191,0.0457392395512143,0.164866201693243,0.0102922106192376,1,0,0
DEUTNP,2003,45,b,102.664334081145,2827.33566591886,3179,4918,4516,15543,0.000437982699915118,0.00268604520107561,0.0199581956643911,0.0528240507521357,0.173712273682521,0.00992918126714349,1,0,0
DEUTNP,2003,46,m,51.3351128588077,1893.66488714119,2023,2219,1164,7351,0.000427118264758919,0.00356484323611849,0.0275044009782523,0.070807766095245,0.201574055772541,0.00964622332243971,1,0,0
DEUTNP,2003,46,f,34.6683436078564,977.331656392144,1200,2966,3312,8490,0.000303540451718632,0.00187445171743955,0.013997259035351,0.0480221538084607,0.163778302341938,0.0105685617026278,1,0,0
DEUTNP,2003,46,b,86.0034564666641,2870.99654353333,3223,5185,4476,15841,0.000366904693849466,0.00272752421335022,0.0202344336666664,0.0556918875863814,0.17217363529738,0.0101195496656257,1,0,0
DEUTNP,2003,47,m,46.7641781522015,1893.2358218478,1914,2134,1136,7124,0.000389087186389975,0.00356403551637916,0.0260224535206994,0.0680954361637012,0.196725195324404,0.00934834647654204,1,0,0
DEUTNP,2003,47,f,35.7188994747612,1016.28110052524,1174,2913,3384,8523,0.000312738647225257,0.00194915394566585,0.0136939850895851,0.0471640371018362,0.167338700218937,0.0106096409177264,1,0,0
DEUTNP,2003,47,b,82.4830776269627,2909.51692237304,3088,5047,4520,15647,0.000351886186762888,0.002764119613031,0.0193868852505944,0.0542096348405915,0.173866137521036,0.00999561856057352,1,0,0
DEUTNP,2003,48,m,46.0609574281083,1820.93904257189,1965,2353,1057,7242,0.000383236251256291,0.00342793610071964,0.0267158417806554,0.0750836744579142,0.183044481917161,0.00950318994709678,1,0,0
DEUTNP,2003,48,f,38.345289142023,922.654710857977,1077,2841,3130,8009,0.00033573413599182,0.00176958527441527,0.0125625399842275,0.0459982936513273,0.154778407708414,0.00996980102194891,1,0,0
DEUTNP,2003,48,b,84.4062465701313,2743.59375342987,3042,5194,4187,15251,0.00036009073738566,0.00260648812376026,0.0190980909754884,0.0557885562437155,0.161056972964729,0.0097426457894361,1,0,0
DEUTNP,2003,49,m,43.9512952558285,1931.04870474417,1928,2182,1172,7257,0.000365683445855239,0.00363521864954417,0.0262127953959814,0.0696271048309259,0.202959444472009,0.00952287343911645,1,0,0
DEUTNP,2003,49,f,38.8705670754754,957.129432924525,1107,2828,3291,8222,0.000340333233745132,0.0018357053080428,0.0129124714601113,0.0457878121949855,0.162739852961147,0.0102349486830396,1,0,0
DEUTNP,2003,49,b,82.8218623313039,2888.17813766869,3035,5010,4463,15479,0.000353331497257768,0.00274384719156269,0.019054144020581,0.053812219249329,0.171673577822208,0.00988829677887886,1,0,0
DEUTNP,2003,50,m,41.4900227215021,1976.5099772785,2060,2316,1277,7671,0.000345205172887346,0.00372079995329005,0.0280074473629262,0.0739030131935951,0.221142671152521,0.0100661378188593,1,0,0
DEUTNP,2003,50,f,42.547512609642,968.452487390358,1231,2981,3525,8748,0.000372526918018321,0.00185742211088176,0.0143588548937642,0.0482650170273167,0.174311146061392,0.0108897264752165,1,0,0
DEUTNP,2003,50,b,84.0375353311441,2944.96246466886,3291,5297,4802,16419,0.000358517755440313,0.00279779383499582,0.02066134694291,0.0568948753220949,0.184713538136286,0.0104887877002656,1,0,0
DEUTNP,2003,51,m,46.0609574281083,1981.93904257189,2037,2360,1189,7614,0.000383236251256291,0.00373102022342392,0.0276947428535343,0.0753070428052178,0.205903395458377,0.0099913405491846,1,0,0
DEUTNP,2003,51,f,41.4969567427372,992.503043257263,1235,3021,3510,8800,0.000363328722511695,0.00190354934461582,0.0144055124238821,0.0489126522775994,0.173569396503684,0.0109544573596142,1,0,0
DEUTNP,2003,51,b,87.5579141708455,2974.44208582915,3272,5381,4699,16414,0.000373536262526891,0.0028258002708434,0.0205420623510184,0.0577971161238801,0.180751544294546,0.01048559359962,1,0,0
DEUTNP,2003,52,m,44.6545159799217,1947.34548402008,2169,2436,1286,7883,0.000371534380988923,0.00366589750078482,0.0294893948204791,0.077732184861657,0.222701233439422,0.0103443311727374,1,0,0
DEUTNP,2003,52,f,31.5166760071422,989.483323992858,1229,3091,3587,8928,0.000275945865198756,0.00189775774058424,0.0143355261287053,0.0500460139655941,0.177377044233252,0.0111137949212086,1,0,0
DEUTNP,2003,52,b,76.1711919870639,2936.82880801294,3398,5527,4873,16811,0.000324958658923149,0.00279006664162038,0.0213331075393523,0.0593652965650781,0.187444621269913,0.0107392051908865,1,0,0
DEUTNP,2004,1,m,50.4176116724133,2037.58238832759,2124,2411,1313,7936,0.000427754836415074,0.00385879214482321,0.0277726483734057,0.0720076500001045,0.229765315428776,0.0104204801413218,1,0,0
DEUTNP,2004,1,f,48.5918413427163,953.408158657284,1280,3115,3810,9207,0.000433684402798778,0.00183669943283941,0.0144858491645714,0.0492779601746861,0.191850706141956,0.0114719520306598,1,0,0
DEUTNP,2004,1,b,99.0094530151296,2990.99054698487,3404,5526,5123,17143,0.000430644549888342,0.002856386049302,0.0206503001905405,0.057148531867766,0.200322842955494,0.0109599931814469,1,0,0
DEUTNP,2004,2,m,39.5638202707132,2036.43617972929,2008,2536,1324,7944,0.00033566872579794,0.00385662144450661,0.0262558747334268,0.0757409375364019,0.231690234293754,0.0104309846575933,1,0,0
DEUTNP,2004,2,f,40.8378241071765,981.162175892824,1250,3101,3902,9275,0.000364479444905356,0.00189016634231847,0.0141463370747768,0.0490564861963729,0.19648332161835,0.0115566802524568,1,0,0
DEUTNP,2004,2,b,80.4016443778897,3017.59835562211,3258,5637,5226,17219,0.000349709334805717,0.00288179641827509,0.0197645940131554,0.0582964665469774,0.204350415242126,0.0110085820796438,1,0,0
DEUTNP,2004,3,m,43.0650433035197,2030.93495669648,2060,2435,1325,7894,0.000365373922771209,0.00384620317806128,0.0269358077444518,0.0727244412070736,0.231865226917843,0.0103653314308965,1,0,0
DEUTNP,2004,3,f,35.6684792834832,1019.33152071652,1239,3155,3755,9204,0.000318342806309741,0.00196369792829552,0.0140218493085187,0.0499107429698667,0.18908120775933,0.0114682140208746,1,0,0
DEUTNP,2004,3,b,78.7335225870029,3050.266477413,3299,5590,5080,17098,0.000342453789643927,0.00291299436620389,0.0200133197205033,0.0578104041152392,0.198641429282434,0.0109312234390934,1,0,0
DEUTNP,2004,4,m,41.3144317871164,2054.68556821288,2048,2329,1215,7688,0.000350521324284574,0.00389118230316525,0.026778900126523,0.0695586133762934,0.21261603826806,0.0100948401369055,1,0,0
DEUTNP,2004,4,f,38.2531516953298,1006.74684830467,1244,3045,3581,8915,0.000341411125607548,0.00193945410315996,0.0140784346568178,0.0481705902831202,0.18031952196702,0.0111081190782374,1,0,0
DEUTNP,2004,4,b,79.5675834824462,3061.43241651755,3292,5374,4796,16603,0.000346081562224822,0.00292365780100403,0.0199708543558342,0.0555765852800171,0.187536278511527,0.0106147562732055,1,0,0
DEUTNP,2004,5,m,46.5662663363262,2010.43373366367,2157,2531,1273,8018,0.000395079119744478,0.00380737777455786,0.02820414432271,0.07559160603495,0.222765610465218,0.0105281514331046,1,0,0
DEUTNP,2004,5,f,42.9055620366537,990.094437963346,1222,3109,3614,8978,0.000382934100343602,0.00190737395747252,0.0138294591243018,0.0491830427554091,0.181981220996596,0.0111866172837258,1,0,0
DEUTNP,2004,5,b,89.4718283729799,3000.52817162702,3379,5640,4887,16996,0.00038916036887388,0.00286549444919272,0.020498638173865,0.0583274918085777,0.191094619075444,0.0108660120230923,1,0,0
DEUTNP,2004,6,m,45.1657771232036,1970.8342228768,2137,2382,1207,7742,0.00038319704095517,0.00373238385920082,0.0279426316261619,0.0711415272916835,0.211216097275349,0.0101657456217381,1,0,0
DEUTNP,2004,6,f,37.2192827305912,1014.78071726941,1248,3106,3682,9088,0.000332183797888425,0.00195493100299247,0.0141237029354571,0.0491355840457705,0.185405328087843,0.011323677642515,1,0,0
DEUTNP,2004,6,b,82.3850598537948,2985.61494014621,3385,5488,4889,16830,0.000358336259193757,0.00285125236260547,0.0205350370578671,0.0567555452208288,0.191172824362563,0.0107598836401885,1,0,0
DEUTNP,2004,7,m,45.8660217297649,2029.13397827024,2014,2257,1208,7554,0.000389138080349824,0.00384279246866174,0.0263343285423913,0.0674082397553861,0.211391089899437,0.00991888948935797,1,0,0
DEUTNP,2004,7,f,37.2192827305912,986.780717269409,1170,3014,3556,8764,0.000332183797888425,0.00190099021839511,0.013240971501991,0.0476801836168552,0.179060659065826,0.0109199725857176,1,0,0
DEUTNP,2004,7,b,83.0853044603561,3015.91469553965,3184,5271,4764,16318,0.000361381993860711,0.00288018852848213,0.0193156744437958,0.0545113846317399,0.186284993917622,0.010432547904967,1,0,0
DEUTNP,2004,8,m,44.1154102133616,1847.88458978664,2063,2242,1204,7401,0.00037428548186319,0.00349954072063865,0.026975034648934,0.0669602452510304,0.210691119403082,0.00971799061566565,1,0,0
DEUTNP,2004,8,f,43.9394310013924,974.060568998608,1145,3091,3469,8723,0.000392161428062725,0.0018764854048979,0.0129580447604955,0.0488982904975778,0.174679816169671,0.0108688864519871,1,0,0
DEUTNP,2004,8,b,88.054841214754,2821.94515878525,3208,5333,4673,16124,0.000382997141238853,0.00269494826440528,0.0194612699798044,0.0551525733714796,0.182726653353704,0.0103085183490433,1,0,0
DEUTNP,2004,9,m,48.66700015601,1929.33299984399,2136,2338,1236,7688,0.000412902237928439,0.0036537884638161,0.0279295559913345,0.0698274100789068,0.216290883373928,0.0100948401369055,1,0,0
DEUTNP,2004,9,f,35.6684792834832,1020.33152071652,1219,3081,3551,8907,0.000318342806309741,0.00196562438488829,0.0137955079153223,0.0487400947987827,0.178808886485587,0.0110981510521436,1,0,0
DEUTNP,2004,9,b,84.3354794394932,2949.66452056051,3355,5419,4787,16595,0.000366819666979558,0.00281691983117214,0.0203530426378565,0.0560419642040217,0.187184354719491,0.0106096416523427,1,0,0
DEUTNP,2004,10,m,49.0171224592907,1896.98287754071,2080,2340,1251,7617,0.000415872757625766,0.00359252350660844,0.0271973204409999,0.0698871426794875,0.218915772735262,0.010001612554996,1,0,0
DEUTNP,2004,10,f,41.8716930719151,967.128306928085,1223,3055,3608,8895,0.000373706772624479,0.00186313070292938,0.0138407761939616,0.0483287859819153,0.181679093900309,0.011083199013003,1,0,0
DEUTNP,2004,10,b,90.8888155312058,2864.11118446879,3303,5395,4859,16512,0.000395323596508907,0.00273521667904083,0.0200375856431714,0.0557937621112192,0.189999745055777,0.0105565774608908,1,0,0
DEUTNP,2004,11,m,52.8684677953778,1975.13153220462,2185,2418,1312,7943,0.000448548474296362,0.00374052214287125,0.0285702620978773,0.0722167141021371,0.229590322804687,0.0104296715930594,1,0,0
DEUTNP,2004,11,f,43.4224965190231,957.577503480977,1261,3182,3741,9185,0.000387547764203163,0.00184473149466251,0.0142708248410348,0.0503378713566136,0.188376244534661,0.0114445399589019,1,0,0
DEUTNP,2004,11,b,96.2909643144009,2932.7090356856,3446,5600,5053,17128,0.000418820402726122,0.00280072739936902,0.0209050923785554,0.0579138216539069,0.197585657906327,0.010950403267329,1,0,0
DEUTNP,2004,12,m,50.4176116724133,1994.58238832759,2157,2500,1285,7987,0.000427754836415074,0.00377735835192339,0.02820414432271,0.0746657507259482,0.224865521954286,0.0104874464325526,1,0,0
DEUTNP,2004,12,f,33.0838068716366,912.916193128363,1231,3168,3735,9080,0.000295274487011934,0.00175869341889229,0.0139313127512401,0.0501163973783004,0.188074117438374,0.0113137096164213,1,0,0
DEUTNP,2004,12,b,83.5014185440499,2907.49858145595,3388,5668,5020,17067,0.000363191894398664,0.00277665149921924,0.0205532364998682,0.0586170609168472,0.196295270668862,0.0109114042832499,1,0,0
DEUTNP,2004,13,m,42.3647986969584,1807.63520130304,1962,2301,1098,7211,0.000359432883376555,0.00342331606096149,0.0256543955313663,0.0687223569681628,0.192141901249654,0.00946850835421767,1,0,0
DEUTNP,2004,13,f,33.6007413540059,914.399258645994,1181,2953,3339,8421,0.000299888150871495,0.00176155048023622,0.0133654592682491,0.0467151898542049,0.168133729083462,0.0104925934669475,1,0,0
DEUTNP,2004,13,b,75.9655400509643,2722.03445994903,3143,5254,4437,15632,0.000330414367578349,0.00259953387848572,0.019066948736448,0.0543355748160048,0.173498429473654,0.00999396916597896,1,0,0
DEUTNP,2004,14,m,53.5687124019391,1912.43128759806,2118,2366,1183,7633,0.000454489513691016,0.00362177984673035,0.0276941945644412,0.0706636664870374,0.207016274297214,0.010022621587539,1,0,0
DEUTNP,2004,14,f,35.1515448011139,968.848455198886,1163,3145,3448,8760,0.00031372914245018,0.00186644449390619,0.0131617520143723,0.0497525472710716,0.173622371332668,0.0109149885726707,1,0,0
DEUTNP,2004,14,b,88.720257203053,2881.27974279695,3281,5511,4631,16393,0.00038589138779858,0.0027516125952849,0.0199041230684969,0.0569934055597645,0.181084342324203,0.0104804974755561,1,0,0
DEUTNP,2004,15,m,49.0171224592907,1846.98287754071,1993,2338,1086,7313,0.000415872757625766,0.00349783304974818,0.0260597402110158,0.0698274100789068,0.190041989760587,0.00960244093667922,1,0,0
DEUTNP,2004,15,f,38.7700861776992,930.229913822301,1131,2958,3310,8368,0.00034602478946711,0.00179204755026838,0.012799605785258,0.0467942877036024,0.166673448118078,0.0104265552940763,1,0,0
DEUTNP,2004,15,b,87.7872086369899,2777.21279136301,3124,5296,4396,15681,0.000381833065410972,0.00265222900192352,0.0189516856037746,0.0547699284784091,0.171895221087713,0.0100252962187638,1,0,0
DEUTNP,2004,16,m,48.66700015601,1924.33299984399,1969,2306,1112,7360,0.000412902237928439,0.00364431941813007,0.0257459249751581,0.0688716884696147,0.194591797986899,0.00966415496977425,1,0,0
DEUTNP,2004,16,f,25.8467241184661,920.153275881534,1120,2925,3390,8381,0.000230683192978073,0.0017726353446745,0.012675118019,0.0462722418975785,0.170701809401898,0.0104427533364787,1,0,0
DEUTNP,2004,16,b,74.5137242744761,2844.48627572552,3089,5231,4502,15741,0.000324099651836096,0.00271647495629964,0.0187393587804288,0.0540977144770691,0.176040101305024,0.0100636558752351,1,0,0
DEUTNP,2004,17,m,54.6190793117811,1968.38092068822,1983,2250,1093,7349,0.000463401072782997,0.00372773777309977,0.0259289838627417,0.0671991756533534,0.19126693812921,0.00964971125990094,1,0,0
DEUTNP,2004,17,f,35.1515448011139,919.848455198886,1190,2906,3154,8205,0.00031372914245018,0.0017720481208608,0.0134673128951875,0.0459716700698677,0.158818143614627,0.0102234567624159,1,0,0
DEUTNP,2004,17,b,89.770624112895,2888.22937588711,3173,5156,4247,15554,0.000390459989799012,0.00275824947182953,0.0192489431564586,0.0533220829370614,0.166068927197342,0.00994410161256632,1,0,0
DEUTNP,2004,18,m,56.3696908281843,1852.63030917182,2040,2178,1047,7174,0.000478253671269631,0.00350852820737291,0.0266742950479038,0.0650488020324461,0.183217277421118,0.00941992496646202,1,0,0
DEUTNP,2004,18,f,39.2870206600685,997.712979339932,1160,3057,3224,8478,0.000350638453326671,0.00192205074673468,0.0131278008053928,0.0483604251216743,0.16234295973797,0.0105636156528656,1,0,0
DEUTNP,2004,18,b,95.6567114882528,2850.34328851175,3200,5235,4271,15652,0.000416061701263644,0.00272206838407896,0.0194127381344682,0.0541390814925362,0.167007390642771,0.010006755718136,1,0,0
DEUTNP,2004,19,m,47.9667555494487,1855.03324445055,1941,2204,1033,7081,0.000406961198533785,0.00351307890815989,0.0253798071999908,0.065825325839996,0.180767380683873,0.0092978099648059,1,0,0
DEUTNP,2004,19,f,38.2531516953298,946.74684830467,1146,2829,3172,8132,0.000341411125607548,0.00182386670759417,0.0129693618301553,0.0447535631891451,0.159724524903487,0.0101324985243103,1,0,0
DEUTNP,2004,19,b,86.2199072447785,2801.78009275522,3087,5033,4205,15213,0.000375016041560884,0.0026756906932473,0.0187272258190948,0.0520500472114488,0.164426616167842,0.00972609089828799,1,0,0
DEUTNP,2004,20,m,43.0650433035197,1844.93495669648,1917,2192,1053,7050,0.000365373922771209,0.00349395467854111,0.0250659919641331,0.0654669302365114,0.184267233165652,0.00925710496425386,1,0,0
DEUTNP,2004,20,f,36.1854137658526,942.814586234147,1121,2742,3016,7858,0.000322956470169303,0.00181629137540394,0.0126864350886598,0.0433772606096274,0.151869220400037,0.00979109363059894,1,0,0
DEUTNP,2004,20,b,79.2504570693723,2787.74954293063,3038,4934,4069,14908,0.000344702211493583,0.00266229156471331,0.0184299682664107,0.0510262135786387,0.159108656643745,0.00953109597789242,1,0,0
DEUTNP,2004,21,m,48.3168778527294,1892.68312214727,1958,2155,1028,7082,0.000409931718231112,0.0035843805905566,0.0256020929920566,0.0643618771257674,0.179892417563429,0.00929912302933984,1,0,0
DEUTNP,2004,21,f,36.1854137658526,836.814586234147,1070,2822,3025,7790,0.000322956470169303,0.00161208697657106,0.0121092645360089,0.0446428261999885,0.152322411044467,0.00970636540880195,1,0,0
DEUTNP,2004,21,b,84.502291618582,2729.49770838142,3028,4977,4053,14872,0.000367545221495738,0.00260666125597818,0.0183693034597405,0.0514709089949098,0.158483014346793,0.00950808018400967,1,0,0
DEUTNP,2004,22,m,45.1657771232036,1916.8342228768,1878,2105,1069,7014,0.00038319704095517,0.00363011816579174,0.0245560422058643,0.0628685621112484,0.187067115151075,0.00920983464103214,1,0,0
DEUTNP,2004,22,f,41.3547585895458,922.645241410454,1115,2777,3069,7925,0.000369093108764917,0.00177743600809663,0.0126185326707009,0.0439309455554104,0.154538009750568,0.00987457584913421,1,0,0
DEUTNP,2004,22,b,86.5205357127494,2839.47946428725,2993,4882,4138,14939,0.000376323633991005,0.00271169346798696,0.0181569766363948,0.0504884423775667,0.161806739049353,0.00955091513373591,1,0,0
DEUTNP,2004,23,m,41.6645540903971,1825.3354459096,1965,2207,1050,7089,0.000353491843981901,0.00345683694592816,0.0256936224358485,0.0659149247408671,0.183742255293385,0.00930831448107739,1,0,0
DEUTNP,2004,23,f,43.4224965190231,948.577503480977,1151,2782,3165,8090,0.000387547764203163,0.00182739338532765,0.0130259471784544,0.044010043404808,0.159372043291153,0.0100801663873181,1,0,0
DEUTNP,2004,23,b,85.0870506094202,2773.91294939058,3116,4989,4215,15179,0.000370088648054858,0.00264907766378757,0.0189031537584384,0.051595010041311,0.164817642603437,0.00970435375962095,1,0,0
DEUTNP,2004,24,m,52.5183454920972,1926.4816545079,2014,2375,1098,7466,0.000445577954599035,0.00364838855996529,0.0263343285423913,0.0709324631896508,0.192141901249654,0.00980333981037154,1,0,0
DEUTNP,2004,24,f,36.7023482482219,985.297651751778,1136,2894,3244,8296,0.000327570134028864,0.00189813315705117,0.0128561911335571,0.0457818352313135,0.163350050058926,0.0103368430592325,1,0,0
DEUTNP,2004,24,b,89.2206937403191,2911.77930625968,3150,5269,4342,15762,0.000388068051347118,0.00278073957720484,0.0191094141011171,0.0544907011240063,0.169783678335498,0.010077081755,1,0,0
DEUTNP,2004,25,m,43.0650433035197,1900.93495669648,1900,2192,985,7021,0.000365373922771209,0.0036000079902246,0.0248437061720672,0.0654669302365114,0.172367734727604,0.0092190260927697,1,0,0
DEUTNP,2004,25,f,38.2531516953298,878.74684830467,1122,2651,3030,7720,0.000341411125607548,0.00169286765928629,0.0126977521583196,0.0419376797505916,0.152574183624705,0.00961914518048152,1,0,0
DEUTNP,2004,25,b,81.3181949988495,2779.68180500115,3022,4843,4015,14741,0.000353695898892207,0.00265458690175661,0.0183329045757384,0.0500851139767627,0.15699711389153,0.00942432826738075,1,0,0
DEUTNP,2004,26,m,46.9163886396068,1829.08361136039,1896,2141,985,6898,0.000398049639441805,0.00346393525590663,0.0247914036327576,0.0639437489217021,0.172367734727604,0.00905751915509548,1,0,0
DEUTNP,2004,26,f,31.0160689421593,895.983931057841,1010,2739,2967,7643,0.000276819831573688,0.00172607415099613,0.0114302403564196,0.0433298018999889,0.149401849113697,0.00952320292932905,1,0,0
DEUTNP,2004,26,b,77.9324575817661,2725.06754241823,2906,4880,3952,14541,0.00033896953366527,0.00260243046218109,0.0176291928183639,0.0504677588698332,0.15453364734728,0.00929646274580988,1,0,0
DEUTNP,2004,27,m,51.1178562789746,1840.88214372103,1897,2205,958,6952,0.000433695875809728,0.0034862794242968,0.024804479267585,0.0658551921402863,0.167642933877203,0.00912842463992806,1,0,0
DEUTNP,2004,27,f,37.2192827305912,925.780717269409,1135,2689,2966,7753,0.000332183797888425,0.00178347636623656,0.0128448740638973,0.0425388234060132,0.149351494597649,0.0096602632881183,1,0,0
DEUTNP,2004,27,b,88.3371390095658,2766.66286099044,3032,4894,3924,14705,0.000384225003862866,0.00264215385341872,0.0183935693824086,0.0506125434239679,0.153438773327613,0.00940131247349799,1,0,0
DEUTNP,2004,28,m,46.2161440330455,1856.78385596695,1862,2108,1040,6913,0.000392108600047151,0.00351639423224535,0.0243468320486259,0.0629581610121196,0.181992329052496,0.00907721512310453,1,0,0
DEUTNP,2004,28,f,37.2192827305912,903.780717269409,1101,2654,2894,7590,0.000332183797888425,0.00174109432119577,0.0124600936954634,0.0419851384602302,0.14572596944221,0.00945716475645787,1,0,0
DEUTNP,2004,28,b,83.4354267636367,2760.56457323636,2963,4762,3934,14503,0.000362904861194188,0.00263633000884557,0.0179749822163841,0.0492474319135544,0.153829799763208,0.00927216829671142,1,0,0
DEUTNP,2004,29,m,46.9163886396068,1843.08361136039,1765,2301,1016,6972,0.000398049639441805,0.0034904485838275,0.0230784954703677,0.0687223569681628,0.177792506074361,0.0091546859306068,1,0,0
DEUTNP,2004,29,f,42.9055620366537,892.094437963346,1170,2804,3087,7996,0.000382934100343602,0.00171858121138174,0.013240971501991,0.0443580739421573,0.155444391039428,0.00996304208071635,1,0,0
DEUTNP,2004,29,b,89.8219506762605,2735.17804932374,2935,5105,4103,14968,0.000390683236207357,0.00261208596273269,0.0178051207577075,0.0527946534898562,0.160438146524769,0.00956945563436368,1,0,0
DEUTNP,2004,30,m,52.1682231888165,1870.83177681118,1860,2191,1034,7008,0.000442607434901708,0.00354299831309889,0.0243206807789711,0.065437063936221,0.180942373307962,0.00920195625382852,1,0,0
DEUTNP,2004,30,f,36.1854137658526,898.814586234147,1097,2840,3166,8038,0.000322956470169303,0.00173152728532237,0.0124148254168241,0.0449275784578198,0.1594223978072,0.0100153742177086,1,0,0
DEUTNP,2004,30,b,88.3536369546691,2769.64636304533,2957,5031,4200,15046,0.000384296762163985,0.00264500308798291,0.017938583332382,0.0520293637037153,0.164231102950044,0.00961932318777632,1,0,0
DEUTNP,2004,31,m,50.7677339756939,1811.23226602431,1843,2214,944,6863,0.000430725356112401,0.00343012821499774,0.0240983949869052,0.0661239888428998,0.165193037139958,0.0090115618964077,1,0,0
DEUTNP,2004,31,f,35.6684792834832,920.331520716517,1055,2675,2920,7606,0.000318342806309741,0.00177297872561198,0.0119395084911116,0.0423173494277,0.147035186859452,0.0094771008086454,1,0,0
DEUTNP,2004,31,b,86.4362132591771,2731.56378674083,2898,4889,3864,14469,0.00037595687098042,0.00260863435395689,0.0175806609730278,0.0505608346546341,0.151092614714041,0.00925043115804437,1,0,0
DEUTNP,2004,32,m,48.3168778527294,1896.68312214727,1979,2255,1045,7224,0.000409931718231112,0.00359195582710542,0.0258766813234321,0.0673485071548053,0.182867292172941,0.00948557819315885,1,0,0
DEUTNP,2004,32,f,39.8039551424378,927.196044857562,1192,2995,3201,8355,0.000355252117186233,0.00178620293339968,0.0134899470345071,0.0473796117891445,0.161184805868872,0.010410357251674,1,0,0
DEUTNP,2004,32,b,88.1208329951672,2823.87916700483,3171,5250,4246,15579,0.000383284174443329,0.00269679523583862,0.0192368101951246,0.0542942078005377,0.166029824553783,0.00996008480276268,1,0,0
DEUTNP,2004,33,m,57.0699354347456,1916.93006456525,1891,2272,1041,7178,0.000484194710664285,0.00363029967165707,0.0247260254586206,0.0678562342597418,0.182167321676585,0.00942517722459776,1,0,0
DEUTNP,2004,33,f,46.524103413239,951.475896586761,1123,2767,3227,8115,0.000415229747360532,0.0018329770138347,0.0127090692279794,0.0437727498566153,0.162494023286114,0.0101113164688611,1,0,0
DEUTNP,2004,33,b,103.594038847985,2868.40596115201,3014,5039,4268,15293,0.000450585341825781,0.00273931817652473,0.0182843727304022,0.0521120977346495,0.166890082712092,0.00977723710691634,1,0,0
DEUTNP,2004,34,m,44.8156548199229,1733.18434518008,1803,2048,1023,6652,0.000380226521257843,0.00328232034936307,0.0235753695938091,0.0611661829946968,0.179017454442984,0.00873450527974705,1,0,0
DEUTNP,2004,34,f,34.6346103187446,864.365389681255,1043,2791,3101,7834,0.000309115478590618,0.00166516240350766,0.0118037036551937,0.0441524195337236,0.156149354264096,0.00976118955231765,1,0,0
DEUTNP,2004,34,b,79.4502651386675,2597.54973486134,2846,4839,4124,14486,0.000345571282612,0.00248065137902408,0.0172652039783426,0.0500437469612956,0.16125930203952,0.00926129972737789,1,0,0
DEUTNP,2004,35,m,47.9667555494487,1752.03324445055,1794,2124,967,6685,0.000406961198533785,0.00331801656702775,0.0234576888803624,0.0634360218167656,0.169217867494003,0.00877783640936696,1,0,0
DEUTNP,2004,35,f,35.6684792834832,867.331520716517,1141,2630,2938,7612,0.000318342806309741,0.00167087652619554,0.0129127764818562,0.0416054687831218,0.147941568148312,0.00948457682821572,1,0,0
DEUTNP,2004,35,b,83.6352348329319,2619.36476516707,2935,4754,3905,14297,0.000363773932312604,0.00250148466059136,0.0178051207577075,0.0491646978826203,0.152695823099982,0.00914046680949342,1,0,0
DEUTNP,2004,36,m,46.9163886396068,1864.08361136039,1877,2187,1023,6998,0.000398049639441805,0.00353021857570881,0.0245429665710369,0.0653175987350595,0.179017454442984,0.00918882560848915,1,0,0
DEUTNP,2004,36,f,33.6007413540059,891.399258645994,1075,2713,2928,7641,0.000299888150871495,0.00171724197860267,0.012165849884308,0.0429184930831215,0.147438022987834,0.00952071092280561,1,0,0
DEUTNP,2004,36,b,80.5171299936127,2755.48287000638,2952,4900,3951,14639,0.00035021164291355,0.00263147699912028,0.0179082509290469,0.0506745939471685,0.15449454470372,0.00935911685137961,1,0,0
DEUTNP,2004,37,m,45.8660217297649,1904.13397827024,1946,2119,986,7001,0.000389138080349824,0.00360606632651109,0.0254451853741278,0.0632866903153137,0.172542727351693,0.00919276480209096,1,0,0
DEUTNP,2004,37,f,36.1854137658526,929.814586234147,1119,2740,3024,7849,0.000322956470169303,0.00179124743969802,0.0126638009493402,0.0433456214698684,0.152272056528419,0.00977987960124345,1,0,0
DEUTNP,2004,37,b,82.0514354956175,2833.94856450439,3065,4859,4010,14850,0.000356885150161399,0.00270641147704393,0.0185937632444203,0.050250582038631,0.156801600673733,0.00949401497663687,1,0,0
DEUTNP,2004,38,m,47.9667555494487,1806.03324445055,1877,2118,1023,6872,0.000406961198533785,0.00342028226043684,0.0245429665710369,0.0632568240150233,0.179017454442984,0.00902337947721313,1,0,0
DEUTNP,2004,38,f,27.9144620479434,960.085537952057,1123,2743,2904,7758,0.000249137848416319,0.0018495631142042,0.0127090692279794,0.0433930801795069,0.146229514602688,0.0096664933044269,1,0,0
DEUTNP,2004,38,b,75.8812175973921,2766.11878240261,3000,4861,3927,14630,0.000330047604567766,0.0026416342601724,0.0181994420010639,0.0502712655463646,0.153556081258291,0.00935336290290892,1,0,0
DEUTNP,2004,39,m,44.1154102133616,1768.88458978664,1952,2237,1050,7052,0.00037428548186319,0.00334992979879944,0.0255236391830922,0.0668109137495785,0.183742255293385,0.00925973109332174,1,0,0
DEUTNP,2004,39,f,33.6007413540059,854.399258645994,1143,2710,3020,7761,0.000299888150871495,0.00164596308467044,0.0129354106211759,0.042871034373483,0.152070638464228,0.00967023131421206,1,0,0
DEUTNP,2004,39,b,77.7161515673675,2623.28384843263,3095,4947,4070,14813,0.000338028704245734,0.00250522737210782,0.018775757664431,0.0511606563789067,0.159147759287305,0.00947035985514626,1,0,0
DEUTNP,2004,40,m,52.1682231888165,1865.83177681118,1954,2223,1057,7152,0.000442607434901708,0.00353352926741286,0.025549790452747,0.0663927855455132,0.184967203662008,0.00939103754671541,1,0,0
DEUTNP,2004,40,f,31.0160689421593,923.983931057841,1124,2852,3015,7946,0.000276819831573688,0.0017800149355935,0.0127203862976393,0.045117413296374,0.151818865883989,0.00990074191763033,1,0,0
DEUTNP,2004,40,b,83.1842921309758,2789.81570786902,3078,5075,4072,15098,0.000361812543667425,0.00266426474537465,0.0186726274930916,0.0524844008738531,0.159225964574424,0.00965256822338474,1,0,0
DEUTNP,2004,41,m,45.1657771232036,1873.8342228768,1970,2229,1084,7202,0.00038319704095517,0.00354868437289191,0.0257590006099855,0.0665719833472554,0.189692004512409,0.00945669077341224,1,0,0
DEUTNP,2004,41,f,31.5330034245287,928.466996575471,1119,2768,3110,7957,0.000281433495433249,0.00178865136671573,0.0126638009493402,0.0437885694264948,0.156602544908526,0.00991444795350926,1,0,0
DEUTNP,2004,41,b,76.6987805477323,2802.30121945227,3089,4997,4194,15159,0.000333603618847542,0.00267618836751406,0.0187393587804288,0.0516777440722452,0.163996487088687,0.00969156720746386,1,0,0
DEUTNP,2004,42,m,44.8156548199229,1866.18434518008,1980,2208,1060,7159,0.000380226521257843,0.00353419696461136,0.0258897569582595,0.0659447910411575,0.185492181534275,0.00940022899845297,1,0,0
DEUTNP,2004,42,f,39.8039551424378,929.196044857562,1123,2856,3221,8169,0.000355252117186233,0.00179005584658521,0.0127090692279794,0.045180691575892,0.162191896189827,0.010178600644994,1,0,0
DEUTNP,2004,42,b,84.6196099623607,2795.38039003764,3103,5064,4281,15328,0.000368055501108559,0.002669578998384,0.0188242895097671,0.0523706415813187,0.167398417078366,0.00979961357319124,1,0,0
DEUTNP,2004,43,m,44.1154102133616,1871.88458978664,2060,2409,1154,7539,0.00037428548186319,0.00354499213993157,0.0269358077444518,0.0719479173995237,0.201941488198635,0.00989919352134892,1,0,0
DEUTNP,2004,43,f,30.49913445979,877.50086554021,1109,3024,3310,8351,0.000272206167714126,0.00169046732757522,0.0125506302527419,0.0478383793156504,0.166673448118078,0.0104053732386271,1,0,0
DEUTNP,2004,43,b,74.6145446731516,2749.38545532685,3169,5433,4464,15890,0.000324538173147799,0.00262565398833043,0.0192246772337905,0.0561867487581565,0.174554200849761,0.0101589156888054,1,0,0
DEUTNP,2004,44,m,42.714921000239,1810.28507899976,2015,2323,1130,7321,0.000362403403073882,0.00342833442355601,0.0263474041772187,0.0693794155745511,0.1977416652205,0.00961294545295071,1,0,0
DEUTNP,2004,44,f,35.1515448011139,880.848455198886,1130,2881,3274,8201,0.00031372914245018,0.00169691631374305,0.0127882887155982,0.0455761808228799,0.164860685540358,0.010218472749369,1,0,0
DEUTNP,2004,44,b,77.8664658013529,2691.13353419865,3145,5204,4404,15522,0.000338682500460794,0.00257002359691265,0.019079081697782,0.0538184871226664,0.172208042236189,0.00992364312911498,1,0,0
DEUTNP,2004,45,m,44.4655325166423,1785.53446748336,1801,2155,1155,6941,0.000377256001560516,0.00338146148931483,0.0235492183241542,0.0643618771257674,0.202116480822724,0.00911398093005476,1,0,0
DEUTNP,2004,45,f,33.0838068716366,905.916193128363,1121,2719,3033,7812,0.000295274487011934,0.00174520822274294,0.0126864350886598,0.0430134105023986,0.152725247172849,0.0097337774805598,1,0,0
DEUTNP,2004,45,b,77.5493393882789,2691.45066061172,2922,4874,4188,14753,0.000337303149729555,0.00257032645158502,0.0177262565090363,0.0504057083466325,0.16376187122733,0.009432000198675,1,0,0
DEUTNP,2004,46,m,46.5662663363262,1864.43373366367,1977,2345,1133,7366,0.000395079119744478,0.0035308816405259,0.0258505300537773,0.0700364741809394,0.198266643092767,0.00967203335697787,1,0,0
DEUTNP,2004,46,f,36.1854137658526,886.814586234147,1167,2935,3221,8246,0.000322956470169303,0.00170840980620921,0.0132070202930116,0.0464304375963736,0.162191896189827,0.0102745428961465,1,0,0
DEUTNP,2004,46,b,82.7516801021788,2751.24831989782,3144,5280,4354,15612,0.000359930884828353,0.00262743301781536,0.019073015217115,0.0546044604165408,0.170252910058212,0.00998118261382187,1,0,0
DEUTNP,2004,47,m,42.714921000239,1895.28507899976,1955,2395,1199,7487,0.000362403403073882,0.00358930820021846,0.0255628660875744,0.0715297891954584,0.209816156282637,0.00983091416558421,1,0,0
DEUTNP,2004,47,f,31.5330034245287,966.466996575471,1196,2989,3283,8466,0.000281433495433249,0.00186185671724072,0.0135352153131464,0.0472846943698674,0.165313876184788,0.0105486636137249,1,0,0
DEUTNP,2004,47,b,74.2479244247677,2861.75207557523,3151,5384,4482,15953,0.000322943547513203,0.00273296373787418,0.0191154805817841,0.0556800028186848,0.175258048433833,0.0101991933281002,1,0,0
DEUTNP,2004,48,m,43.765287910081,1906.23471208992,2010,2395,1172,7527,0.000371314962165863,0.00361004471541364,0.0262820260030816,0.0715297891954584,0.205091355432236,0.00988343674694168,1,0,0
DEUTNP,2004,48,f,40.3208896248071,931.679110375193,1145,2926,3433,8476,0.000359865781045794,0.00179483936452191,0.0129580447604955,0.046288061467458,0.172867053591952,0.0105611236463421,1,0,0
DEUTNP,2004,48,b,84.0861775348881,2837.91382246511,3155,5321,4605,16003,0.000365735320957785,0.00271019828524107,0.0191397465044522,0.0550284723250783,0.180067673591656,0.0102311597084929,1,0,0
DEUTNP,2004,49,m,49.3672447625713,1917.63275523743,2049,2405,1158,7579,0.000418843277323093,0.00363163043367266,0.0267919757613504,0.0718284521983622,0.202641458694991,0.00995171610270639,1,0,0
DEUTNP,2004,49,f,39.8039551424378,927.196044857562,1196,2937,3244,8344,0.000355252117186233,0.00178620293339968,0.0135352153131464,0.0464620767361326,0.163350050058926,0.0103966512157951,1,0,0
DEUTNP,2004,49,b,89.1711999050091,2844.82880009499,3245,5342,4402,15923,0.00038785277644376,0.00271680206593611,0.0196857297644841,0.0552456491562805,0.17212983694907,0.0101800134998646,1,0,0
DEUTNP,2004,50,m,40.6141871805551,1858.38581281944,2065,2407,1187,7558,0.000344580284889921,0.00351942803277001,0.0270011859185888,0.071888184798943,0.20771624479357,0.00992414174749372,1,0,0
DEUTNP,2004,50,f,32.049937906898,896.950062093102,1175,3044,3373,8521,0.000286047159292811,0.00172793536049849,0.0132975568502901,0.0481547707132406,0.169845782629086,0.0106171937931196,1,0,0
DEUTNP,2004,50,b,72.6641250874531,2755.33587491254,3240,5451,4560,16079,0.000316054765361997,0.00263133661929334,0.019655397361149,0.0563729003277583,0.178308054631477,0.0102797486066898,1,0,0
DEUTNP,2004,51,m,40.2640648772745,1991.73593512273,2060,2427,1308,7827,0.000341609765192594,0.00377196771283539,0.0269358077444518,0.0724855108047505,0.228890352308331,0.0102773561071227,1,0,0
DEUTNP,2004,51,f,39.8039551424378,947.196044857562,1249,2963,3484,8683,0.000355252117186233,0.00182473206525494,0.0141350200051169,0.046873385553,0.175435133910387,0.0108190463215183,1,0,0
DEUTNP,2004,51,b,80.0680200197123,2938.93197998029,3309,5390,4792,16510,0.000348258225773359,0.00280667029052488,0.0200739845271735,0.0557420533418854,0.187379867937288,0.0105552988056751,1,0,0
DEUTNP,2004,52,m,42.714921000239,1959.28507899976,2082,2564,1291,7939,0.000362403403073882,0.00371051198499959,0.0272234717106547,0.0765771939445325,0.225915477698819,0.0104244193349236,1,0,0
DEUTNP,2004,52,f,30.49913445979,948.50086554021,1222,3126,3595,8922,0.000272206167714126,0.0018272457456614,0.0138294591243018,0.0494519754433608,0.181024485191688,0.0111168411010694,1,0,0
DEUTNP,2004,52,b,73.214055460029,2907.78594453997,3304,5690,4886,16861,0.000318446703813891,0.00277692593001111,0.0200436521238384,0.0588445795019161,0.191055516431885,0.0107797027960319,1,0,0
DEUTNP,2004,53,m,44.8156548199229,1940.18434518008,2087,2475,1309,7856,0.000380226521257843,0.00367433884076455,0.0272888498847917,0.0739190932186888,0.22906534493242,0.0103154349786069,1,0,0
DEUTNP,2004,53,f,36.7023482482219,986.297651751778,1157,3053,3763,8996,0.000327570134028864,0.00190005961364393,0.0130938495964134,0.0482971468421563,0.189484043887712,0.0112090453424368,1,0,0
DEUTNP,2004,53,b,81.5180030681448,2926.48199693186,3244,5528,5072,16852,0.000354564970010624,0.00279478059801835,0.0196796632838171,0.0571692153754995,0.198328608133958,0.0107739488475612,1,0,0
DEUTNP,2005,1,m,53.2603457134853,1974.73965428651,2057,2481,1333,7899,0.000461167214392815,0.0037657807794088,0.0258050030683689,0.0706130687562647,0.217388029530893,0.0103816588323198,1,0,0
DEUTNP,2005,1,f,40.2306816494233,1025.76931835058,1210,3109,3718,9103,0.000366503486348062,0.00198735949079102,0.0132427323757914,0.0490425428001283,0.178555160375679,0.0113574088748247,1,0,0
DEUTNP,2005,1,b,93.4910273629086,3000.50897263709,3267,5590,5051,17002,0.00041503754538585,0.00288361490753346,0.0190958720061879,0.0567345200385967,0.187389239462418,0.0108822250685788,1,0,0
DEUTNP,2005,2,m,49.3283738822884,1899.67162611771,1993,2353,1254,7549,0.000427121312659117,0.00362262786453591,0.0250021249952646,0.0669699922545308,0.204504567915784,0.00992165369352854,1,0,0
DEUTNP,2005,2,f,40.2306816494233,977.769318350577,1184,3013,3597,8812,0.000366503486348062,0.00189436269916212,0.0129581777958157,0.0475282024627811,0.172744193617891,0.0109943410968862,1,0,0
DEUTNP,2005,2,b,89.5590555317117,2877.44094446829,3177,5366,4851,16361,0.000397582223914073,0.00276534137330823,0.0185698149261276,0.0544610795218443,0.179969352728607,0.010471949438126,1,0,0
DEUTNP,2005,3,m,42.5367861738574,1919.46321382614,2018,2473,1286,7739,0.000368314755119094,0.00366036994381436,0.025315749242571,0.0703853764749063,0.209723185278866,0.0101713707688724,1,0,0
DEUTNP,2005,3,f,27.8932726102668,966.106727389733,1190,2960,3621,8765,0.000254109083867989,0.00187176720871548,0.0130238442373486,0.0466921604015374,0.173896782065716,0.0109357012839546,1,0,0
DEUTNP,2005,3,b,70.4300587841242,2885.56994121587,3208,5433,4907,16504,0.000312662290100591,0.00277315367995966,0.018751012364815,0.0551410818192658,0.182046921014074,0.0105634773868853,1,0,0
DEUTNP,2005,4,m,40.3920742659318,1922.60792573407,2085,2536,1251,7835,0.00034974426326435,0.00366636683339621,0.0261562622253521,0.0721784531906035,0.204015322537995,0.0102975436069408,1,0,0
DEUTNP,2005,4,f,46.131181624672,932.868818375328,1182,3081,3511,8753,0.000420257331012444,0.00180737098165729,0.0129362889819714,0.0486008602017353,0.168614085013182,0.0109207294168231,1,0,0
DEUTNP,2005,4,b,86.5232558906038,2855.4767441094,3267,5617,4762,16588,0.000384105306750271,0.00274423285599849,0.0190958720061879,0.0570085508151695,0.17666750313206,0.0106172420560866,1,0,0
DEUTNP,2005,5,m,40.7495262505861,1897.25047374941,2042,2576,1301,7857,0.000352839345240141,0.00361801078550335,0.0256168285199851,0.0733169145973954,0.212169412167811,0.0103264582156648,1,0,0
DEUTNP,2005,5,f,34.3301816741745,965.669818325825,1223,3101,3678,9002,0.000312749641683679,0.00187092072660762,0.0133850096657792,0.048916347772016,0.176634179629303,0.0112313956598014,1,0,0
DEUTNP,2005,5,b,75.0797079247606,2862.92029207524,3265,5677,4979,16859,0.000333303618158141,0.00275138641763585,0.0190841818488532,0.0576175080964424,0.184718080238246,0.0107906971198194,1,0,0
DEUTNP,2005,6,m,45.0389500664373,1944.96104993356,2116,2669,1350,8125,0.000389980328949629,0.0037089937008354,0.026545156292012,0.0759638373681864,0.22016042000503,0.0106786907219393,1,0,0
DEUTNP,2005,6,f,34.3301816741745,1060.66981832583,1260,3253,3899,9507,0.000312749641683679,0.00205497687670649,0.0137899527218985,0.051314053306149,0.187247598253032,0.011861461734918,1,0,0
DEUTNP,2005,6,b,79.3691317406118,3005.63086825939,3376,5922,5249,17632,0.000352345787036444,0.00288853726394232,0.0197329855809276,0.0601040836616403,0.194734927328892,0.0112854600875886,1,0,0
DEUTNP,2005,7,m,39.6771702966233,1938.32282970338,2322,2687,1399,8386,0.000343554099312768,0.00369633477534208,0.0291294200898166,0.0764761450012428,0.22815142784225,0.0110217231254379,1,0,0
DEUTNP,2005,7,f,46.131181624672,1027.86881837533,1281,3444,4099,9898,0.000420257331012444,0.00199142713175616,0.0140197852672634,0.0543269596023293,0.196852501984913,0.0123492950722855,1,0,0
DEUTNP,2005,7,b,85.8083519212953,2966.19164807871,3603,6131,5498,18284,0.000380931611937221,0.00285063452001066,0.0210598184384129,0.0622252848580744,0.203972686312488,0.0117027763294844,1,0,0
DEUTNP,2005,8,m,42.5367861738574,2022.46321382614,2329,2839,1473,8706,0.000368314755119094,0.00385678845368586,0.0292172348790624,0.0808022983470518,0.240219480494377,0.0114422992523327,1,0,0
DEUTNP,2005,8,f,37.0122271174694,1015.98777288253,1333,3480,4454,10320,0.000337183207440217,0.00196840840025559,0.0145888944272148,0.0548948372288345,0.213901206109003,0.012875805733076,1,0,0
DEUTNP,2005,8,b,79.5490132913268,3038.45098670867,3662,6319,5927,19026,0.000353144340645007,0.00292007877362965,0.0214046780797858,0.064133351006063,0.219888343356514,0.012177697574096,1,0,0
DEUTNP,2005,9,m,48.2560179283257,2072.74398207167,2360,2950,1538,8969,0.000417836066731745,0.00395267266314199,0.0296061289457223,0.0839615287508992,0.250819797013138,0.0117879602566244,1,0,0
DEUTNP,2005,9,f,44.5219543586951,1062.4780456413,1468,3645,4703,10923,0.000405597191558522,0.00205848019626639,0.0160663893617039,0.0574976096836499,0.225859311255196,0.0136281420564331,1,0,0
DEUTNP,2005,9,b,92.7779722870208,3135.22202771297,3828,6595,6241,19892,0.000411872058421282,0.00301307980078948,0.0223749611385636,0.0669345544999186,0.231537565528599,0.012731985711338,1,0,0
DEUTNP,2005,10,m,39.319718311969,1912.68028168803,2290,3098,1577,8917,0.000340459017336978,0.00364743505621118,0.0287279810532644,0.0881738359560291,0.257179986924395,0.011719616636004,1,0,0
DEUTNP,2005,10,f,41.3034998267412,1056.69650017326,1390,3653,4731,10872,0.000376276912650677,0.00204727883836671,0.0152127256217769,0.0576238047117622,0.227203997777659,0.0135645116211243,1,0,0
DEUTNP,2005,10,b,80.6232181387102,2969.37678186129,3680,6751,6308,19789,0.000357913090713064,0.00285369556710023,0.0215098894957978,0.0685178434312283,0.234023227584426,0.0126660599860079,1,0,0
DEUTNP,2005,11,m,41.4644302198946,2004.53556978011,2312,2905,1545,8808,0.000359029509191722,0.00382260086990887,0.029003970390894,0.0826807596682584,0.251961369561312,0.0115763578927804,1,0,0
DEUTNP,2005,11,f,39.1578634721053,967.842136527895,1312,3649,4462,10430,0.000356730060045447,0.00187512944792407,0.0143590618818498,0.057560707197706,0.214285402258279,0.0130130478484479,1,0,0
DEUTNP,2005,11,b,80.6222936919999,2972.37770630801,3624,6554,6007,19238,0.000357908986788823,0.00285657958129577,0.021182565090427,0.0665184336910488,0.222856298050039,0.0123133893582707,1,0,0
DEUTNP,2005,12,m,45.0389500664373,1847.96104993356,2212,2615,1352,8072,0.000389980328949629,0.00352401704590788,0.0277494734016685,0.0744269144690174,0.220486583590223,0.0106090328009223,1,0,0
DEUTNP,2005,12,f,35.4029998514925,934.597000148508,1274,3381,4124,9749,0.000322523067986294,0.00181071921832932,0.0139431744188084,0.0533331737559452,0.198053114951399,0.0121633943887362,1,0,0
DEUTNP,2005,12,b,80.4419499179298,2782.55805008207,3486,5996,5476,17821,0.00035710838121814,0.00267415493420168,0.0203759442343346,0.0608551309752103,0.203156498771769,0.0114064305932915,1,0,0
DEUTNP,2005,13,m,39.319718311969,1864.68028168803,2101,2391,1254,7650,0.000340459017336978,0.00355590021665942,0.0263569817436282,0.068051530590983,0.204504567915784,0.0100543980335797,1,0,0
DEUTNP,2005,13,f,31.6481362308797,929.35186376912,1174,3025,3544,8704,0.000288316075927142,0.00180055711718475,0.0128487337265943,0.0477174950049495,0.170198894128942,0.0108595942927029,1,0,0
DEUTNP,2005,13,b,70.9678545428487,2794.03214545715,3275,5416,4798,16354,0.000315049743077801,0.00268518202086457,0.0191426326355266,0.0549685439229051,0.178003082744146,0.0104674690490258,1,0,0
DEUTNP,2005,14,m,42.5367861738574,1891.46321382614,2038,2423,1216,7611,0.000368314755119094,0.0036069746207425,0.0255666486404161,0.0689622997164165,0.198307459797124,0.0100031403181144,1,0,0
DEUTNP,2005,14,f,36.4758180288105,937.52418197119,1209,2938,3563,8684,0.000332296494288909,0.00181639043745481,0.0132317879688692,0.0463451240742286,0.171111359983471,0.0108346411808171,1,0,0
DEUTNP,2005,14,b,79.0126042026679,2828.98739579733,3247,5361,4779,16295,0.000350763043554159,0.00271877548180627,0.0189789704328412,0.0544103330817382,0.177298193504434,0.0104297057694678,1,0,0
DEUTNP,2005,15,m,43.6091421278202,1876.39085787218,2039,2417,1166,7542,0.000377600001046466,0.00357823200232764,0.0255791936103084,0.0687915305053977,0.190153370167308,0.00991245359075272,1,0,0
DEUTNP,2005,15,f,34.3301816741745,933.669818325825,1226,3026,3402,8622,0.000312749641683679,0.00180892286552169,0.0134178428865456,0.0477332693834635,0.163379412479306,0.0107572865339711,1,0,0
DEUTNP,2005,15,b,77.9393238019947,2810.06067619801,3265,5443,4568,16164,0.000345998397410343,0.0027005861108412,0.0190841818488532,0.0552425746994779,0.169470213000263,0.0103458584877372,1,0,0
DEUTNP,2005,16,m,43.9665941124745,1771.03340588753,1907,2374,1184,7280,0.000380695083022257,0.00337731788851519,0.0239232575845307,0.0675676844930965,0.193088842434041,0.00956810688685757,1,0,0
DEUTNP,2005,16,f,30.0389089649027,918.961091035097,1198,2899,3223,8269,0.000273655936473219,0.00178042568954289,0.0131113994927257,0.0457299233121814,0.154783023639272,0.0103168641091866,1,0,0
DEUTNP,2005,16,b,74.0055030773772,2689.99449692263,3105,5273,4407,15549,0.000328534868090084,0.00258519747924355,0.0181489692620794,0.0535171957358712,0.163497204179544,0.00995222430251333,1,0,0
DEUTNP,2005,17,m,46.4687580050543,1851.53124199495,1985,2303,1150,7336,0.000402360656852792,0.00353082531585596,0.0249017652361266,0.065546915496041,0.187544061485767,0.00964170770906416,1,0,0
DEUTNP,2005,17,f,35.4029998514925,915.597000148508,1108,2809,3411,8279,0.000322523067986294,0.00177390798830954,0.0121264028697329,0.0443102292459184,0.163811633147241,0.0103293406651295,1,0,0
DEUTNP,2005,17,b,81.8717578565468,2767.12824214346,3093,5112,4561,15615,0.00036345577084424,0.00265932624193716,0.0180788283180714,0.0518831603644555,0.169210516964579,0.0099944679711715,1,0,0
DEUTNP,2005,18,m,42.5367861738574,1772.46321382614,1958,2356,1172,7301,0.000368314755119094,0.00338004449768709,0.0245630510490357,0.0670553768600402,0.191131860922886,0.00959570719518504,1,0,0
DEUTNP,2005,18,f,33.2573634968566,854.742636503143,1101,2840,3296,8125,0.000302976215381064,0.0016560067263171,0.0120497920212779,0.0447992349798534,0.158288813501409,0.0101372017036088,1,0,0
DEUTNP,2005,18,b,75.794149670714,2627.20585032928,3059,5196,4468,15426,0.000336475261009071,0.00252485495769418,0.0178800956433819,0.0527357005582376,0.165760269633357,0.00987349746546855,1,0,0
DEUTNP,2005,19,m,48.2560179283257,1890.74398207167,2034,2185,1114,7272,0.000417836066731745,0.00360560306317488,0.0255164687608471,0.062188454346005,0.181673116952299,0.0095575924836852,1,0,0
DEUTNP,2005,19,f,34.8665907628335,902.133409237166,1099,2845,3283,8164,0.000317636354834987,0.00174782318083957,0.0120279032074337,0.0448781068724236,0.157664494758837,0.0101858602717861,1,0,0
DEUTNP,2005,19,b,83.1226086911592,2792.87739130884,3133,5030,4397,15436,0.000369008710786018,0.0026840722537194,0.0183126314647648,0.0510509187467158,0.163126209842854,0.00987989802132585,1,0,0
DEUTNP,2005,20,m,47.1836619743629,1856.81633802564,1916,2280,1109,7209,0.000408550820804373,0.00354090386621398,0.024036162313561,0.0648923001871356,0.180857707989317,0.00947479155870278,1,0,0
DEUTNP,2005,20,f,33.2573634968566,878.742636503143,1090,2871,3308,8181,0.000302976215381064,0.00170250512213155,0.0119294035451344,0.0452882407137884,0.158865107725322,0.010207070416889,1,0,0
DEUTNP,2005,20,b,80.4410254712195,2735.55897452878,3006,5151,4417,15390,0.000357104277293899,0.00262898685233901,0.0175703064740131,0.0522789825972829,0.163868198516235,0.00985045546438228,1,0,0
DEUTNP,2005,21,m,56.834865560028,1899.16513443997,2046,2464,1192,7658,0.000492118034150722,0.0036216619971514,0.0256670083995541,0.0701292226583782,0.194393496774812,0.0100649124367521,1,0,0
DEUTNP,2005,21,f,39.1578634721053,914.842136527895,1221,2934,3497,8606,0.000356730060045447,0.00177244549050049,0.0133631208519349,0.0462820265601725,0.16794174175195,0.0107373240444624,1,0,0
DEUTNP,2005,21,b,95.9927290321333,2814.00727096787,3267,5398,4689,16264,0.000426143425269406,0.00270437895386088,0.0190958720061879,0.0547858567385232,0.173959244474219,0.0104098640463102,1,0,0
DEUTNP,2005,22,m,51.473085790214,1858.52691420979,1914,2240,1132,7196,0.000445691804513862,0.00354416589364225,0.0240110723737765,0.0637538387803438,0.184608589219033,0.00945770565354767,1,0,0
DEUTNP,2005,22,f,30.0389089649027,881.961091035097,1123,2741,3153,7929,0.000273655936473219,0.00170874066266228,0.0122905689735651,0.0432375715069642,0.151421307333113,0.00989266120712787,1,0,0
DEUTNP,2005,22,b,81.5119947551167,2740.48800524489,3037,4981,4285,15125,0.000361858663627113,0.00263372385748789,0.0177515039127005,0.0505536036336762,0.158971073271919,0.00968084073416387,1,0,0
DEUTNP,2005,23,m,47.5411139590171,1711.45888604098,1801,2118,974,6652,0.000411645902780164,0.00326371071944171,0.0225934907759516,0.0602815314896286,0.158841665988814,0.00874272623782645,1,0,0
DEUTNP,2005,23,f,37.5486362061284,849.451363793872,1088,2664,2954,7593,0.000342069920591524,0.00164575523911719,0.0119075147312901,0.0420229443613836,0.141864428119891,0.00947344892744633,1,0,0
DEUTNP,2005,23,b,85.0897501651455,2560.91024983485,2889,4782,3928,14245,0.000377741501427208,0.00246114210643028,0.0168864322699347,0.0485338953174543,0.145726575452065,0.00911759181872161,1,0,0
DEUTNP,2005,24,m,50.043277851597,1809.9567221484,1983,2243,1086,7172,0.000433311476610699,0.00345154371161439,0.0248766752963421,0.0638392233858532,0.177106826759602,0.00942616244403056,1,0,0
DEUTNP,2005,24,f,32.7209544081976,981.279045591802,1110,2626,3216,7966,0.000298089502229757,0.00190116256109809,0.0121482916835772,0.0414235179778504,0.154446852008656,0.00993882446411661,1,0,0
DEUTNP,2005,24,b,82.7642322597946,2791.2357677402,3093,4869,4302,15138,0.000367417759455252,0.00268249458465117,0.0180788283180714,0.0494168833753,0.159601763644293,0.00968916145677836,1,0,0
DEUTNP,2005,25,m,57.9072215139908,1904.09277848601,2001,2476,1191,7630,0.000501403280078094,0.00363105889521645,0.0251024847544027,0.0704707610804157,0.194230414982216,0.0100281120256488,1,0,0
DEUTNP,2005,25,f,38.0850452947874,907.914954705213,1168,2780,3444,8338,0.000346956633742832,0.00175902453873925,0.0127830672850614,0.0438527722690114,0.165396442263001,0.0104029523451926,1,0,0
DEUTNP,2005,25,b,95.9922668087782,2812.00773319122,3169,5256,4635,15968,0.000426141373307286,0.00270245731423458,0.0185230542967889,0.0533446578395106,0.17195587505609,0.0102204075929341,1,0,0
DEUTNP,2005,26,m,55.4050576214109,1818.59494237859,1822,2158,1041,6895,0.000479737706247559,0.0034680165887557,0.022856935143689,0.0614199928964205,0.169768146092768,0.00906210123418722,1,0,0
DEUTNP,2005,26,f,40.7670907380823,832.232909261918,1086,2646,3160,7765,0.000371390199499369,0.00161239563436136,0.0118856259174458,0.041739005548131,0.151757478963729,0.00968804568966426,1,0,0
DEUTNP,2005,26,b,96.1721483594932,2650.82785164051,2908,4804,4201,14660,0.00042693992691585,0.00254755669121607,0.0169974887646141,0.048757179653921,0.155854720843718,0.0093832148867995,1,0,0
DEUTNP,2005,27,m,51.8305377748683,1769.16946222513,1825,2094,1000,6740,0.000448786886489652,0.00337376339301371,0.0228945700533657,0.0595984546455535,0.163081792596319,0.00885838467272253,1,0,0
DEUTNP,2005,27,f,32.1845453195386,846.815454680461,1057,2600,2939,7475,0.000293202789078449,0.00164064834139692,0.0115682381167037,0.0410133841364855,0.14114406034,0.00932622556732007,1,0,0
DEUTNP,2005,27,b,84.0150830944069,2615.98491690559,2882,4694,3939,14215,0.00037297069939703,0.00251407117027942,0.0168455167192634,0.0476407579715873,0.146134669222425,0.00909839015114972,1,0,0
DEUTNP,2005,28,m,44.681498081783,1812.31850191822,1912,2325,1084,7178,0.000386885246973838,0.00345604756853703,0.0239859824339919,0.0661730692697765,0.17678066317441,0.00943404824640984,1,0,0
DEUTNP,2005,28,f,41.8399089154002,846.1600910846,1130,2731,3142,7891,0.000381163625801984,0.00163937861823514,0.0123671798220201,0.0430798277218238,0.15089303762786,0.00984525029454484,1,0,0
DEUTNP,2005,28,b,86.5214069971832,2658.47859300282,3042,5056,4226,15069,0.00038409709890179,0.00255490937439323,0.0177807293060372,0.0513148002352674,0.156782206685445,0.009644997621363,1,0,0
DEUTNP,2005,29,m,52.9028937288311,1694.09710627117,1827,2190,1033,6797,0.000458072132417025,0.00323060222515915,0.0229196599931503,0.062330762021854,0.168463491751997,0.00893329979532567,1,0,0
DEUTNP,2005,29,f,25.2112271669719,906.788772833028,1069,2524,2969,7494,0.000229675518111452,0.00175684263663709,0.0116995709997694,0.039814531369419,0.142584795899782,0.00934993102361158,1,0,0
DEUTNP,2005,29,b,78.114120895803,2600.8858791042,2896,4714,4002,14291,0.000346774379435582,0.00249956036198304,0.0169273478206061,0.0478437437320116,0.148471933543575,0.00914703437566518,1,0,0
DEUTNP,2005,30,m,55.0476056367567,1739.95239436324,1906,2144,1093,6938,0.000476642624271769,0.00331804715095307,0.0239107126146384,0.0610215314040433,0.178248399307776,0.00911861615123871,1,0,0
DEUTNP,2005,30,f,27.3568635216078,936.643136478392,1107,2747,3235,8053,0.000249222370716682,0.00181468347070254,0.0121154584628108,0.0433322177780484,0.155359317863185,0.0100473705008199,1,0,0
DEUTNP,2005,30,b,82.4044691583645,2676.59553084163,3013,4891,4328,14991,0.000365820652238125,0.00257232051113946,0.0176112220246845,0.0496401677117668,0.160566348919689,0.00959507328567607,1,0,0
DEUTNP,2005,31,m,40.7495262505861,1702.25047374941,1813,2082,1008,6646,0.000352839345240141,0.00324615049982431,0.0227440304146587,0.059256916223516,0.164386446937089,0.00873484043544717,1,0,0
DEUTNP,2005,31,f,39.6942725607643,823.305727439236,1025,2394,2904,7186,0.000361616773196754,0.00159509981628225,0.0112180170951952,0.0377638621625947,0.139463202186921,0.00896565310057017,1,0,0
DEUTNP,2005,31,b,80.4437988113504,2525.55620118865,2838,4476,3912,13832,0.000357116589066621,0.0024271653835984,0.0165883332579006,0.0454282131829622,0.14513298451336,0.00885324886181519,1,0,0
DEUTNP,2005,32,m,50.7581818209055,1667.24181817909,1848,2189,1024,6779,0.00043950164056228,0.00317938984002114,0.0231831043608876,0.0623023004866842,0.16699575561863,0.00890964238818784,1,0,0
DEUTNP,2005,32,f,30.0389089649027,917.961091035097,1067,2628,3039,7682,0.000273655936473219,0.00177848825638396,0.0116776821859251,0.0414550667348784,0.145946512205941,0.00958449027533816,1,0,0
DEUTNP,2005,32,b,80.7970907858082,2585.20290921419,2915,4817,4063,14461,0.000358684968814063,0.00248448837047039,0.0170384043152855,0.0488891203981968,0.150734998997388,0.00925584382523926,1,0,0
DEUTNP,2005,33,m,43.251690143166,1822.74830985683,1905,2281,1133,7185,0.000374504919070675,0.00347593696012489,0.0238981676447462,0.0649207617223054,0.184771671011629,0.00944324834918566,1,0,0
DEUTNP,2005,33,f,37.0122271174694,851.987772882531,1126,2739,3152,7906,0.000337183207440217,0.00165066936219018,0.0123234021943315,0.0432060227499361,0.151373282814454,0.00986396512845919,1,0,0
DEUTNP,2005,33,b,80.2639172606354,2674.73608273936,3031,5020,4285,15091,0.000356318035458058,0.00257053350356294,0.0177164334406965,0.0509494258665036,0.158971073271919,0.00965907884424906,1,0,0
DEUTNP,2005,34,m,38.2473623580063,1713.75263764199,1841,2139,1000,6732,0.000331173771409606,0.00326808484829109,0.0230952895716418,0.0608792237281944,0.163081792596319,0.00884787026955016,1,0,0
DEUTNP,2005,34,f,24.138408989654,883.861591010346,967,2570,3016,7461,0.000219902091808837,0.00171242275433289,0.010583241493711,0.0405401527810645,0.144841948276775,0.009308758389,1,0,0
DEUTNP,2005,34,b,62.3857713476603,2597.61422865234,2808,4709,4016,14193,0.000276951041586354,0.00249641616874741,0.0164129808978805,0.0477929972919055,0.148991325614942,0.00908430892826366,1,0,0
DEUTNP,2005,35,m,45.7538540357458,1842.24614596425,1890,2239,1129,7146,0.00039617049290121,0.00351311886220195,0.0237099930963623,0.063725377245174,0.184119343841244,0.00939199063372036,1,0,0
DEUTNP,2005,35,f,33.7937725855156,894.206227414484,1133,2663,3198,7922,0.000307862928532372,0.00173246479591939,0.0124000130427865,0.0420071699828696,0.153582410672787,0.00988392761796784,1,0,0
DEUTNP,2005,35,b,79.5476266212614,2736.45237337873,3023,4902,4327,15068,0.000353138184758646,0.00262984544608613,0.0176696728113578,0.0497518098800002,0.16052924948602,0.00964435756577727,1,0,0
DEUTNP,2005,36,m,51.473085790214,1783.52691420979,1896,2153,1067,6951,0.000445691804513862,0.00340114270684262,0.0237852629157159,0.0612776852205715,0.174008272700272,0.00913570205639381,1,0,0
DEUTNP,2005,36,f,35.9394089401515,921.060591059849,1102,2630,3167,7856,0.000327409781137602,0.00178449333050803,0.0120607364282001,0.0414866154919065,0.152093650594345,0.00980158234874468,1,0,0
DEUTNP,2005,36,b,87.4124947303655,2704.58750526964,2998,4783,4234,14807,0.000388052931626441,0.00259922197202093,0.0175235458446744,0.0485440446054755,0.157079002154797,0.00947730305790178,1,0,0
DEUTNP,2005,37,m,44.681498081783,1686.31850191822,1761,2066,1088,6646,0.000386885246973838,0.00321576861471365,0.0220916919802614,0.0588015316607992,0.177432990344795,0.00873484043544717,1,0,0
DEUTNP,2005,37,f,28.9660907875848,825.033909212415,1073,2476,3030,7433,0.000263882510170604,0.00159844805295427,0.011743348627458,0.0390573612007454,0.145514291538006,0.00927382403235988,1,0,0
DEUTNP,2005,37,b,73.6475888693678,2511.35241113064,2834,4542,4118,14079,0.000326945968721439,0.00241351494591324,0.0165649529432312,0.0460980661923624,0.152775467849186,0.00901134259149046,1,0,0
DEUTNP,2005,38,m,39.319718311969,1689.68028168803,1849,2114,1029,6721,0.000340459017336978,0.00322217944746028,0.0231956493307799,0.0601676853489495,0.167811164581612,0.00883341296518815,1,0,0
DEUTNP,2005,38,f,31.6481362308797,891.35186376912,1135,2502,3042,7602,0.000288316075927142,0.00172693465714521,0.0124219018566308,0.0394674950421103,0.146090585761919,0.00948467782779494,1,0,0
DEUTNP,2005,38,b,70.9678545428487,2581.03214545715,2984,4616,4071,14323,0.000315049743077801,0.0024804800916566,0.0174417147433317,0.0468491135059324,0.15103179446674,0.00916751615440854,1,0,0
DEUTNP,2005,39,m,43.9665941124745,1694.03340588753,1840,2165,1124,6867,0.000380695083022257,0.00323048075006756,0.0230827446017496,0.0616192236426091,0.183303934878262,0.00902530082308392,1,0,0
DEUTNP,2005,39,f,36.4758180288105,870.52418197119,1041,2629,3087,7664,0.000332296494288909,0.00168658241580614,0.0113931276059494,0.0414708411133925,0.148251689101593,0.00956203247464094,1,0,0
DEUTNP,2005,39,b,80.442412141285,2564.55758785872,2881,4794,4211,14531,0.00035711043318026,0.00246464735117188,0.0168396716405961,0.0486556867737088,0.156225715180409,0.00930064771624035,1,0,0
DEUTNP,2005,40,m,44.681498081783,1760.31850191822,1877,2214,1170,7066,0.000386885246973838,0.00335688482568929,0.023546908487763,0.0630138388659291,0.190805697337693,0.00928684660199664,1,0,0
DEUTNP,2005,40,f,32.7209544081976,903.279045591802,1042,2585,3253,7816,0.000298089502229757,0.00175004277470112,0.0114040720128716,0.040776768458775,0.156223759199054,0.00975167612497306,1,0,0
DEUTNP,2005,40,b,77.4024524899806,2663.59754751002,2919,4799,4423,14882,0.000343615048357374,0.00255982890426719,0.0170617846299548,0.0487064332138149,0.164090795118249,0.00952530722683152,1,0,0
DEUTNP,2005,41,m,47.1836619743629,1772.81633802564,1993,2232,1132,7177,0.000408550820804373,0.00338071789699839,0.0250021249952646,0.0635261464989854,0.184608589219033,0.00943273394601329,1,0,0
DEUTNP,2005,41,f,33.7937725855156,855.206227414484,1088,2660,3158,7795,0.000307862928532372,0.00165690490272091,0.0119075147312901,0.0419598468473275,0.151661429926411,0.00972547535749297,1,0,0
DEUTNP,2005,41,b,80.9774345598785,2628.02256544012,3081,4892,4290,14972,0.000359485574384747,0.00252563985515335,0.0180086873740633,0.049650316999788,0.159156570440264,0.00958291222954721,1,0,0
DEUTNP,2005,42,m,46.1113060204001,1781.8886939796,1953,2283,1228,7292,0.000399265574877001,0.00339801866046927,0.0245003261995744,0.064977684792645,0.200264441308279,0.00958387849161613,1,0,0
DEUTNP,2005,42,f,33.2573634968566,916.742636503143,1105,2779,3301,8135,0.000302976215381064,0.0017761275821711,0.0120935696489665,0.0438369978904974,0.158528936094706,0.0101496782595517,1,0,0
DEUTNP,2005,42,b,79.3686695172567,2698.63133048274,3058,5062,4529,15427,0.000352343735074323,0.00259349783836094,0.0178742505647146,0.0513756959633947,0.168023335087169,0.00987413752105428,1,0,0
DEUTNP,2005,43,m,53.6177976981396,1810.38220230186,1965,2273,1165,7267,0.000464262296368606,0.00345235509198063,0.0246508658382815,0.0646930694409471,0.189990288374711,0.00955102098170246,1,0,0
DEUTNP,2005,43,f,34.8665907628335,922.133409237166,1103,2738,3420,8218,0.000317636354834987,0.00178657184401828,0.0120716808351222,0.0431902483714221,0.164243853815175,0.0102532336738778,1,0,0
DEUTNP,2005,43,b,88.4843884609731,2732.51561153903,3068,5011,4585,15485,0.000392811421883896,0.00262606205292453,0.017932701351388,0.0508580822743127,0.170100903372637,0.00991126074502661,1,0,0
DEUTNP,2005,44,m,43.6091421278202,1699.39085787218,1920,2285,1130,7078,0.000377600001046466,0.00324069728148051,0.02408634219313,0.0650346078629846,0.18428242563384,0.0093026182067552,1,0,0
DEUTNP,2005,44,f,31.6481362308797,883.35186376912,1178,2733,3245,8071,0.000288316075927142,0.00171143519187372,0.0128925113542829,0.0431113764788519,0.155839563049779,0.0100698283015171,1,0,0
DEUTNP,2005,44,b,75.2572783586999,2582.7427216413,3098,5018,4375,15149,0.000334091911956103,0.00248212402707891,0.018108053711408,0.0509291272904612,0.162310022302134,0.00969620206822139,1,0,0
DEUTNP,2005,45,m,41.8218822045489,1790.17811779545,1941,2280,1174,7227,0.000362124591167513,0.00341382639128095,0.0243497865608673,0.0648923001871356,0.191458024508078,0.00949844896584061,1,0,0
DEUTNP,2005,45,f,31.6481362308797,906.35186376912,1119,2698,3332,8087,0.000288316075927142,0.00175599615452924,0.0122467913458765,0.0425592732308607,0.160017696173148,0.0100897907910257,1,0,0
DEUTNP,2005,45,b,73.4700184354286,2696.52998156457,3060,4978,4506,15314,0.000326157674923477,0.00259147835395958,0.0178859407220493,0.0505231557696126,0.167170048112781,0.00980181123986681,1,0,0
DEUTNP,2005,46,m,40.3920742659318,1830.60792573407,1989,2330,1157,7347,0.00034974426326435,0.00349092505758866,0.0249519451156956,0.0663153769456255,0.188685634033941,0.00965616501342617,1,0,0
DEUTNP,2005,46,f,41.8399089154002,933.1600910846,1184,2812,3293,8264,0.000381163625801984,0.00180793530306253,0.0129581777958157,0.0443575523814605,0.158144739945431,0.0103106258312151,1,0,0
DEUTNP,2005,46,b,82.231983181332,2763.76801681867,3173,5142,4450,15611,0.000365054930023488,0.00265609692453548,0.0185464346114583,0.052187639005092,0.165092479827314,0.00999190774882858,1,0,0
DEUTNP,2005,47,m,43.6091421278202,1797.39085787218,2035,2523,1257,7656,0.000377600001046466,0.00342758091223203,0.0255290137307393,0.0718084532333962,0.204993813293573,0.010062283835959,1,0,0
DEUTNP,2005,47,f,35.4029998514925,899.597000148508,1186,2946,3557,8624,0.000322523067986294,0.00174290905776658,0.01298006660966,0.0464713191023409,0.170823212871514,0.0107597818451596,1,0,0
DEUTNP,2005,47,b,79.0121419793127,2696.98785802069,3221,5469,4814,16280,0.000350760991592039,0.00259191839242862,0.0188269983874904,0.0555064561880295,0.178596673682851,0.0104201049356818,1,0,0
DEUTNP,2005,48,m,42.1793341892032,1902.8206658108,2082,2512,1342,7881,0.000365219673143303,0.00362863300709942,0.0261186273156753,0.0714953763465284,0.21885576566426,0.0103580014251819,1,0,0
DEUTNP,2005,48,f,39.1578634721053,976.842136527895,1230,3020,3719,8985,0.000356730060045447,0.00189256634635449,0.0134616205142342,0.0476386231123793,0.178603184894338,0.0112101855146984,1,0,0
DEUTNP,2005,48,b,81.3371976613085,2879.66280233869,3312,5532,5061,16866,0.000361082681601874,0.00276747667186456,0.019358900546218,0.0561458613333661,0.187760233799109,0.0107951775089195,1,0,0
DEUTNP,2005,49,m,39.6771702966233,1821.32282970338,2001,2500,1294,7656,0.000343554099312768,0.00347321860393466,0.0251024847544027,0.0711538379244908,0.211027839619636,0.010062283835959,1,0,0
DEUTNP,2005,49,f,41.8399089154002,937.1600910846,1124,2956,3641,8700,0.000381163625801984,0.00181568503569827,0.0123015133804872,0.0466290628874812,0.174857272438905,0.0108546036703257,1,0,0
DEUTNP,2005,49,b,81.5170792120235,2758.48292078798,3125,5456,4935,16356,0.000361881235210437,0.00265101772569261,0.0182658708354261,0.0553745154437537,0.183085705156808,0.0104687491601973,1,0,0
DEUTNP,2005,50,m,43.251690143166,1815.74830985683,2086,2488,1287,7720,0.000374504919070675,0.00346258812935692,0.0261688071952444,0.0708122995024533,0.209886267071462,0.010146399061338,1,0,0
DEUTNP,2005,50,f,34.3301816741745,932.669818325825,1184,3037,3778,8966,0.000312749641683679,0.00180698543236275,0.0129581777958157,0.0479067875471179,0.181436631495243,0.0111864800584069,1,0,0
DEUTNP,2005,50,b,77.5818718173405,2748.41812818265,3270,5525,5065,16686,0.000344411550003818,0.00264134503807107,0.0191134072421899,0.0560748163172176,0.187908631533785,0.0106799675034882,1,0,0
DEUTNP,2005,51,m,44.3240460971287,1808.67595390287,2061,2353,1366,7633,0.000383790164998048,0.00344910131753402,0.025855182947938,0.0669699922545308,0.222769728686571,0.0100320549268384,1,0,0
DEUTNP,2005,51,f,33.2573634968566,920.742636503143,1198,3002,3713,8867,0.000302976215381064,0.00178387731480684,0.0131113994927257,0.0473546842991267,0.178315037782382,0.0110629621545722,1,0,0
DEUTNP,2005,51,b,77.5814095939853,2729.41859040601,3259,5355,5079,16500,0.000344409498041697,0.00262308568578498,0.0190491113768492,0.0543494373536109,0.188428023605152,0.0105609171645424,1,0,0
DEUTNP,2005,52,m,42.5367861738574,1877.46321382614,2129,2534,1324,7907,0.000368314755119094,0.00358027695920657,0.0267082409006113,0.0721215301202639,0.215920293397526,0.0103921732354921,1,0,0
DEUTNP,2005,52,f,34.8665907628335,918.133409237166,1235,2979,3751,8918,0.000317636354834987,0.00177882211138254,0.0135163425488449,0.046991873593304,0.180139969491439,0.011126592589881,1,0,0
DEUTNP,2005,52,b,77.4033769366909,2795.59662306331,3364,5513,5075,16825,0.000343619152281615,0.00268668554942881,0.0196628446369195,0.055953024860963,0.188279625870476,0.0107689352299046,1,0,0
DEUTNP,2006,1,m,39.3924115772174,1867.60758842278,2051,2503,1286,7747,0.000348158177969093,0.0035886338202479,0.0247876805599483,0.0687654656938849,0.190268280494801,0.0102005502052739,1,0,0
DEUTNP,2006,1,f,32.6006146259102,948.39938537409,1187,2981,3775,8924,0.000303218883765492,0.00184939867231164,0.0125938145395419,0.0474830085367396,0.168962426057366,0.0111591101920948,1,0,0
DEUTNP,2006,1,b,71.9930262031276,2816.00697379687,3238,5484,5061,16671,0.00032626183269482,0.00272541946642709,0.0182942675560283,0.0552937199382825,0.173910814484528,0.0106921986375692,1,0,0
DEUTNP,2006,2,m,36.9303858536413,1826.06961414636,2032,2509,1316,7720,0.000326398291846025,0.00350881802798136,0.0245580530949854,0.0689303050043776,0.194706887349268,0.0101649990428184,1,0,0
DEUTNP,2006,2,f,28.9783241119202,944.02167588808,1169,2991,3796,8929,0.000269527896680438,0.0018408620470923,0.0124028384134157,0.0476422940400497,0.16990234948709,0.0111653624949815,1,0,0
DEUTNP,2006,2,b,65.9087099655615,2770.09129003444,3201,5500,5112,16649,0.0002986886041329,0.00268098083417054,0.018085222497482,0.0554550437017786,0.175663324174058,0.0106780886039763,1,0,0
DEUTNP,2006,3,m,45.3716169059021,1809.6283830941,2067,2548,1367,7837,0.000401003615696544,0.00347722597504348,0.0249810510567593,0.0700017605225804,0.202252519001861,0.0103190540801254,1,0,0
DEUTNP,2006,3,f,35.187964993046,937.812035006954,1260,3047,3874,9154,0.000327283874540531,0.00182875311726992,0.0133683288288313,0.0485342928585862,0.173393493654632,0.0114467161248808,1,0,0
DEUTNP,2006,3,b,80.5595818989481,2747.44041810105,3327,5595,5241,16991,0.000365084206313548,0.00265905861314153,0.018797105669829,0.0564129035475366,0.180096142800516,0.0108974354898289,1,0,0
DEUTNP,2006,4,m,35.1717960510869,1764.82820394891,2124,2490,1344,7758,0.000310855516043833,0.00339114181098771,0.0256699334516481,0.068408313854484,0.198849587080103,0.0102150340122002,1,0,0
DEUTNP,2006,4,f,39.8451956538903,975.15480434611,1208,2984,3751,8958,0.000370600857935602,0.00190157229988572,0.0128166200200224,0.0475307941877326,0.167888227851969,0.011201625851724,1,0,0
DEUTNP,2006,4,b,75.0169917049772,2739.98300829502,3332,5474,5095,16716,0.000339966000704867,0.00265184109910708,0.018825355002065,0.0551928925860975,0.175079154277548,0.0107210600699182,1,0,0
DEUTNP,2006,5,m,44.6681809848804,1814.33181901512,2106,2525,1370,7860,0.000394786505375668,0.00348626369223963,0.0254523916427358,0.0693698764990249,0.202696379687307,0.0103493384036985,1,0,0
DEUTNP,2006,5,f,35.7054350664731,911.294564933527,1154,3119,3804,9024,0.000332096872695539,0.00177704349503359,0.0122436916416439,0.0496811484824189,0.170260415555555,0.0112841562498278,1,0,0
DEUTNP,2006,5,b,80.3736160513535,2725.62638394865,3260,5644,5174,16884,0.000364241436375197,0.00263794630984347,0.0184185646178667,0.0569069575732434,0.177793826149565,0.0108288094173545,1,0,0
DEUTNP,2006,6,m,46.4267707874348,1828.57322921257,2080,2592,1398,7945,0.000410329281177859,0.00351362875896959,0.0251381645854181,0.0712105821328604,0.206839079418143,0.0104612587299472,1,0,0
DEUTNP,2006,6,f,33.1180846993374,903.881915300663,1209,3068,3746,8960,0.0003080318819205,0.00176258867293992,0.0128272298048072,0.0488687924155374,0.167664436559177,0.0112041267728787,1,0,0
DEUTNP,2006,6,b,79.5448554867722,2732.45514451323,3289,5660,5144,16905,0.000360485615083527,0.00264455539751529,0.0185824107448355,0.0570682813367395,0.1767629380969,0.0108422780857841,1,0,0
DEUTNP,2006,7,m,40.0958474982391,1814.90415250176,2047,2542,1304,7748,0.00035437528828997,0.00348736343895267,0.0247393379357456,0.0698369212120876,0.192931444607481,0.0102018669149944,1,0,0
DEUTNP,2006,7,f,30.0132642587745,918.986735741226,1217,2985,3847,8998,0.000279153892990453,0.00179204338927471,0.0129121080830855,0.0475467227380636,0.17218502067356,0.0112516442748172,1,0,0
DEUTNP,2006,7,b,70.1091117570136,2733.89088824299,3264,5527,5151,16746,0.000317724208813096,0.0026459449551216,0.0184411640836555,0.0557272775526783,0.177003478642522,0.0107403010248175,1,0,0
DEUTNP,2006,8,m,35.8752319721087,1759.12476802789,2001,2422,1323,7541,0.00031707262636471,0.00338018257995617,0.0241833977574143,0.066540135002233,0.195742562281977,0.00992930800283595,1,0,0
DEUTNP,2006,8,f,35.187964993046,895.812035006954,1180,2989,3666,8766,0.000327283874540531,0.00174685223728732,0.0125195460460484,0.0476104369393877,0.164083775874518,0.0109615374208766,1,0,0
DEUTNP,2006,8,b,71.0631969651547,2654.93680303484,3181,5411,4989,16307,0.000322047983003069,0.00256953072647,0.017972225168538,0.0545576802673317,0.171436683158133,0.0104587417181237,1,0,0
DEUTNP,2006,9,m,39.3924115772174,1806.60758842278,2086,2606,1314,7852,0.000348158177969093,0.00347142147628865,0.0252106785217222,0.0715952071906768,0.194410980225637,0.0103388047259339,1,0,0
DEUTNP,2006,9,f,27.9433839650659,928.056616034934,1211,3033,3768,8968,0.000259901900370422,0.00180972984587927,0.0128484493743768,0.0483112931539521,0.168649118247459,0.0112141304574973,1,0,0
DEUTNP,2006,9,b,67.3357955422833,2734.66420445771,3297,5639,5082,16820,0.000305155946599654,0.00264669339469755,0.018627609676413,0.0568565438971508,0.174632436121394,0.0107877620469026,1,0,0
DEUTNP,2006,10,m,35.8752319721087,1832.12476802789,2115,2523,1298,7804,0.00031707262636471,0.00352045308994019,0.025561162547192,0.069314930062194,0.192043723236588,0.0102756026593465,1,0,0
DEUTNP,2006,10,f,31.565674479056,887.434325520944,1192,3006,3691,8808,0.000293592887455477,0.00173051552826012,0.0126468634634658,0.0478812222950148,0.165202732338474,0.0110140567651245,1,0,0
DEUTNP,2006,10,b,67.4409064511647,2719.55909354883,3307,5529,4989,16612,0.00030563229381794,0.0026320741967706,0.018684108340885,0.0557474430231153,0.171436683158133,0.0106543580929338,1,0,0
DEUTNP,2006,11,m,41.5027193402826,1803.49728065972,2007,2438,1381,7671,0.000366809508931723,0.00346544497688957,0.0242559116937183,0.0669797064968803,0.204323868867279,0.0101004802665104,1,0,0
DEUTNP,2006,11,f,35.7054350664731,860.294564933527,1195,2964,3670,8725,0.000332096872695539,0.0016775924264833,0.0126786928178202,0.0472122231811124,0.164262808908751,0.0109102685372061,1,0,0
DEUTNP,2006,11,b,77.2081544067557,2663.79184559325,3202,5402,5051,16396,0.000349896028605038,0.00257810091311701,0.0180908723639292,0.0544669356503651,0.17356718513364,0.0105158232176584,1,0,0
DEUTNP,2006,12,m,38.3372576956848,1777.66274230432,2081,2476,1362,7735,0.000338832512487778,0.00341580355400856,0.0251502502414688,0.0680236887966676,0.201512751192783,0.010184749688627,1,0,0
DEUTNP,2006,12,f,32.0831445524831,893.916855447517,1192,2996,3773,8887,0.000298405885610484,0.00174315659743868,0.0126468634634658,0.0477219367917047,0.16887290954025,0.0111128431507336,1,0,0
DEUTNP,2006,12,b,70.4204022481679,2671.57959775184,3273,5472,5135,16622,0.000319134931649749,0.00258563814279372,0.0184920128816803,0.0551727271156605,0.176453671681101,0.0106607717445669,1,0,0
DEUTNP,2006,13,m,40.7992834192608,1782.20071658074,2018,2520,1350,7711,0.000360592398610846,0.00342452333436539,0.0243888539102758,0.0692325104069476,0.199737308450996,0.0101531486553333,1,0,0
DEUTNP,2006,13,f,31.565674479056,880.434325520944,1219,3020,3783,8934,0.000293592887455477,0.00171686538159635,0.0129333276526551,0.048104221999649,0.169320492125832,0.0111716147978681,1,0,0
DEUTNP,2006,13,b,72.3649578983168,2662.63504210168,3237,5540,5133,16645,0.000327947372571521,0.00257698132258188,0.0182886176895811,0.0558583531105188,0.176384945810923,0.010675523143323,1,0,0
DEUTNP,2006,14,m,45.3716169059021,1839.6283830941,2013,2451,1246,7595,0.000401003615696544,0.0035348713901054,0.0243284256300224,0.0673368583362812,0.184350138022179,0.0100004103277469,1,0,0
DEUTNP,2006,14,f,41.9150759475989,911.084924052401,1129,2912,3524,8518,0.000389852850555633,0.00177663469092301,0.0119784470220243,0.0463839385638999,0.157728103159247,0.0106514231976987,1,0,0
DEUTNP,2006,14,b,87.286692853501,2750.7133071465,3142,5363,4770,16113,0.000395570486228789,0.002662226217341,0.0177518803770973,0.0540737089768434,0.163911200373681,0.0103343168764412,1,0,0
DEUTNP,2006,15,m,40.7992834192608,1727.20071658074,1997,2375,1272,7412,0.000360592398610846,0.00331884007341852,0.0241350551332115,0.0652488937367066,0.188196930629383,0.00975945244888212,1,0,0
DEUTNP,2006,15,f,36.2229051399003,941.7770948601,1225,2854,3596,8653,0.000336909870850547,0.00183648506705935,0.0129969863613638,0.0454600826447014,0.160950697775441,0.0108202353756383,1,0,0
DEUTNP,2006,15,b,77.0221885591611,2668.97781144084,3222,5229,4868,16065,0.000349053258666688,0.00258312005277283,0.0182038696928732,0.0527226224575637,0.167278768012386,0.0103035313486023,1,0,0
DEUTNP,2006,16,m,44.6681809848804,1854.33181901512,1934,2364,1212,7409,0.000394786505375668,0.00356312424565553,0.0233736588020186,0.0649466883341366,0.17931971692045,0.00975550231972041,1,0,0
DEUTNP,2006,16,f,29.4957941853474,848.504205814653,1103,2831,3467,8279,0.000274340894835445,0.00165460097917028,0.0117025926176198,0.0450937259870882,0.155176882421428,0.0103525631197168,1,0,0
DEUTNP,2006,16,b,74.1639751702278,2702.83602482977,3037,5195,4679,15688,0.000336100254914975,0.00261588908876148,0.0171586444001415,0.0523798094601345,0.160784173280598,0.0100617366820338,1,0,0
DEUTNP,2006,17,m,35.1717960510869,1769.82820394891,1957,2324,1216,7302,0.000310855516043833,0.0034007493801647,0.0236516288911843,0.0638477595975184,0.179911531167712,0.00961461437961917,1,0,0
DEUTNP,2006,17,f,36.2229051399003,919.7770948601,1139,2765,3413,8273,0.000336909870850547,0.00179358460611609,0.0120845448698721,0.0440424416652415,0.152759936459283,0.0103450603562528,1,0,0
DEUTNP,2006,17,b,71.3947011909872,2689.60529880901,3096,5089,4629,15575,0.000323550311519737,0.00260308397904851,0.0174919865205262,0.051311039526973,0.159066026526157,0.00998926241857954,1,0,0
DEUTNP,2006,18,m,48.5370785505,1861.4629214495,1977,2371,1240,7498,0.000428980612140489,0.00357682675764483,0.0238933420121979,0.0651390008630448,0.183462416651286,0.00987268948485134,1,0,0
DEUTNP,2006,18,f,27.4259138916388,871.574086108361,1153,2748,3442,8242,0.000255088902215414,0.00169958772910237,0.0122330818568591,0.0437716563096144,0.154057925957472,0.0103062960783556,1,0,0
DEUTNP,2006,18,b,75.9629924421388,2733.03700755786,3130,5119,4682,15740,0.000344253137258429,0.00264511854273594,0.0176840819797309,0.0516135215835281,0.160887262085865,0.010095087670526,1,0,0
DEUTNP,2006,19,m,49.2405144715217,1790.75948552848,2066,2462,1200,7568,0.000435197722461366,0.00344096912731244,0.0249689654007086,0.0676390637388512,0.177544274178664,0.00996485916529141,1,0,0
DEUTNP,2006,19,f,35.7054350664731,876.294564933527,1187,2806,3509,8414,0.000332096872695539,0.00170879276171476,0.0125938145395419,0.0446955122288129,0.157056729280874,0.0105213752976564,1,0,0
DEUTNP,2006,19,b,84.9459495379948,2667.05405046201,3253,5268,4709,15982,0.000384962580932095,0.00258125817683671,0.0183790155527363,0.0531158491310854,0.161815061333263,0.0102502980400474,1,0,0
DEUTNP,2006,20,m,45.0198989453913,1726.98010105461,1907,2356,1177,7212,0.000397895060536106,0.00331841615763276,0.0230473460886502,0.0647269025868129,0.174141342256906,0.00949611050476766,1,0,0
DEUTNP,2006,20,f,28.9783241119202,875.02167588808,1060,2710,3270,7944,0.000269527896680438,0.00170631060140661,0.011246371871874,0.043166371397036,0.146359505485454,0.0099336588263112,1,0,0
DEUTNP,2006,20,b,73.9982230573115,2602.00177694269,2967,5066,4447,15156,0.000335349090656641,0.00251829855555927,0.0167631537488376,0.0510791366169474,0.152811972339992,0.00972053041515195,1,0,0
DEUTNP,2006,21,m,43.6130271033478,1675.38697289665,1904,2238,1113,6974,0.000385460839894353,0.0032192792480658,0.0230110891204981,0.0614850628137892,0.16467231430071,0.00918273359127144,1,0,0
DEUTNP,2006,21,f,27.9433839650659,858.056616034934,1072,2680,3133,7771,0.000259901900370422,0.00167322837924161,0.0113736892892914,0.0426885148871057,0.140227624062975,0.00971732914643308,1,0,0
DEUTNP,2006,21,b,71.5564110684137,2533.44358893158,2976,4918,4246,14745,0.000324283156959866,0.00245194580078022,0.0168140025468624,0.0495868918046086,0.145905022387138,0.00945692933303084,1,0,0
DEUTNP,2006,22,m,41.5027193402826,1695.49728065972,1921,2242,1097,6997,0.000366809508931723,0.00325792148266663,0.0232165452733597,0.061594955687451,0.162305057311662,0.00921301791484461,1,0,0
DEUTNP,2006,22,f,31.0482044056288,898.951795594371,1104,2637,3266,7937,0.000288779889300469,0.00175297483621695,0.0117132024024046,0.0420035872228723,0.146180472451221,0.00992490560226989,1,0,0
DEUTNP,2006,22,b,72.5509237459114,2594.44907625409,3025,4879,4363,14934,0.000328790142509871,0.00251098881603364,0.0170908460027751,0.0491936651310869,0.14992548579253,0.00957814734889675,1,0,0
DEUTNP,2006,23,m,39.0406936167065,1772.95930638329,1943,2366,1190,7311,0.000345049622808655,0.00340676583681241,0.0234824297064747,0.0650016347709675,0.176064738560508,0.00962646476710432,1,0,0
DEUTNP,2006,23,f,25.8735036713573,881.126496328643,1177,2658,3267,8009,0.000240649907750391,0.0017182151291737,0.012487716691694,0.0423380867798235,0.146225230709779,0.0100149387638377,1,0,0
DEUTNP,2006,23,b,64.9141972880638,2654.08580271193,3120,5024,4457,15320,0.000294181618582895,0.00256870710178882,0.0176275833152589,0.0506556617377701,0.15315560169088,0.00982571430193506,1,0,0
DEUTNP,2006,24,m,48.8887965110108,1832.11120348899,1989,2424,1281,7575,0.000432089167300928,0.00352042702549102,0.0240383698848061,0.0665950814390639,0.189528512685723,0.00997407613333541,1,0,0
DEUTNP,2006,24,f,35.7054350664731,886.294564933527,1171,2888,3691,8672,0.000332096872695539,0.00172829297123443,0.0124240579829853,0.0460016533559557,0.165202732338474,0.0108439941266076,1,0,0
DEUTNP,2006,24,b,84.5942315774839,2718.40576842252,3160,5312,4972,16247,0.00038336864673541,0.00263095797270595,0.0178535779731469,0.0535594894806996,0.170852513261623,0.010420259808325,1,0,0
DEUTNP,2006,25,m,47.8336426294782,1740.16635737052,1930,2306,1167,7191,0.000422763501819613,0.00334375373158088,0.0233253161778158,0.0633532416660402,0.17266180663875,0.00946845960063564,1,0,0
DEUTNP,2006,25,f,31.0482044056288,879.951795594371,1068,2706,3434,8119,0.000288779889300469,0.00171592443812958,0.0113312501501523,0.043102657195712,0.153699859889006,0.010152489427344,1,0,0
DEUTNP,2006,25,b,78.881847035107,2620.11815296489,2998,5012,4601,15310,0.00035748095805019,0.00253583214987613,0.0169382996087007,0.0505346689151481,0.15810386434367,0.00981930065030195,1,0,0
DEUTNP,2006,26,m,42.9095911823261,1731.09040881767,1885,2191,1120,6970,0.000379243729573476,0.00332631417086723,0.0227814616555352,0.0601938215482628,0.165707989233419,0.00917746675238915,1,0,0
DEUTNP,2006,26,f,34.1530248461917,812.846975153808,1044,2602,3291,7784,0.000317657878230516,0.00158506863229253,0.0110766153153174,0.041446087961287,0.147299428915177,0.00973358513393837,1,0,0
DEUTNP,2006,26,b,77.0626160285178,2543.93738397148,2929,4793,4411,14754,0.00034923647002672,0.00246210202324151,0.016548458823844,0.0483265499022954,0.151574906676794,0.00946270161950065,1,0,0
DEUTNP,2006,27,m,46.7784887479456,1851.22151125205,1985,2381,1258,7522,0.000413437836338298,0.00355714774625645,0.0239900272606033,0.0654137330471993,0.186125580763966,0.00990429051814508,1,0,0
DEUTNP,2006,27,f,36.2229051399003,883.7770948601,1177,2849,3516,8462,0.000336909870850547,0.00172338385184529,0.012487716691694,0.0453804398930463,0.157370037090782,0.0105813974053683,1,0,0
DEUTNP,2006,27,b,83.0013938878459,2734.99860611215,3162,5230,4774,15984,0.000376150140010322,0.0026470170390589,0.0178648777060413,0.0527327051927822,0.164048652114036,0.010251580770374,1,0,0
DEUTNP,2006,28,m,42.9095911823261,1781.09040881767,1932,2244,1115,7115,0.000379243729573476,0.00342238986263711,0.0233494874899172,0.0616499021242819,0.164968221424342,0.00936838966187214,1,0,0
DEUTNP,2006,28,f,30.5307343322017,855.469265667798,1097,2759,3244,7986,0.000283966891145461,0.00166818299181562,0.0116389339089111,0.0439468703632555,0.14519579076294,0.00998617817055907,1,0,0
DEUTNP,2006,28,b,73.4403255145278,2636.55967448547,3029,5003,4359,15101,0.00033282078084159,0.00255174476771651,0.0171134454685639,0.0504439242981815,0.149788034052175,0.0096852553311698,1,0,0
DEUTNP,2006,29,m,46.4267707874348,1925.57322921257,2102,2522,1374,7970,0.000410329281177859,0.00370001560100316,0.0254040490185331,0.0692874568437785,0.20328819393457,0.0104941764729615,1,0,0
DEUTNP,2006,29,f,38.2927854336089,946.707214566391,1265,3055,3958,9263,0.000356161863470578,0.00184609890378232,0.0134213777527553,0.0486617212612343,0.177153187373525,0.0115830163278098,1,0,0
DEUTNP,2006,29,b,84.7195562210437,2872.28044377896,3367,5577,5332,17233,0.000383936599633713,0.00277988268756244,0.0190231003277169,0.0562314143136035,0.183223169893599,0.0110526458593503,1,0,0
DEUTNP,2006,30,m,47.1302067084565,1867.86979329154,2180,2671,1454,8220,0.000416546391498736,0.00358913765053093,0.0263467301904863,0.0733809663876814,0.215124478879814,0.0108233539031046,1,0,0
DEUTNP,2006,30,f,37.2578452867546,936.742154713245,1282,3321,4255,9832,0.000346535867160563,0.00182666682828109,0.0136017440940966,0.0528987156492829,0.190446390165323,0.0122945283963106,1,0,0
DEUTNP,2006,30,b,84.3880519952111,2804.61194800479,3462,5992,5709,18052,0.000382434271117044,0.00271439100470694,0.0195598376402008,0.0604157494292832,0.196177996422085,0.0115779239281026,1,0,0
DEUTNP,2006,31,m,39.7441295377282,1649.25587046227,1920,2138,1171,6918,0.000351266733129531,0.00316906797320395,0.023204459617309,0.0587377409722437,0.173253620886012,0.00910899784691939,1,0,0
DEUTNP,2006,31,f,27.4259138916388,948.574086108361,1067,2604,3331,7978,0.000255088902215414,0.0018497393424038,0.0113206403653675,0.041477945061949,0.149089759257507,0.00997617448594043,1,0,0
DEUTNP,2006,31,b,67.170043429367,2597.82995657063,2987,4742,4502,14896,0.000304404782341319,0.00251426093755681,0.0168761510777816,0.0478123304061517,0.154701933769877,0.00955377547269091,1,0,0
DEUTNP,2006,32,m,39.3924115772174,1634.60758842278,1887,2109,1089,6759,0.000348158177969093,0.00314092109660026,0.0228056329676365,0.0579410176381954,0.161121428817137,0.00889964100134839,1,0,0
DEUTNP,2006,32,f,25.3560335979302,861.64396640207,1061,2645,3116,7709,0.000235836909595383,0.00168022378761957,0.0112569816566588,0.0421310156255204,0.139466733667484,0.0096398005906386,1,0,0
DEUTNP,2006,32,b,64.7484451751476,2496.25155482485,2948,4754,4205,14468,0.000293430454324561,0.00241595018901728,0.0166558062863408,0.0479333232287737,0.144496142048497,0.0092792711827935,1,0,0
DEUTNP,2006,33,m,47.4819246689674,1719.51807533103,1883,2214,1192,7056,0.000419654946659174,0.00330407777196481,0.0227572903434338,0.0608257055718183,0.176360645684139,0.00929070378835837,1,0,0
DEUTNP,2006,33,f,35.7054350664731,875.294564933527,1123,2581,3269,7884,0.000332096872695539,0.00170684274076279,0.0119147883133155,0.0411115884043358,0.146314747226896,0.00985863119167139,1,0,0
DEUTNP,2006,33,b,83.1873597354405,2594.81264026456,3006,4795,4461,14940,0.000376992909948673,0.00251134068463363,0.0169834985402783,0.0483467153727325,0.153293053431235,0.00958199553987662,1,0,0
DEUTNP,2006,34,m,39.7441295377282,1635.25587046227,1829,2259,1141,6904,0.000351266733129531,0.00314216677950838,0.022104664916697,0.0620620004005138,0.168815014031546,0.00909056391083138,1,0,0
DEUTNP,2006,34,f,30.5307343322017,851.469265667798,1103,2543,3204,7732,0.000283966891145461,0.00166038290800775,0.0117025926176198,0.0405063034917574,0.14340546042061,0.0096685611839172,1,0,0
DEUTNP,2006,34,b,70.2748638699299,2486.72513613007,2932,4802,4345,14636,0.000318475373071431,0.00240673022358478,0.0165654084231856,0.048417294519262,0.149306952960932,0.00938702053022987,1,0,0
DEUTNP,2006,35,m,42.9095911823261,1702.09040881767,1916,2162,1127,6950,0.000379243729573476,0.0032705902696407,0.0231561169931063,0.0593970982142146,0.166743664166128,0.00915113255797771,1,0,0
DEUTNP,2006,35,f,32.6006146259102,855.39938537409,1122,2507,3223,7740,0.000303218883765492,0.00166804672377876,0.0119041785285307,0.0399328756798411,0.144255867333216,0.00967856486853584,1,0,0
DEUTNP,2006,35,b,75.5102058082363,2557.48979419176,3038,4669,4350,14690,0.000342201174661664,0.00247521846896592,0.0171642942665887,0.0470762907352008,0.149478767636376,0.0094216542490487,1,0,0
DEUTNP,2006,36,m,45.3716169059021,1653.6283830941,1890,2286,1125,7000,0.000401003615696544,0.00317746981672145,0.0228418899357886,0.0628037772977311,0.166447757042497,0.00921696804400632,1,0,0
DEUTNP,2006,36,f,31.0482044056288,826.951795594371,1159,2554,3318,7889,0.000288779889300469,0.00161257332767536,0.0122967405655679,0.0406815175453985,0.148507901896249,0.00986488349455804,1,0,0
DEUTNP,2006,36,b,76.4198213115309,2480.58017868847,3049,4840,4443,14889,0.000346323418673399,0.00240078294192407,0.0172264427975078,0.0488004384575652,0.152674520599636,0.00954928591654772,1,0,0
DEUTNP,2006,37,m,41.8544373007934,1733.14556269921,1968,2308,1193,7244,0.000369918064092161,0.00333026317748446,0.0237845711077418,0.0634081881028711,0.176508599245955,0.00953824521582597,1,0,0
DEUTNP,2006,37,f,30.5307343322017,897.469265667798,1155,2760,3539,8382,0.000283966891145461,0.00175008387179821,0.0122543014264287,0.0439627989135865,0.158399477037621,0.0104813605591818,1,0,0
DEUTNP,2006,37,b,72.3851716329951,2630.61482836701,3123,5068,4732,15626,0.000328038978251537,0.00254599116004191,0.0176445329146005,0.0510993020873844,0.162605408840306,0.0100219720419084,1,0,0
DEUTNP,2006,38,m,40.7992834192608,1665.20071658074,1956,2167,1171,7000,0.000360592398610846,0.00319970621562387,0.0236395432351336,0.0595344643062919,0.173253620886012,0.00921696804400632,1,0,0
DEUTNP,2006,38,f,32.0831445524831,901.916855447517,1087,2581,3381,7983,0.000298405885610484,0.00175875676505441,0.0115328360610632,0.0411115884043358,0.151327672185419,0.00998242678882708,1,0,0
DEUTNP,2006,38,b,72.8824279717439,2567.11757202826,3043,4748,4552,14983,0.000330292471026539,0.00248453653294026,0.0171925435988247,0.0478728268174627,0.156420080524318,0.00960957424189902,1,0,0
DEUTNP,2006,39,m,43.6130271033478,1609.38697289665,1900,2146,1111,6810,0.000385460839894353,0.00309245933492956,0.0229627464962954,0.0589575267195673,0.164376407177079,0.00896679319709758,1,0,0
DEUTNP,2006,39,f,33.1180846993374,814.881915300663,1107,2545,3227,7727,0.0003080318819205,0.0015890368082149,0.0117450317567589,0.0405381605924194,0.144434900367449,0.00966230888103055,1,0,0
DEUTNP,2006,39,b,76.7311118026852,2424.26888819731,3007,4691,4338,14537,0.000347734141510052,0.00234628311691927,0.0169891484067255,0.0472981109100079,0.14906641241531,0.00932352537906201,1,0,0
DEUTNP,2006,40,m,47.4819246689674,1650.51807533103,1837,2095,1108,6738,0.000419654946659174,0.00317149331732238,0.0222013501651024,0.0575563925803791,0.163932546491633,0.00887199009721637,1,0,0
DEUTNP,2006,40,f,32.6006146259102,798.39938537409,1070,2504,3029,7434,0.000303218883765492,0.00155689552951666,0.0113524697197218,0.039885090028848,0.135572765172917,0.0092959239318728,1,0,0
DEUTNP,2006,40,b,80.0825392948776,2448.91746070512,2907,4599,4137,14172,0.000362922319218561,0.00237013877493344,0.0164241617620057,0.0463704992699054,0.142159462462457,0.00908942709445324,1,0,0
DEUTNP,2006,41,m,44.6681809848804,1697.33181901512,1927,2336,1217,7222,0.000394786505375668,0.00326144657349811,0.0232890592096638,0.0641774382185038,0.180059484729528,0.00950927760197338,1,0,0
DEUTNP,2006,41,f,27.4259138916388,816.574086108361,1093,2474,3118,7529,0.000255088902215414,0.00159233657674422,0.0115964947697719,0.0394072335189177,0.139556250184601,0.00941471768671917,1,0,0
DEUTNP,2006,41,b,72.0940948765192,2513.90590512348,3020,4810,4335,14751,0.000326719861094901,0.0024330366204142,0.0170625966705391,0.04849795640101,0.148963323610043,0.00946077752401071,1,0,0
DEUTNP,2006,42,m,46.0750528269239,1709.92494717308,2013,2352,1244,7365,0.000407220726017421,0.00328564444348456,0.0243284256300224,0.0646170097131511,0.184054230898548,0.00969756709201522,1,0,0
DEUTNP,2006,42,f,34.1530248461917,909.846975153808,1152,2659,3366,8121,0.000317657878230516,0.00177422066463329,0.0122224720720743,0.0423540153301545,0.150656298307045,0.0101549903484987,1,0,0
DEUTNP,2006,42,b,80.2280776731156,2619.77192232689,3165,5011,4610,15486,0.00036358187779688,0.00253549705705518,0.0178818273053829,0.0505245861799296,0.15841313075947,0.0099321809190448,1,0,0
DEUTNP,2006,43,m,36.9303858536413,1673.06961414636,1959,2340,1210,7219,0.000326398291846025,0.00321482641116553,0.0236758002032856,0.0642873310921657,0.179023809796819,0.00950532747281166,1,0,0
DEUTNP,2006,43,f,29.4957941853474,890.504205814653,1086,2634,3430,8070,0.000274340894835445,0.00173650185915288,0.0115222262762784,0.0419558015718793,0.153520826854773,0.0100912168590548,1,0,0
DEUTNP,2006,43,b,66.4261800389887,2563.57381996101,3045,4974,4640,15289,0.000301033702587919,0.00248110677905181,0.0172038433317191,0.0501515249768449,0.159444018812134,0.0098058319818724,1,0,0
DEUTNP,2006,44,m,40.0958474982391,1720.90415250176,1997,2391,1162,7311,0.00035437528828997,0.00330674113842529,0.0241350551332115,0.0656884652313539,0.171922038829672,0.00962646476710432,1,0,0
DEUTNP,2006,44,f,34.1530248461917,875.846975153808,1104,2562,3241,7817,0.000317657878230516,0.00170791995226642,0.0117132024024046,0.0408089459480466,0.145061515987265,0.00977485033299027,1,0,0
DEUTNP,2006,44,b,74.2488723444308,2596.75112765557,3101,4953,4403,15128,0.000336484996453245,0.00251321681325122,0.0175202358527622,0.0499397875372563,0.151300003196083,0.00970257219057922,1,0,0
DEUTNP,2006,45,m,34.1166421695543,1731.88335783045,2015,2476,1205,7462,0.000301529850562518,0.00332783783336603,0.0243525969421238,0.0680236887966676,0.178284041987741,0.00982528793491074,1,0,0
DEUTNP,2006,45,f,28.9783241119202,890.02167588808,1165,2702,3445,8231,0.000269527896680438,0.00173556091568611,0.0123603992742766,0.0430389429943879,0.154192200733146,0.010292541012005,1,0,0
DEUTNP,2006,45,b,63.0949662814745,2621.90503371853,3180,5178,4650,15693,0.000285937130559424,0.00253756154885684,0.0179665753020908,0.05220840296142,0.159787648163022,0.0100649435078503,1,0,0
DEUTNP,2006,46,m,45.3716169059021,1674.6283830941,1999,2314,1281,7314,0.000401003615696544,0.0032178216072648,0.0241592264453129,0.0635730274133638,0.189528512685723,0.00963041489626603,1,0,0
DEUTNP,2006,46,f,34.6704949196188,877.329505080381,1132,2640,3510,8194,0.000322470876385523,0.00171081091668516,0.0120102763763786,0.0420513728738653,0.157101487539432,0.0102462739706438,1,0,0
DEUTNP,2006,46,b,80.0421118255209,2551.95788817448,3131,4954,4791,15508,0.000362739107858529,0.00246986451761344,0.0176897318461781,0.0499498702724748,0.164632822010546,0.00994629095263766,1,0,0
DEUTNP,2006,47,m,35.1717960510869,1684.82820394891,2023,2282,1304,7329,0.000310855516043833,0.00323742070415591,0.0244492821905293,0.0626938844240692,0.192931444607481,0.00965016554207462,1,0,0
DEUTNP,2006,47,f,32.0831445524831,836.916855447517,1180,2645,3446,8140,0.000298405885610484,0.00163200540317659,0.0125195460460484,0.0421310156255204,0.154236958991705,0.0101787490994679,1,0,0
DEUTNP,2006,47,b,67.25494060357,2521.74505939643,3203,4927,4750,15469,0.000304789523879589,0.00244062359866198,0.0180965222303764,0.0496776364215751,0.163223941671905,0.0099212777112685,1,0,0
DEUTNP,2006,48,m,35.1717960510869,1739.82820394891,2010,2324,1242,7351,0.000310855516043833,0.00334310396510277,0.0242921686618704,0.0638477595975184,0.183758323774917,0.00967913315592721,1,0,0
DEUTNP,2006,48,f,37.7753153601817,821.224684639818,1139,2610,3462,8070,0.00035134886531557,0.00160140534131974,0.0120845448698721,0.041573516363935,0.154953091128636,0.0100912168590548,1,0,0
DEUTNP,2006,48,b,72.9471114112686,2561.05288858873,3149,4934,4704,15421,0.000330585606884793,0.00247866694296494,0.0177914294422277,0.0497482155681047,0.161643246657819,0.00989049218342954,1,0,0
DEUTNP,2006,49,m,42.2061552613043,1699.7938447387,2068,2311,1296,7417,0.000373026619252599,0.00326617738998906,0.0249931367128099,0.0634906077581174,0.191747816112957,0.00976603599748498,1,0,0
DEUTNP,2006,49,f,42.432546021026,886.567453978974,1122,2824,3554,8429,0.000394665848710641,0.00172882511059061,0.0119041785285307,0.0449822261347711,0.159070850915995,0.0105401322063164,1,0,0
DEUTNP,2006,49,b,84.6387012823303,2586.36129871767,3190,5135,4850,15846,0.000383570176913648,0.00250316121242932,0.0180230739665628,0.0517748453470242,0.166660235180787,0.010163072377837,1,0,0
DEUTNP,2006,50,m,42.9095911823261,1762.09040881767,2001,2386,1259,7451,0.000379243729573476,0.00338588109976455,0.0241833977574143,0.0655510991392766,0.186273534325781,0.00981080412798444,1,0,0
DEUTNP,2006,50,f,24.838563524503,957.161436475497,1119,2651,3497,8249,0.000231023911440375,0.00186648485554159,0.0118723491741764,0.0422265869275064,0.156519630178175,0.0103150493023969,1,0,0
DEUTNP,2006,50,b,67.7481547068291,2719.25184529317,3120,5037,4756,15700,0.000307024697836386,0.00263177683231632,0.0176275833152589,0.0507867372956107,0.163430119282438,0.0100694330639935,1,0,0
DEUTNP,2006,51,m,38.6889756561956,1717.3110243438,2034,2495,1320,7605,0.000341941067648216,0.00329983689295742,0.0245822244070867,0.0685456799465612,0.19529870159653,0.0100135774249526,1,0,0
DEUTNP,2006,51,f,35.7054350664731,865.294564933527,1188,2788,3492,8369,0.000332096872695539,0.00168734253124313,0.0126044243243267,0.0444087983228548,0.156295838885384,0.0104651045716765,1,0,0
DEUTNP,2006,51,b,74.3944107226687,2582.60558927733,3222,5283,4812,15974,0.000337144555031563,0.00249952631957777,0.0182038696928732,0.053267090159363,0.165354443647412,0.0102451671187409,1,0,0
DEUTNP,2006,52,m,35.1717960510869,1699.82820394891,2066,2420,1383,7604,0.000310855516043833,0.00326624341168687,0.0249689654007086,0.0664851885654021,0.20461977599091,0.010012260715232,1,0,0
DEUTNP,2006,52,f,32.6006146259102,864.39938537409,1140,2773,3749,8559,0.000303218883765492,0.00168559691234645,0.0120951546546569,0.0441698700678896,0.167798711334852,0.0107026920813693,1,0,0
DEUTNP,2006,52,b,67.7724106769971,2564.227589323,3206,5193,5132,16163,0.000307134622334607,0.00248173951745136,0.018113471829718,0.0523596439896975,0.176350582875835,0.0103663851346068,1,0,0
DEUTNP,2007,1,m,45.0325764960715,1931.96742350393,2092,2578,1488,8135,0.000404013263293909,0.00373711897331979,0.0247054721051034,0.0689066169463297,0.202374300897913,0.0107339821847382,1,0,0
DEUTNP,2007,1,f,36.7098941111817,908.290105888818,1204,2875,3786,8810,0.000346777706917133,0.00178085027081746,0.0125300836643895,0.0463953504125294,0.159675559947533,0.0110448273087942,1,0,0
DEUTNP,2007,1,b,81.7424706072532,2840.25752939275,3296,5453,5274,16945,0.00037613331810865,0.0027655899947557,0.0182334830246511,0.0548699914025642,0.169782394781912,0.0108933799083048,1,0,0
DEUTNP,2007,2,m,49.6787947059837,1817.32120529402,2047,2449,1397,7760,0.000445697171411535,0.00351535200557529,0.0241740446458636,0.0654586132279137,0.189997915560742,0.0102391766138376,1,0,0
DEUTNP,2007,2,f,36.7098941111817,872.290105888818,1227,2771,3756,8663,0.000346777706917133,0.00171026642394544,0.0127694457277457,0.0447170490410848,0.158410301944779,0.0108605379087496,1,0,0
DEUTNP,2007,2,b,86.3886888171654,2689.61131118284,3274,5220,5153,16423,0.000397512626306316,0.00261890411521217,0.0181117789510642,0.0525254639870502,0.165887121788243,0.0105578033776388,1,0,0
DEUTNP,2007,3,m,40.3863582861594,1748.61364171384,2031,2499,1398,7717,0.000362329355176284,0.00338244689737199,0.0239850926603561,0.0667950487776873,0.190133919795217,0.0101824389083743,1,0,0
DEUTNP,2007,3,f,32.0565272520178,913.943472747982,1189,2764,3676,8575,0.000302819969420595,0.00179193461472575,0.0123739779708962,0.0446040864487761,0.155036280604102,0.0107502150026005,1,0,0
DEUTNP,2007,3,b,72.4428855381772,2662.55711446182,3220,5263,5074,16292,0.000333341807611354,0.00259256114631111,0.0178130507704419,0.0529581450122309,0.163343927023781,0.0104735878115138,1,0,0
DEUTNP,2007,4,m,39.314154083872,1742.68584591613,2100,2480,1287,7649,0.000352709991764524,0.00337098041099334,0.0247999480978571,0.0662872032687733,0.175037449768558,0.010092714164851,1,0,0
DEUTNP,2007,4,f,28.9542826792419,903.045717320758,1122,2827,3531,8412,0.00027351481108957,0.00177056779527231,0.0116767058732932,0.045620749779555,0.148920866924125,0.010545866892347,1,0,0
DEUTNP,2007,4,b,68.2684367631139,2645.73156323689,3222,5307,4818,16061,0.000314133319571113,0.00257617792202867,0.0178241147771316,0.0534008883868344,0.155102688293374,0.0103250855536904,1,0,0
DEUTNP,2007,5,m,41.8159638892093,1723.18403611079,2004,2450,1362,7581,0.00037515517305863,0.00333325690564281,0.0236662361848122,0.0654853419389091,0.185237767354138,0.0100029894213277,1,0,0
DEUTNP,2007,5,f,38.778057159699,944.221942840301,1183,2714,3657,8537,0.000366314479137817,0.00185130047296229,0.0123115356934989,0.0437972107894277,0.154234950535691,0.0107025755658543,1,0,0
DEUTNP,2007,5,b,80.5940210489083,2667.40597895109,3187,5164,5019,16118,0.000370848792942581,0.00259728253899423,0.0176304946600616,0.0519619724193731,0.161573348390295,0.0103617289679585,1,0,0
DEUTNP,2007,6,m,43.6029708930216,1765.39702910698,2130,2578,1359,7876,0.000391187445411563,0.00341491199730091,0.0251542330706836,0.0689066169463297,0.184829754650715,0.0103922364704362,1,0,0
DEUTNP,2007,6,f,33.6076495384058,902.392350461594,1230,2884,3743,8793,0.000317472548586108,0.00176928676342958,0.0128006668664444,0.0465405880312121,0.157862023476919,0.0110235149291972,1,0,0
DEUTNP,2007,6,b,77.2106204314274,2667.78937956857,3360,5462,5102,16669,0.000355280267899358,0.00259765586039228,0.018587531238722,0.0549605525473694,0.16424531250992,0.010715948639217,1,0,0
DEUTNP,2007,7,m,36.0975414770097,1795.90245852299,2100,2532,1452,7916,0.000323851901529245,0.0034739204555559,0.0247999480978571,0.0676770962405379,0.197478148456834,0.0104450157313323,1,0,0
DEUTNP,2007,7,f,33.0906087762765,892.909391223724,1209,2823,3840,8798,0.000312588355530937,0.00175069388168681,0.0125821188955539,0.0455561997268071,0.16195302435249,0.0110297832761375,1,0,0
DEUTNP,2007,7,b,69.1881502532862,2688.81184974671,3309,5355,5292,16714,0.000318365328760435,0.00261812567081899,0.0183053990681343,0.0538838811591291,0.170361856880144,0.0107448776504813,1,0,0
DEUTNP,2007,8,m,43.2455694922592,1785.75443050774,2191,2628,1466,8114,0.000387980990940976,0.0034542905241315,0.0258746125154309,0.0702430524961033,0.199382207739476,0.0107062730727678,1,0,0
DEUTNP,2007,8,f,34.1246903005351,921.875309699465,1241,3004,4034,9235,0.000322356741641279,0.00180748626930346,0.0129151443750061,0.0484770896136481,0.170135026103631,0.011577636798719,1,0,0
DEUTNP,2007,8,b,77.3702597927943,2707.62974020721,3432,5632,5500,17349,0.000356014839319155,0.00263644885772771,0.0189858354795518,0.0566711519492465,0.1770578633486,0.0111530981427666,1,0,0
DEUTNP,2007,9,m,46.8195834998839,1868.18041650012,2142,2609,1439,8105,0.000420045535646842,0.00361373198903365,0.0252959470598142,0.0697352069871894,0.195710093408667,0.0106943977390662,1,0,0
DEUTNP,2007,9,f,33.6076495384058,963.392350461594,1253,3053,4105,9408,0.000317472548586108,0.00188888717062939,0.0130400289298007,0.0492678277598094,0.173129470043482,0.0117945216028531,1,0,0
DEUTNP,2007,9,b,80.4272330382897,2831.57276696171,3395,5662,5544,17513,0.000370081327420819,0.00275713354605782,0.018781151355792,0.0569730224319307,0.178474326255389,0.0112585283171521,1,0,0
DEUTNP,2007,10,m,44.3177736945466,1759.68222630545,2154,2691,1502,8151,0.000397600354352736,0.00340385751588547,0.0254376610489449,0.0719269612888181,0.204278360180555,0.0107550938890967,1,0,0
DEUTNP,2007,10,f,31.5394864898885,871.460513510111,1257,3011,4088,9259,0.000297935776365424,0.0017086398733503,0.0130816571147322,0.0485900522059568,0.172412490508588,0.0116077248640324,1,0,0
DEUTNP,2007,10,b,75.8572601844351,2631.14273981556,3411,5702,5590,17410,0.000349052857882069,0.00256197262420911,0.0188696634093097,0.057375516408843,0.179955173839759,0.0111923130247027,1,0,0
DEUTNP,2007,11,m,40.3863582861594,1757.61364171384,2102,2564,1384,7848,0.000362329355176284,0.00339985613023518,0.0248235670960455,0.0685324149923931,0.188229860512575,0.0103552909878089,1,0,0
DEUTNP,2007,11,f,31.0224457277592,952.977554272241,1244,2914,4095,9237,0.000293051583310253,0.00186846727120071,0.0129463655137047,0.0470247134268211,0.172707717375897,0.0115801441374951,1,0,0
DEUTNP,2007,11,b,71.4088040139186,2710.59119598608,3346,5478,5479,17085,0.000328583540433658,0.00263933245979098,0.018510083191894,0.0551215501381343,0.176381824233997,0.0109833812766826,1,0,0
DEUTNP,2007,12,m,47.5343863014088,1795.46561369859,2023,2554,1468,7888,0.000426458444588015,0.00347307544074779,0.0238906166676023,0.0682651278824383,0.199654216208425,0.010408070248705,1,0,0
DEUTNP,2007,12,f,29.4713234413712,876.528676558629,1266,2986,3948,9106,0.000278399004144741,0.00171857683014305,0.0131753205308281,0.0481866143762827,0.166507953162403,0.0114159134476595,1,0,0
DEUTNP,2007,12,b,77.00570974278,2671.99429025722,3289,5540,5416,16994,0.000354337383048138,0.00260175022817725,0.0181947590012371,0.0557454158023483,0.174353706890185,0.010924880387237,1,0,0
DEUTNP,2007,13,m,46.1047806983589,1755.89521930164,2169,2622,1460,8053,0.000413632626705669,0.00339653208402059,0.0256148035353581,0.0700826802301305,0.19856618233263,0.0106257846999013,1,0,0
DEUTNP,2007,13,f,31.5394864898885,894.460513510111,1165,2877,3973,8941,0.000297935776365424,0.00175373510885187,0.0121242088613071,0.0464276254389033,0.167562334831365,0.0112090579986299,1,0,0
DEUTNP,2007,13,b,77.6442671882474,2650.35573281175,3334,5499,5433,16994,0.000357275668727325,0.00258068052680234,0.0184436991517557,0.0553328594760133,0.174900976649626,0.010924880387237,1,0,0
DEUTNP,2007,14,m,42.1733652899717,1690.82663471003,2148,2518,1386,7785,0.000378361627529216,0.00327066606832797,0.0253668040543795,0.0673028942866013,0.188501868981524,0.0102721636518976,1,0,0
DEUTNP,2007,14,f,40.329179446087,920.670820553913,1155,2874,3906,8896,0.000380967058303329,0.00180512467270877,0.0120201383989783,0.0463792128993424,0.164736591958548,0.0111526428761672,1,0,0
DEUTNP,2007,14,b,82.5025447360587,2611.49745526394,3303,5392,5292,16681,0.000379630755878176,0.00254284379457383,0.0182722070480651,0.054256188087773,0.170361856880144,0.0107236630422208,1,0,0
DEUTNP,2007,15,m,44.6751750953091,1801.32482490469,2056,2510,1304,7716,0.000400806808823323,0.00348440925989019,0.0242803301377115,0.0670890645986375,0.177349521754623,0.0101811194268519,1,0,0
DEUTNP,2007,15,f,28.4372419171126,888.562758082887,1214,2835,3917,8883,0.000268630618034399,0.00174217160146399,0.0126341541267183,0.0457498498850507,0.165200519892891,0.0111363451741225,1,0,0
DEUTNP,2007,15,b,73.1124170124217,2689.88758298758,3270,5345,5221,16599,0.000336422618518034,0.002619173124107,0.0180896509376848,0.0537832576649011,0.168076200826008,0.0106709479550281,1,0,0
DEUTNP,2007,16,m,45.389977896834,1733.61002210317,1979,2448,1318,7524,0.000407219717764496,0.00335342450763943,0.0233709987074568,0.0654318845169182,0.179253581037264,0.00992777897455078,1,0,0
DEUTNP,2007,16,f,32.5735680141472,848.426431985853,1159,2729,3621,8390,0.000307704162475766,0.00166347781548514,0.0120617665839098,0.0440392734872322,0.152716640932387,0.0105182861658097,1,0,0
DEUTNP,2007,16,b,77.9635459109812,2582.03645408902,3138,5177,4939,15914,0.000358744811566919,0.00251415729370492,0.0173594264961636,0.0520927829618696,0.158997961287043,0.0102305841168936,1,0,0
DEUTNP,2007,17,m,43.6029708930216,1661.39702910698,2046,2452,1329,7532,0.000391187445411563,0.0032137386397707,0.0241622351467693,0.0655387993609001,0.180749627616483,0.00993833482672999,1,0,0
DEUTNP,2007,17,f,30.5054049656299,926.49459503437,1150,2823,3705,8635,0.000288167390255082,0.00181654312843504,0.0119681031678138,0.0455561997268071,0.156259363340097,0.010825435165884,1,0,0
DEUTNP,2007,17,b,74.1083758586515,2587.89162414135,3196,5275,5034,16167,0.000341005466366271,0.00251985853718258,0.0176802826901653,0.0530788932053046,0.162056233472155,0.0103932294468907,1,0,0
DEUTNP,2007,18,m,51.465801709796,1797.5341982902,1968,2327,1247,7391,0.000461729443764468,0.00347707682639807,0.0232410942174204,0.0621977104864659,0.169597280389582,0.00975228793207135,1,0,0
DEUTNP,2007,18,f,38.778057159699,862.221942840301,1108,2533,3400,7942,0.000366314479137817,0.00169052615508713,0.0115310072260328,0.0408763209025867,0.143395906978767,0.00995664227995955,1,0,0
DEUTNP,2007,18,b,90.243858869495,2659.7561411305,3076,4860,4647,15333,0.000415251971506964,0.00258983380777208,0.0170164422887824,0.0489030181948399,0.149597798360172,0.00985707843812554,1,0,0
DEUTNP,2007,19,m,41.8159638892093,1663.18403611079,1973,2292,1242,7212,0.00037515517305863,0.00321719535322154,0.0233001417128915,0.0612622056016244,0.16891725921721,0.00951610073956143,1,0,0
DEUTNP,2007,19,f,31.5394864898885,897.460513510111,1107,2588,3398,8022,0.000297935776365424,0.00175961709609121,0.0115206001797999,0.0417638841278699,0.14331155644525,0.0100569358310042,1,0,0
DEUTNP,2007,19,b,73.3554503790978,2560.6445496209,3080,4880,4640,15234,0.000337540922698711,0.00249332776104685,0.0170385703021618,0.049104265183296,0.149372451988637,0.00979343461334406,1,0,0
DEUTNP,2007,20,m,43.9603722937841,1655.03962770622,1961,2279,1249,7188,0.000394393899882149,0.00320144114183841,0.0231584277237608,0.0609147323586832,0.16986928885853,0.00948443318302379,1,0,0
DEUTNP,2007,20,f,32.5735680141472,893.426431985853,1155,2549,3353,7983,0.000307704162475766,0.00175170762407517,0.0120201383989783,0.0411345211135782,0.141413669441119,0.0100080427248699,1,0,0
DEUTNP,2007,20,b,76.5339403079313,2548.46605969207,3116,4828,4602,15171,0.000352166562890714,0.00248146943145883,0.0172377224225767,0.0485810230133101,0.148149143114592,0.00975293399757403,1,0,0
DEUTNP,2007,21,m,41.4585624884468,1685.54143751155,2089,2401,1329,7546,0.000371948718588043,0.00326044259846617,0.0246700436078207,0.0641756351001309,0.180749627616483,0.00995680756804362,1,0,0
DEUTNP,2007,21,f,44.4655055431215,860.534494456879,1135,2651,3655,8346,0.000420040602744696,0.00168721763846769,0.0118119974743206,0.0427805474586488,0.154150600002174,0.0104631247127351,1,0,0
DEUTNP,2007,21,b,85.9240680315683,2546.07593196843,3224,5052,4984,15892,0.000395374700250857,0.00247914213780666,0.0178351787838213,0.0508349892840187,0.160446616532622,0.01021644104472,1,0,0
DEUTNP,2007,22,m,46.8195834998839,1559.18041650012,1789,2254,1134,6783,0.000420045535646842,0.0030160149940641,0.0211271938795554,0.0602465145837964,0.154228801893974,0.00895004316645108,1,0,0
DEUTNP,2007,22,f,27.403160392854,803.596839607146,1028,2397,3336,7592,0.000258862231924057,0.00157558211871309,0.0106984435274023,0.0386816191091593,0.140696689906225,0.00951785799413912,1,0,0
DEUTNP,2007,22,b,74.2227438927379,2362.77725610727,2817,4651,4470,14375,0.000341531724354645,0.00230066220112219,0.0155836534224642,0.0467999871654733,0.143899754394226,0.00924121193165426,1,0,0
DEUTNP,2007,23,m,54.6824143166583,1761.31758568334,1941,2371,1211,7339,0.000490587533999747,0.00340702088835487,0.0229222377418765,0.0633737737702667,0.164701127948503,0.00968367489290645,1,0,0
DEUTNP,2007,23,f,32.0565272520178,876.943472747982,1137,2644,3440,8130,0.000302819969420595,0.00171939010544062,0.0118328115667864,0.04266758486634,0.145082917649105,0.0101923321249145,1,0,0
DEUTNP,2007,23,b,86.7389415686761,2638.26105843132,3078,5015,4651,15469,0.000399124294373402,0.00256890380933564,0.0170275062954721,0.0504626823553749,0.149726567715334,0.00994450833883546,1,0,0
DEUTNP,2007,24,m,44.6751750953091,1717.32482490469,1976,2254,1165,7157,0.000400806808823323,0.00332192308650041,0.0233355702101741,0.0602465145837964,0.158444933162681,0.00944352925582933,1,0,0
DEUTNP,2007,24,f,25.3349973443367,850.665002655663,1123,2524,3356,7879,0.000239325459703373,0.00166786689685653,0.011687112919526,0.040731083283904,0.141540195241395,0.00987766110851187,1,0,0
DEUTNP,2007,24,b,70.0101724396458,2567.98982756035,3099,4778,4521,15036,0.000322147816984946,0.00250047993896306,0.0171436783657141,0.0480779055421697,0.145541563672549,0.00966614696378111,1,0,0
DEUTNP,2007,25,m,43.6029708930216,1636.39702910698,1896,2274,1125,6975,0.000391187445411563,0.00316537965959517,0.0223908102826367,0.0607810888037059,0.153004763783704,0.00920338361875222,1,0,0
DEUTNP,2007,25,f,32.0565272520178,886.943472747982,1102,2524,3357,7902,0.000302819969420595,0.00173899672957174,0.0114685649486355,0.040731083283904,0.141582370508153,0.00990649550443721,1,0,0
DEUTNP,2007,25,b,75.6594981450394,2523.34050185496,2998,4798,4482,14877,0.000348142867132815,0.00245700439945104,0.0165849460278835,0.0482791525306259,0.144286062459714,0.00956393112398055,1,0,0
DEUTNP,2007,26,m,47.5343863014088,1675.46561369859,1889,2200,1154,6966,0.000426458444588015,0.00324095233590525,0.0223081437889772,0.0588031641900408,0.156948886583462,0.0091915082850506,1,0,0
DEUTNP,2007,26,f,28.4372419171126,821.562758082887,1082,2378,3203,7513,0.000268630618034399,0.00161080721978551,0.0112604240239779,0.0383750063586069,0.13508737942735,0.00941881811248251,1,0,0
DEUTNP,2007,26,b,75.9716282185214,2497.02837178148,2971,4578,4357,14479,0.000349579115870443,0.00243138398900625,0.0164355819375723,0.0460654356576084,0.140262020110882,0.00930807009102066,1,0,0
DEUTNP,2007,27,m,46.8195834998839,1664.18041650012,1835,2259,1202,7007,0.000420045535646842,0.00321912271080133,0.0216704308378894,0.0603801581387738,0.163477089838233,0.00924560702746907,1,0,0
DEUTNP,2007,27,f,33.0906087762765,883.909391223724,1063,2475,3256,7711,0.000312588355530937,0.00173304791996881,0.0110626901455531,0.0399403451377427,0.137322668565548,0.00966704465131806,1,0,0
DEUTNP,2007,27,b,79.9101922761604,2548.08980772384,2898,4734,4458,14718,0.000367702193831972,0.00248110307077918,0.0160317456933977,0.0476351621675663,0.143513446328738,0.00946171528417999,1,0,0
DEUTNP,2007,28,m,45.389977896834,1679.61002210317,1969,2293,1231,7218,0.000407219717764496,0.00324896911046029,0.0232529037165146,0.0612889343126198,0.167421212637991,0.00952401762869584,1,0,0
DEUTNP,2007,28,f,28.4372419171126,831.562758082887,1093,2527,3415,7895,0.000268630618034399,0.00163041384391662,0.0113749015325396,0.0407794958234649,0.144028535980144,0.0098977198187208,1,0,0
DEUTNP,2007,28,b,73.8272198139466,2511.17278018606,3062,4820,4646,15113,0.000339711742856136,0.00244515655503614,0.0169389942419544,0.0485005242179276,0.149565606021381,0.00971564771638892,1,0,0
DEUTNP,2007,29,m,50.0361961067461,1802.96380389325,2035,2424,1366,7678,0.000448903625882121,0.00348757963398683,0.024032330656733,0.0647903954530268,0.185781784292036,0.0101309791290006,1,0,0
DEUTNP,2007,29,f,37.226934873311,890.773065126689,1134,2758,3690,8510,0.000351661899972304,0.00174650526740621,0.0118015904280877,0.0445072613696543,0.15562673433872,0.0106687264923767,1,0,0
DEUTNP,2007,29,b,87.2631309800571,2693.73686901994,3169,5182,5056,16188,0.000401536322064215,0.00262292121625283,0.0175309185998542,0.0521430947089836,0.16276446492555,0.0104067296521474,1,0,0
DEUTNP,2007,30,m,46.4621820991214,1633.53781790088,1859,2213,1136,6888,0.000416839081176256,0.00315984891807384,0.0219538588161506,0.059150637432982,0.154500810362923,0.00908858872630326,1,0,0
DEUTNP,2007,30,f,32.0565272520178,820.943472747982,1092,2433,3286,7664,0.000302819969420595,0.00160959301030637,0.0113644944863067,0.0392625695838901,0.138587926568302,0.00960812219007932,1,0,0
DEUTNP,2007,30,b,78.5187093511392,2454.48129064886,2951,4646,4422,14552,0.000361299364485224,0.00238995542815615,0.0163249418706752,0.0467496754183593,0.142354522132275,0.00935499937596054,1,0,0
DEUTNP,2007,31,m,38.9567526831095,1583.04324731689,1837,2260,1098,6817,0.000349503537293937,0.00306217428056012,0.0216940498360778,0.0604068868497692,0.149332649452895,0.00899490553821274,1,0,0
DEUTNP,2007,31,f,31.5394864898885,836.460513510111,1063,2411,3174,7516,0.000297935776365424,0.00164001668889139,0.0110626901455531,0.0389075442937768,0.133864296691355,0.00942257912064668,1,0,0
DEUTNP,2007,31,b,70.496239172998,2419.503760827,2900,4671,4272,14333,0.000324384425346301,0.00235589742267053,0.0160428097000874,0.0470012341539294,0.137525671313676,0.0092142115211409,1,0,0
DEUTNP,2007,32,m,51.8232031105585,1757.17679688944,1926,2288,1234,7257,0.000464935898235054,0.00339901111542706,0.0227450952554632,0.0611552907576425,0.167829225341414,0.00957547740806951,1,0,0
DEUTNP,2007,32,f,33.6076495384058,864.392350461594,1122,2506,3239,7765,0.000317472548586108,0.00169478159173133,0.0116767058732932,0.0404406080465386,0.136605689030655,0.00973474279827322,1,0,0
DEUTNP,2007,32,b,85.4308526489643,2621.56914735103,3048,4794,4473,15022,0.000393105197787536,0.00255265071193187,0.0168615461951264,0.0482389031329346,0.143996331410598,0.00965714682694332,1,0,0
DEUTNP,2007,33,m,43.9603722937841,1750.03962770622,1871,2222,1153,7040,0.000394393899882149,0.00338520526650542,0.0220955728052813,0.0593911958319413,0.156812882348988,0.00928914991770833,1,0,0
DEUTNP,2007,33,f,33.0906087762765,784.909391223724,1061,2503,3209,7591,0.000312588355530937,0.00153894234107075,0.0110418760530874,0.0403921955069777,0.135340431027901,0.00951660432475106,1,0,0
DEUTNP,2007,33,b,77.0509810700606,2534.94901892994,2932,4725,4362,14631,0.000354545696479562,0.00246830774020246,0.0162198338071229,0.047544601022761,0.140422981804835,0.00940578586240232,1,0,0
DEUTNP,2007,34,m,36.4549428777722,1581.54505712223,1950,2164,1201,6933,0.000327058355999831,0.0030592762425632,0.0230285232337244,0.0578409305942038,0.163341085603759,0.00914796539481134,1,0,0
DEUTNP,2007,34,f,29.4713234413712,806.528676558629,994,2444,3309,7583,0.000278399004144741,0.00158133046122523,0.0103446039554843,0.0394400822289467,0.139557957703747,0.00950657496964659,1,0,0
DEUTNP,2007,34,b,65.9262663191434,2388.07373368086,2944,4608,4510,14516,0.000303355955807551,0.00232529365955724,0.0162862178472612,0.0463673061402926,0.145187447945852,0.00933185616694909,1,0,0
DEUTNP,2007,35,m,38.2419498815845,1534.75805011842,1773,2005,1156,6507,0.000343090628352764,0.00296877336479642,0.0209382418940479,0.0535910655459236,0.157220895052411,0.0085858662662682,1,0,0
DEUTNP,2007,35,f,29.9883642035006,800.011635796499,1025,2340,3103,7298,0.000283283197199911,0.00156855274435821,0.0106672223887036,0.0377617808575022,0.130869852751504,0.00914927919404996,1,0,0
DEUTNP,2007,35,b,68.2303140850851,2334.76968591492,2798,4345,4259,13805,0.000313957900241655,0.00227339092198648,0.0154785453589119,0.0437209082420945,0.137107170909398,0.00887477778897301,1,0,0
DEUTNP,2007,36,m,45.389977896834,1640.61002210317,1840,2166,1242,6934,0.000407219717764496,0.00317352910138647,0.0217294783333605,0.0578943880161948,0.16891725921721,0.00914928487633374,1,0,0
DEUTNP,2007,36,f,33.0906087762765,846.909391223724,1093,2362,3188,7523,0.000312588355530937,0.00166050341068367,0.0113749015325396,0.0381168061476154,0.134454750425973,0.00943135480636309,1,0,0
DEUTNP,2007,36,b,78.4805866731105,2487.51941332689,2933,4528,4430,14457,0.000361123945155767,0.00242212501157537,0.0162253658104677,0.0455623181864681,0.1426120608426,0.009293927018847,1,0,0
DEUTNP,2007,37,m,47.5343863014088,1706.46561369859,1835,2252,1187,7028,0.000426458444588015,0.0033009174713229,0.0216704308378894,0.0601930571618055,0.161437026321117,0.00927331613943951,1,0,0
DEUTNP,2007,37,f,33.6076495384058,754.392350461594,1061,2479,3193,7521,0.000317472548586108,0.00147910872628904,0.0110418760530874,0.0400048951904905,0.134665626759765,0.00942884746758697,1,0,0
DEUTNP,2007,37,b,81.1420358398146,2460.85796416018,2896,4731,4380,14549,0.000373370451758922,0.00239616446528754,0.016020681686708,0.0476049751192978,0.141002443903067,0.00935307077520958,1,0,0
DEUTNP,2007,38,m,47.1769849006464,1669.82301509935,1784,2284,1295,7080,0.000423251990117429,0.00323003752335329,0.0210681463840843,0.0610483759136606,0.176125483644353,0.0093419291786044,1,0,0
DEUTNP,2007,38,f,33.0906087762765,841.909391223724,1157,2583,3425,8040,0.000312588355530937,0.00165070009861812,0.012040952491444,0.0416831965619351,0.144450288647728,0.0100795018799893,1,0,0
DEUTNP,2007,38,b,80.2675936769229,2511.73240632307,2941,4867,4720,15120,0.000369346756001023,0.00244570146916076,0.0162696218372266,0.0489734546407995,0.15194783909189,0.00972014778480782,1,0,0
DEUTNP,2007,39,m,42.5307666907342,1577.46923330927,1921,2277,1293,7111,0.000381568081999803,0.00305139213524441,0.0226860477599921,0.0608612749366923,0.175853475175404,0.00938283310579885,1,0,0
DEUTNP,2007,39,f,29.4713234413712,843.528676558629,1115,2539,3401,7928,0.000278399004144741,0.00165387497051037,0.011603856549663,0.0409731459817085,0.143438082245525,0.00993909090852673,1,0,0
DEUTNP,2007,39,b,72.0020901321054,2420.9979098679,3036,4816,4694,15039,0.000331313512681422,0.00235735229202496,0.0167951621549881,0.0484602748202364,0.151110838283333,0.00966807556453206,1,0,0
DEUTNP,2007,40,m,44.3177736945466,1704.68222630545,1919,2226,1269,7163,0.000397600354352736,0.0032974677594993,0.0226624287618037,0.0594981106759232,0.172589373548019,0.00945144614496375,1,0,0
DEUTNP,2007,40,f,27.9202011549833,855.079798845017,1141,2563,3453,8040,0.000263746424979228,0.00167652282180655,0.0118744397517179,0.0413604462981957,0.145631196116965,0.0100795018799893,1,0,0
DEUTNP,2007,40,b,72.2379748495299,2559.76202515047,3060,4789,4722,15203,0.000332398922760134,0.0024924684372636,0.0169279302352647,0.0481885913858206,0.152012223769471,0.00977350573891754,1,0,0
DEUTNP,2007,41,m,38.599351282347,1654.40064871765,1919,2328,1268,7208,0.000346297082823351,0.00320020512694879,0.0226624287618037,0.0622244391974614,0.172453369313544,0.00951082281347182,1,0,0
DEUTNP,2007,41,f,23.7838750579487,825.216124942051,1087,2521,3426,7883,0.000224672880537861,0.00161797023886758,0.0113124592551423,0.0406826707443431,0.144492463914487,0.0098826757860641,1,0,0
DEUTNP,2007,41,b,62.3832263402957,2479.6167736597,3006,4849,4694,15091,0.000287052859344532,0.00241443012441476,0.0166292020546424,0.048792332351189,0.151110838283333,0.00970150464421526,1,0,0
DEUTNP,2007,42,m,44.3177736945466,1689.68222630545,1985,2390,1320,7429,0.000397600354352736,0.00326845237139398,0.0234418557020221,0.0638816192791807,0.179525589506213,0.00980242822992261,1,0,0
DEUTNP,2007,42,f,33.6076495384058,822.392350461594,1133,2541,3490,8020,0.000317472548586108,0.00161243377038064,0.0117911833818549,0.0410054210080825,0.147191680987028,0.0100544284922281,1,0,0
DEUTNP,2007,42,b,77.9254232329524,2512.07457676704,3118,4931,4810,15449,0.000358569392237461,0.0024460346442854,0.0172487864292664,0.0496174450038591,0.154845149583049,0.00993165100049576,1,0,0
DEUTNP,2007,43,m,43.2455694922592,1722.75443050774,2044,2443,1376,7629,0.000387980990940976,0.00333242589408916,0.0241386161485809,0.0652982409619408,0.18714182663678,0.010066324534403,1,0,0
DEUTNP,2007,43,f,26.3690788685953,898.630921131405,1148,2633,3660,8366,0.000249093845813715,0.0017619118703223,0.0119472890753481,0.0424900722212834,0.154361476335967,0.0104881981004963,1,0,0
DEUTNP,2007,43,b,69.6146483608545,2621.38535163915,3192,5076,5036,15995,0.000320327835486437,0.00255247174802574,0.0176581546767859,0.0510764856701661,0.162120618149737,0.0102826563371694,1,0,0
DEUTNP,2007,44,m,42.5307666907342,1697.46923330927,1989,2453,1416,7598,0.000381568081999803,0.00328351524008695,0.0234890936983989,0.0655655280718955,0.192581996015756,0.0100254206072085,1,0,0
DEUTNP,2007,44,f,31.5394864898885,862.460513510111,1221,2592,3711,8418,0.000297935776365424,0.0016909939116323,0.0127070034503484,0.0418284341806178,0.156512414940648,0.0105533889086753,1,0,0
DEUTNP,2007,44,b,74.0702531806227,2559.92974681938,3210,5045,5127,16016,0.000340830047036813,0.0024926317496973,0.0177577307369933,0.0507645528380591,0.165050120979686,0.0102961565424261,1,0,0
DEUTNP,2007,45,m,35.3827386754848,1736.61726132452,2121,2440,1429,7762,0.000317438992588071,0.00335924158851497,0.0250479475788357,0.0652180548289544,0.194350051063923,0.0102418155768824,1,0,0
DEUTNP,2007,45,f,29.4713234413712,857.528676558629,1218,2674,3672,8451,0.000278399004144741,0.00168132424429393,0.0126757823116498,0.0431517102619491,0.154867579537068,0.0105947599984813,1,0,0
DEUTNP,2007,45,b,64.854062116856,2594.14593788315,3339,5114,5101,16213,0.000298422269300398,0.00252594843126062,0.01847135916848,0.0514588549482327,0.164213120171129,0.010422801325072,1,0,0
DEUTNP,2007,46,m,39.6715554846344,1637.32844451537,2014,2476,1443,7610,0.00035591644623511,0.00316718135156595,0.0237843311757544,0.0661802884247914,0.196254110346565,0.0100412543854773,1,0,0
DEUTNP,2007,46,f,32.5735680141472,853.426431985853,1173,2616,3787,8462,0.000307704162475766,0.0016732811275507,0.0122074652311701,0.042215734497105,0.159717735214291,0.0106085503617499,1,0,0
DEUTNP,2007,46,b,72.2451234987816,2490.75487650122,3187,5092,5230,16072,0.0003324318168621,0.00242527541765324,0.0176304946600616,0.051237483260931,0.168365931875124,0.0103321570897772,1,0,0
DEUTNP,2007,47,m,35.0253372747223,1642.97466272528,2040,2591,1520,7829,0.000314232538117485,0.00317810316574514,0.024091378152204,0.0692540901892708,0.206726436401094,0.0103302208388833,1,0,0
DEUTNP,2007,47,f,35.6758125869231,842.324187413077,1200,2793,3935,8806,0.000337009320806791,0.00165151337391568,0.0124884554794579,0.0450720743311981,0.165959674694543,0.011039812631242,1,0,0
DEUTNP,2007,47,b,70.7011498616454,2485.29885013836,3240,5384,5455,16635,0.000325327310197521,0.00241996282477597,0.0179236908373391,0.0541756892923905,0.175609208103021,0.0106940911640396,1,0,0
DEUTNP,2007,48,m,32.523527469385,1742.47647253061,2117,2640,1497,8029,0.000291787356823379,0.00337057540765737,0.0250007095824588,0.070563797028049,0.203598339008183,0.0105941171433637,1,0,0
DEUTNP,2007,48,f,39.8121386839576,900.187861316042,1166,2780,4058,8944,0.000376082865248158,0.00176496450442178,0.01213461590754,0.0448622866597675,0.171147232505834,0.011212819006794,1,0,0
DEUTNP,2007,48,b,72.3356661533426,2642.66433384665,3283,5420,5555,16973,0.000332848443724946,0.00257319132703668,0.0181615669811679,0.0545379338716116,0.178828441982086,0.0109113801819804,1,0,0
DEUTNP,2007,49,m,45.389977896834,1788.61002210317,2216,2647,1516,8213,0.000407219717764496,0.0034598142640256,0.0261698499927863,0.0707508980050173,0.206182419463196,0.0108369017434856,1,0,0
DEUTNP,2007,49,f,36.7098941111817,913.290105888818,1260,2904,4045,9159,0.000346777706917133,0.00179065358288302,0.0131128782534308,0.0468633382949514,0.170598954037974,0.0114823579252266,1,0,0
DEUTNP,2007,49,b,82.0998720080157,2701.90012799199,3476,5551,5561,17372,0.000377777880277702,0.00263086987129699,0.0192292436267255,0.0558561016459992,0.17902159601483,0.0111678840818572,1,0,0
DEUTNP,2007,50,m,42.1733652899717,1707.82663471003,2030,2522,1515,7817,0.000378361627529216,0.00330355017484732,0.0239732831612619,0.0674098091305832,0.206046415228722,0.0103143870606145,1,0,0
DEUTNP,2007,50,f,26.3690788685953,886.630921131405,1227,2791,3865,8796,0.000249093845813715,0.00173838392136496,0.0127694457277457,0.0450397993048242,0.163007406021451,0.0110272759373614,1,0,0
DEUTNP,2007,50,b,68.542444158567,2594.45755584143,3257,5313,5380,16613,0.000315394148979283,0.00252625185709392,0.0180177348942016,0.0534612624833712,0.173194782693722,0.0106799480918659,1,0,0
DEUTNP,2007,51,m,38.599351282347,1751.40064871765,2184,2542,1496,8012,0.000346297082823351,0.00338783797002984,0.0257919460217714,0.0679443833504926,0.203462334773708,0.0105716859574828,1,0,0
DEUTNP,2007,51,f,28.4372419171126,927.562758082887,1293,2930,4110,9289,0.000268630618034399,0.00181863743557535,0.0134563107791159,0.0472829136378125,0.173340346377274,0.0116453349456742,1,0,0
DEUTNP,2007,51,b,67.0365931994596,2678.96340680054,3477,5472,5606,17301,0.000308465061644163,0.00260853613360485,0.0192347756300703,0.0550611760415975,0.18047025126041,0.0111222405307513,1,0,0
DEUTNP,2007,52,m,38.9567526831095,1806.04324731689,2176,2730,1547,8298,0.000349503537293937,0.00349353638372584,0.0256974700290176,0.0729693810176416,0.210398550731903,0.0109490576728897,1,0,0
DEUTNP,2007,52,f,34.6417310626644,956.358268937336,1275,2947,4377,9590,0.000327240934696449,0.00187509571137401,0.013268983946924,0.047557251361991,0.184601142601783,0.0120226894314797,1,0,0
DEUTNP,2007,52,b,73.5984837457739,2762.40151625423,3451,5677,5924,17888,0.000338659226879389,0.00268978073846848,0.0190909435431041,0.0571239576732728,0.190707414995838,0.0114996034110213,1,0,0
DEUTNP,2008,1,m,42.2208007004913,1842.77919929951,2138,2845,1645,8513,0.000383478129522315,0.00358337685624771,0.024921738366137,0.0741492030524451,0.210705587836322,0.0112557939378263,1,0,0
DEUTNP,2008,1,f,31.5306243441264,948.469375655874,1318,3098,4485,9881,0.000301620836028346,0.0018669824888543,0.013571335523421,0.0505966644380759,0.181528488789692,0.0124193611337673,1,0,0
DEUTNP,2008,1,b,73.7514250446177,2791.24857495538,3456,5943,6130,18394,0.000343610153828683,0.00273041397418958,0.018895053422537,0.0596699222001807,0.188534357419966,0.0118523068035602,1,0,0
DEUTNP,2008,2,m,32.4506980590553,1902.54930194094,2239,2868,1676,8718,0.000294739388806407,0.00369960282764042,0.0260990515443315,0.0747486517941696,0.214676331436884,0.0115268426582838,1,0,0
DEUTNP,2008,2,f,40.6846765730663,940.315323426934,1262,2995,4571,9809,0.000389188175520446,0.00185093192031159,0.0129947082174182,0.0489144641678622,0.185009302621556,0.0123288648275603,1,0,0
DEUTNP,2008,2,b,73.1353746321216,2842.86462536787,3501,5863,6247,18527,0.000340739956040966,0.00278090506502372,0.0191410827639762,0.0588666925558909,0.192132810897639,0.0119380063145351,1,0,0
DEUTNP,2008,3,m,43.6165296492679,1852.38347035073,2245,2735,1645,8521,0.00039615509248173,0.00360205284446114,0.0261689909410559,0.0712822742876757,0.210705587836322,0.0112663714488685,1,0,0
DEUTNP,2008,3,f,28.4792736011464,940.520726398854,1304,2980,4396,9649,0.000272431722864312,0.00185133623885004,0.0134271786969203,0.0486694835459865,0.177926251219506,0.0121277619248781,1,0,0
DEUTNP,2008,3,b,72.0958032504143,2792.90419674958,3549,5715,6041,18170,0.000335896561053436,0.0027320335120994,0.0194035140615115,0.0573807177139547,0.185797072295924,0.011707970785076,1,0,0
DEUTNP,2008,4,m,35.9400204309967,1747.059979569,2064,2546,1552,7945,0.000326431796204945,0.003397246018212,0.0240591524732024,0.0663563694100265,0.198793357034633,0.0105047906538271,1,0,0
DEUTNP,2008,4,f,32.547741258453,905.452258741547,1277,2880,4085,9180,0.000311350540416357,0.00178230689883379,0.0131491619600975,0.047036279400148,0.165338657013576,0.011538279041391,1,0,0
DEUTNP,2008,4,b,68.4877616894497,2652.51223831055,3341,5426,5637,17125,0.000319086584635579,0.00259470136310156,0.0182663117721921,0.0544790506239577,0.173371643193532,0.0110346174845584,1,0,0
DEUTNP,2008,5,m,46.0590553096269,1830.94094469037,2072,2620,1504,8073,0.000418339777660707,0.0035603567746227,0.0241524050021683,0.0682850305790531,0.192645108878923,0.010674030830503,1,0,0
DEUTNP,2008,5,f,30.5135074297997,913.4864925702,1227,2796,4064,9031,0.000291891131640335,0.00179812161489575,0.0126343161511665,0.0456643879176437,0.16448869084533,0.0113510019632682,1,0,0
DEUTNP,2008,5,b,76.5725627394266,2744.42743726057,3299,5416,5568,17104,0.000356753920972148,0.00268461329208752,0.0180366843868488,0.0543786469184214,0.171249478322083,0.0110210859828255,1,0,0
DEUTNP,2008,6,m,38.0336138541616,1789.96638614584,2091,2569,1445,7933,0.000345447240644068,0.00348067968425872,0.0243738797584623,0.066955818151751,0.185087887187529,0.0104889243872637,1,0,0
DEUTNP,2008,6,f,32.0391828012897,887.96081719871,1310,2782,4061,9073,0.000306485688222352,0.00174787646185452,0.013488960193992,0.0454357393372263,0.164367267107009,0.0114037914752222,1,0,0
DEUTNP,2008,6,b,70.0727966554513,2677.92720334455,3401,5351,5506,17006,0.000326471311210858,0.00261956241499963,0.0185943508941112,0.053726022832436,0.169342605539043,0.0109579389747387,1,0,0
DEUTNP,2008,7,m,48.1526487327918,1757.84735126721,2039,2657,1420,7922,0.00043735522209983,0.00341822260515079,0.023767738320184,0.0692493611635665,0.18188567460643,0.0104743803095806,1,0,0
DEUTNP,2008,7,f,27.9707151439831,923.029284856017,1187,2873,3859,8870,0.000267566870670307,0.00181690580187076,0.0122224395040218,0.0469219551099393,0.156191402060071,0.0111486421674442,1,0,0
DEUTNP,2008,7,b,76.1233638767749,2680.87663612323,3226,5530,5279,16792,0.000354661089678352,0.00262244756559033,0.0176375701218473,0.0555232491615344,0.162360990672105,0.0108200465285083,1,0,0
DEUTNP,2008,8,m,39.7782750401323,1780.22172495987,2143,2749,1573,8285,0.000361293444343338,0.00346173070036577,0.0249800211967407,0.0716471561304645,0.201483215602756,0.0109543348731224,1,0,0
DEUTNP,2008,8,f,41.701793487393,998.298206512607,1233,2863,4261,9397,0.000398917879908458,0.00196506636698192,0.0126960976482383,0.0467586346953554,0.172462182995067,0.0118110248531537,1,0,0
DEUTNP,2008,8,b,81.4800685275253,2778.51993147248,3376,5612,5834,17682,0.000379618141124417,0.00271796274847288,0.0184576679266449,0.0563465595469315,0.179430577681579,0.0113935244590927,1,0,0
DEUTNP,2008,9,m,37.3357493797733,1730.66425062023,2103,2587,1564,8022,0.000339108759164361,0.00336536369846437,0.0245137585519112,0.0674249519496223,0.20033041907356,0.0106065991976087,1,0,0
DEUTNP,2008,9,f,36.6162089157597,901.38379108424,1207,2922,4135,9202,0.000350269357968402,0.0017742984611682,0.0124283778275942,0.0477222251414001,0.167362385985591,0.0115659306905098,1,0,0
DEUTNP,2008,9,b,73.951958295533,2632.04804170447,3310,5509,5699,17224,0.000344544444402093,0.00257468317880757,0.018096824892534,0.0553124013799084,0.175278515976572,0.0110984088498706,1,0,0
DEUTNP,2008,10,m,41.1740039889089,1765.82599601109,2056,2615,1499,7977,0.000373970407302753,0.00343373748123053,0.0239658999442365,0.0681547156352,0.192004666362703,0.010547100697996,1,0,0
DEUTNP,2008,10,f,34.073416629943,921.926583370057,1235,2833,4204,9228,0.000325945096998374,0.00181473522639667,0.0127166914805955,0.0462686734516039,0.170155131966971,0.0115986099121956,1,0,0
DEUTNP,2008,10,b,75.2474206188519,2687.75257938115,3291,5448,5703,17205,0.000350580043143752,0.00262917364929553,0.0179929458372596,0.0546999387761374,0.175401540027091,0.0110861660625885,1,0,0
DEUTNP,2008,11,m,36.637884905385,1758.36211509462,2190,2663,1557,8205,0.000332770277684653,0.00341922358930899,0.0255278798044154,0.0694057390961903,0.199433799550853,0.0108485597627,1,0,0
DEUTNP,2008,11,f,30.0049489726364,905.995051027364,1216,2845,4247,9244,0.000287026279446329,0.00178337533996507,0.0125210500732017,0.0464646579491045,0.171895538882903,0.0116187202024638,1,0,0
DEUTNP,2008,11,b,66.6428338780214,2664.35716612198,3406,5508,5804,17449,0.000310491009313419,0.00260628813352029,0.0186216874876044,0.0553023610093547,0.178507897302689,0.0112433892255801,1,0,0
DEUTNP,2008,12,m,40.1272072773265,1685.87279272267,2140,2616,1479,7961,0.000364462685083192,0.00327826445529476,0.0249450514983785,0.0681807786239706,0.189442896297823,0.0105259456759116,1,0,0
DEUTNP,2008,12,f,33.0562997156164,885.943700284384,1284,2840,4030,9073,0.000316215392610363,0.00174390593623326,0.0132212403733479,0.0463829977418126,0.16311255514436,0.0114037914752222,1,0,0
DEUTNP,2008,12,b,73.1835069929429,2571.81649300705,3424,5456,5509,17034,0.000340964206187942,0.00251576436243051,0.0187200992241801,0.0547802617405664,0.169434873576932,0.0109759809770492,1,0,0
DEUTNP,2008,13,m,39.7782750401323,1700.22172495987,2014,2547,1533,7834,0.000361293444343338,0.00330616667587017,0.0234763241671655,0.0663824323987971,0.196359675472998,0.010358027688116,1,0,0
DEUTNP,2008,13,f,36.6162089157597,882.38379108424,1256,2868,4057,9100,0.000350269357968402,0.00173689855327587,0.0129329267203465,0.0468402949026474,0.164205368789248,0.0114377275900499,1,0,0
DEUTNP,2008,13,b,76.394483955892,2582.60551604411,3270,5415,5590,16934,0.000355924246451731,0.00252631824126902,0.0178781321445879,0.0543686065478678,0.171926110599936,0.0109115452545117,1,0,0
DEUTNP,2008,14,m,46.0590553096269,1772.94094469037,2110,2595,1515,8039,0.000418339777660707,0.00344757285686339,0.0245953545147564,0.0676334558597874,0.194054082414606,0.0106290764085734,1,0,0
DEUTNP,2008,14,f,36.6162089157597,890.38379108424,1228,2863,4084,9102,0.000350269357968402,0.00175264588291474,0.0126446130673452,0.0467586346953554,0.165298182434136,0.0114402413763334,1,0,0
DEUTNP,2008,14,b,82.6752642253866,2663.32473577461,3338,5458,5599,17141,0.000385186594579372,0.0026052782047475,0.0182499098160962,0.0548003424816736,0.172202914713604,0.0110449272001644,1,0,0
DEUTNP,2008,15,m,38.3825460913557,1664.61745390864,1952,2563,1439,7657,0.000348616481383922,0.00323693237969566,0.0227536170676798,0.0667994402191272,0.184319356168065,0.0101240002563063,1,0,0
DEUTNP,2008,15,f,30.5135074297997,868.4864925702,1175,2771,3992,8837,0.000291891131640335,0.00170954288567706,0.0120988765098783,0.0452560868811841,0.16157452112563,0.011107164693766,1,0,0
DEUTNP,2008,15,b,68.8960535211554,2533.10394647884,3127,5334,5431,16494,0.000320988828816143,0.00247789554667347,0.0170963055706809,0.0535553365330244,0.167035904591817,0.0106280280753464,1,0,0
DEUTNP,2008,16,m,34.8932237194143,1729.10677628059,2078,2537,1424,7803,0.000316924073985384,0.00336233511126033,0.0242223443988927,0.0661218025110908,0.182398028619405,0.0103170398328273,1,0,0
DEUTNP,2008,16,f,35.599092001433,900.400907998567,1171,2722,3978,8807,0.000340539653580391,0.00177236373817488,0.0120576888451638,0.0444558168497232,0.161007877013466,0.0110694578995131,1,0,0
DEUTNP,2008,16,b,70.4923157208473,2629.50768427916,3249,5259,5402,16610,0.000328425863417918,0.00257219818786991,0.0177633184519163,0.0528023087415027,0.166143980225556,0.01070277351349,1,0,0
DEUTNP,2008,17,m,43.965461886462,1762.03453811354,1972,2463,1486,7727,0.000399324333221584,0.00342636480061491,0.0229867483900946,0.0641931413420641,0.190339515820531,0.010216553477926,1,0,0
DEUTNP,2008,17,f,31.0220658869631,852.977934113037,1208,2652,3869,8613,0.00029675598383434,0.00167901558789596,0.0124386747437728,0.0433125739476363,0.156596147854474,0.0108256206300109,1,0,0
DEUTNP,2008,17,b,74.9875277734251,2615.01247222658,3180,5115,5355,16340,0.00034936919439687,0.00255801889552658,0.0173860734617094,0.051356495381781,0.164698447631961,0.0105287970626385,1,0,0
DEUTNP,2008,18,m,48.1526487327918,1666.84735126721,2009,2434,1373,7531,0.00043735522209983,0.00324126852728704,0.0234180413365619,0.0634373146677158,0.175865514953963,0.00995740445739103,1,0,0
DEUTNP,2008,18,f,29.4963905154731,845.503609484527,1120,2739,3674,8408,0.000282161427252324,0.00166430300617682,0.0115325461200542,0.0447334615545157,0.148703604863618,0.0105679575359494,1,0,0
DEUTNP,2008,18,b,77.6490392482649,2512.35096075174,3129,5173,5047,15939,0.000361769258080158,0.00245759486734886,0.0171072402080782,0.0519388368738911,0.155225595742018,0.0102704098152629,1,0,0
DEUTNP,2008,19,m,40.8250717517147,1751.17492824829,2035,2492,1441,7760,0.000370801166562899,0.00340524774292628,0.023721112055701,0.0649489680164124,0.184575533174553,0.0102601857109752,1,0,0
DEUTNP,2008,19,f,31.0220658869631,872.977934113037,1211,2692,3817,8624,0.00029675598383434,0.00171838391199316,0.0124695654923086,0.0439658556059717,0.154491469723579,0.0108394464545703,1,0,0
DEUTNP,2008,19,b,71.8471376386778,2624.15286236133,3246,5184,5258,16384,0.00033473802033305,0.00256696007302592,0.0177469164958203,0.0520492809499809,0.161715114406881,0.010557148780555,1,0,0
DEUTNP,2008,20,m,38.0336138541616,1698.96638614584,1899,2461,1374,7471,0.000345447240644068,0.00330372560639497,0.0221358190632807,0.0641410153645228,0.175993603457207,0.00987807312457421,1,0,0
DEUTNP,2008,20,f,31.0220658869631,849.977934113037,1093,2656,3798,8428,0.00029675598383434,0.00167311033928138,0.0112545293832315,0.0433779021134698,0.153722452714214,0.0105930953987846,1,0,0
DEUTNP,2008,20,b,69.0556797411247,2548.94432025888,2992,5117,5172,15899,0.000321732532276321,0.0024933906832634,0.016358217546363,0.0513765761228882,0.159070097320728,0.0102446355262478,1,0,0
DEUTNP,2008,21,m,44.3143941236562,1656.68560587634,1916,2300,1301,7218,0.000402493573961438,0.00322150850217576,0.0223339806873333,0.0599448741724512,0.166643142720398,0.00954355933786329,1,0,0
DEUTNP,2008,21,f,37.124767372923,838.875232627077,1096,2480,3533,7985,0.000355134210162407,0.0016512556017587,0.0112854201317673,0.0405034628167941,0.142996689162537,0.0100362917369833,1,0,0
DEUTNP,2008,21,b,81.4391614965792,2495.56083850342,3012,4780,4834,15203,0.000379427554011185,0.00244117068183328,0.016467563920336,0.0479929712463173,0.148674565051895,0.00979616289738638,1,0,0
DEUTNP,2008,22,m,43.965461886462,1635.03453811354,1978,2495,1342,7494,0.000399324333221584,0.00317940691172814,0.023056687786819,0.0650271569827243,0.1718947713534,0.00990848346882066,1,0,0
DEUTNP,2008,22,f,34.5819750871064,870.418024912894,1189,2627,3783,8504,0.000330809949192379,0.00171334494524062,0.012243033336379,0.0429042729111767,0.153115334022609,0.0106886192775587,1,0,0
DEUTNP,2008,22,b,78.5474369735684,2505.45256302643,3167,5122,5125,15998,0.00036595492066775,0.00245084681856607,0.0173149983186269,0.0514267779756563,0.157624564727133,0.01030842689156,1,0,0
DEUTNP,2008,23,m,36.637884905385,1650.36211509462,1995,2293,1245,7220,0.000332770277684653,0.00320921215623992,0.0232548494108715,0.0597624332510568,0.159470186538736,0.00954620371562385,1,0,0
DEUTNP,2008,23,f,32.547741258453,863.452258741547,1124,2509,3446,7975,0.000311350540416357,0.00169963341822968,0.0115737337847687,0.0409770920190873,0.139475400751232,0.0100237228055657,1,0,0
DEUTNP,2008,23,b,69.185626163838,2513.81437383617,3119,4802,4691,15195,0.000322337956649761,0.00245902638569215,0.0170525670210917,0.048213859398497,0.14427645524585,0.00979100803958337,1,0,0
DEUTNP,2008,24,m,39.080410565744,1560.91958943426,1799,2245,1176,6820,0.00035495496286363,0.00303528666558022,0.020970162451207,0.0585114097900665,0.150632079814902,0.00901732816351173,1,0,0
DEUTNP,2008,24,f,24.4108059438398,878.58919405616,1100,2437,3327,7767,0.000233512905312268,0.00172942920699488,0.0113266077964818,0.0398011850340836,0.134658925797838,0.00976228903207882,1,0,0
DEUTNP,2008,24,b,63.4912165095838,2439.50878349042,2899,4682,4503,14587,0.000295807527223102,0.00238634026806693,0.0158497569073885,0.0470090149320623,0.138494324871469,0.00939923884655496,1,0,0
DEUTNP,2008,25,m,42.2208007004913,1681.77919929951,1932,2311,1259,7226,0.000383478129522315,0.00327030425695031,0.0225204857452651,0.0602315670489282,0.161263425584151,0.00955413684890553,1,0,0
DEUTNP,2008,25,f,36.1076504585963,867.892349541404,1158,2497,3447,8006,0.000345404505774396,0.00170837336491117,0.0119238289348418,0.0407811075215866,0.139515875330673,0.0100626864929603,1,0,0
DEUTNP,2008,25,b,78.3284511590876,2549.67154884091,3090,4808,4706,15232,0.0003649346590341,0.00249410206207095,0.0168940147788308,0.0482741016218187,0.144737795435295,0.00981484925692227,1,0,0
DEUTNP,2008,26,m,41.522936226103,1622.4770637739,1973,2280,1334,7251,0.000377139648042607,0.00315498827115596,0.0229984049562153,0.0594236143970386,0.170870063327449,0.00958719157091254,1,0,0
DEUTNP,2008,26,f,29.4963905154731,831.503609484527,1106,2446,3430,7843,0.000282161427252324,0.00163674517930878,0.0113883892935535,0.039948173407209,0.138827807480188,0.00985781291085286,1,0,0
DEUTNP,2008,26,b,71.0193267415761,2453.98067325843,3079,4726,4764,15094,0.000330881223945426,0.00240049674642936,0.0168338742731456,0.0474507912364217,0.146521644167817,0.00972592795982043,1,0,0
DEUTNP,2008,27,m,46.7569197840152,1706.24308021598,1912,2299,1279,7243,0.000424678259140414,0.00331787550407716,0.0222873544228503,0.0599188111836806,0.163825195649031,0.0095766140598703,1,0,0
DEUTNP,2008,27,f,30.5135074297997,887.4864925702,1070,2561,3588,8137,0.000291891131640335,0.00174694279356939,0.0110177003111232,0.0418263581749233,0.145222791031753,0.0102273394945314,1,0,0
DEUTNP,2008,27,b,77.2704272138149,2593.72957278618,2982,4860,4867,15380,0.00036000529298633,0.00253719985183239,0.0163035443593765,0.0487962008906071,0.149689513468675,0.00991021412627787,1,0,0
DEUTNP,2008,28,m,42.2208007004913,1665.77919929951,1815,2227,1267,7017,0.000383478129522315,0.00323919145205119,0.0211566675091388,0.0580422759921952,0.162288133610103,0.00927779937292695,1,0,0
DEUTNP,2008,28,f,27.9707151439831,889.029284856017,1020,2364,3365,7666,0.000267566870670307,0.00174997965090553,0.0105028545021922,0.0386089460076215,0.136196959816569,0.00963534282476068,1,0,0
DEUTNP,2008,28,b,70.1915158444744,2554.80848415553,2835,4591,4632,14683,0.000327024427557802,0.00249912703909857,0.0154998485106748,0.0460953412116826,0.142461850500699,0.00946109714019103,1,0,0
DEUTNP,2008,29,m,34.8932237194143,1571.10677628059,1825,2142,1238,6811,0.000316924073985384,0.00305509616288151,0.0212732331703461,0.0558269219466915,0.158573567016028,0.0090054284635892,1,0,0
DEUTNP,2008,29,f,23.9022474866764,849.097752513324,1091,2400,3350,7714,0.000228648053118262,0.00167137777555728,0.0112339355508742,0.0391968995001233,0.135589841124965,0.00969567369556534,1,0,0
DEUTNP,2008,29,b,58.7954712060907,2420.20452879391,2916,4542,4588,14525,0.000273929905670739,0.00236745674502367,0.0159427013252656,0.0456033630545551,0.141108585944993,0.00935928869858167,1,0,0
DEUTNP,2008,30,m,41.1740039889089,1571.82599601109,1926,2334,1197,7070,0.000373970407302753,0.00305649472182869,0.0224505463485406,0.0608310157906527,0.153321938383025,0.0093478753835818,1,0,0
DEUTNP,2008,30,f,32.547741258453,834.452258741547,1122,2513,3321,7823,0.000311350540416357,0.00164254934828875,0.0115531399524115,0.0410424201849208,0.134416078321196,0.00983267504801758,1,0,0
DEUTNP,2008,30,b,73.7217452473619,2406.27825475264,3048,4847,4518,14893,0.000343471874741946,0.0023538339908226,0.0166643873934875,0.04866567607341,0.138955665060915,0.00959641215751992,1,0,0
DEUTNP,2008,31,m,45.7101230724328,1688.28987692757,2000,2591,1428,7753,0.000415170536920853,0.00328296459712548,0.0233131322414752,0.0675292039047048,0.182910382632381,0.0102509303888133,1,0,0
DEUTNP,2008,31,f,25.4279228581664,839.572077141834,1201,2614,3805,8485,0.000243242609700279,0.00165262728179381,0.0123665963305224,0.0426919563722177,0.154005774770296,0.0106647383078652,1,0,0
DEUTNP,2008,31,b,71.1380459305992,2527.8619540694,3201,5205,5233,16238,0.000331434340292371,0.00247276780224549,0.017500887154381,0.052260128731607,0.160946214091139,0.0104630726256502,1,0,0
DEUTNP,2008,32,m,41.1740039889089,1691.82599601109,1874,2198,1252,7057,0.000373970407302753,0.00328984075857209,0.0218444049102623,0.0572864493178469,0.160366806061444,0.00933068692813816,1,0,0
DEUTNP,2008,32,f,26.9535982296564,802.046401770344,1094,2428,3521,7872,0.000257837166282296,0.00157876113429426,0.0112648262994101,0.0396541966609581,0.142510994209254,0.00989426281196401,1,0,0
DEUTNP,2008,32,b,68.1276022185653,2493.87239778143,2968,4626,4773,14929,0.000317408590601992,0.00243951904027643,0.0162270018975954,0.0464467541810594,0.146798448281484,0.00961960901763344,1,0,0
DEUTNP,2008,33,m,35.9400204309967,1623.059979569,1853,2106,1178,6796,0.000326431796204945,0.00315612178024382,0.0215996170217268,0.0548886543509488,0.15088825682139,0.008985595630385,1,0,0
DEUTNP,2008,33,f,22.3765721151865,867.623427884814,1105,2355,3377,7727,0.000214053496536246,0.0017078440151645,0.0113780923773749,0.038461957634496,0.136682654769852,0.00971201330640827,1,0,0
DEUTNP,2008,33,b,58.3165925461832,2490.68340745381,2958,4461,4555,14523,0.000271698795290207,0.00243639955323675,0.0161723287106089,0.0447900930397116,0.140093637528213,0.00935799998413092,1,0,0
DEUTNP,2008,34,m,45.7101230724328,1624.28987692757,1832,2143,1180,6825,0.000415170536920853,0.003158513377529,0.0213548291331913,0.0558529849354622,0.151144433827878,0.00902393910791313,1,0,0
DEUTNP,2008,34,f,31.5306243441264,788.469375655874,1144,2388,3439,7791,0.000301620836028346,0.00155203589607673,0.0117796721083411,0.0390009150026227,0.13919207869515,0.00979245446748114,1,0,0
DEUTNP,2008,34,b,77.2407474165592,2412.75925258344,2976,4531,4619,14616,0.000359867013899594,0.00236017373684261,0.0162707404471846,0.0454929189784652,0.142062022336513,0.00941792520609086,1,0,0
DEUTNP,2008,35,m,35.9400204309967,1569.059979569,1844,2321,1182,6952,0.000326431796204945,0.00305111606370929,0.0214947079266401,0.0604921969366345,0.151400610834366,0.00919185709570873,1,0,0
DEUTNP,2008,35,f,32.0391828012897,845.96081719871,1100,2444,3295,7717,0.000306485688222352,0.0016652029812504,0.0113266077964818,0.0399155093242923,0.133363739255749,0.00969944437499063,1,0,0
DEUTNP,2008,35,b,67.9792032322864,2415.02079676771,2944,4765,4477,14669,0.000316717195168311,0.00236238599120769,0.0160957862488278,0.047842365688013,0.137694668543098,0.00945207613903577,1,0,0
DEUTNP,2008,36,m,42.9186651748796,1673.08133482512,1930,2300,1175,7121,0.000389816611002022,0.00325339082192339,0.0224971726130236,0.0599448741724512,0.150503991311658,0.0094153070164761,1,0,0
DEUTNP,2008,36,f,36.1076504585963,844.892349541404,1132,2455,3420,7888,0.000345404505774396,0.00166309979219939,0.0116561091141977,0.0400951617803345,0.138423061685785,0.00991437310223223,1,0,0
DEUTNP,2008,36,b,79.0263156334759,2517.97368436652,3062,4755,4595,15009,0.000368186031048282,0.00246309504503585,0.0167409298552686,0.0477419619824767,0.1413238780334,0.0096711575956635,1,0,0
DEUTNP,2008,37,m,36.9868171425792,1576.01318285742,1937,2279,1192,7021,0.000335939518424507,0.00306463691729281,0.0225787685758687,0.059397551408268,0.152681495866806,0.00928308812844807,1,0,0
DEUTNP,2008,37,f,24.9193644010031,816.080635598997,1083,2348,3412,7684,0.000238377757506273,0.00160638634758537,0.0111515602214453,0.0383476333442873,0.138099265050263,0.00965796690131243,1,0,0
DEUTNP,2008,37,b,61.9061815435823,2392.09381845642,3020,4627,4604,14705,0.000288422800647824,0.00233995870095171,0.0165113024699252,0.046456794551613,0.141600682147068,0.00947527299914929,1,0,0
DEUTNP,2008,38,m,35.2421559566085,1658.75784404339,1852,2253,1210,7009,0.000320093314725238,0.003225538073538,0.021587960455606,0.0587199137002316,0.154987088925197,0.00926722186188471,1,0,0
DEUTNP,2008,38,f,23.9022474866764,790.097752513324,1074,2401,3401,7690,0.000228648053118262,0.00155524121947055,0.0110588879758377,0.0392132315415817,0.137654044676419,0.00966550826016301,1,0,0
DEUTNP,2008,38,b,59.1444034432849,2448.85559655671,2926,4654,4611,14699,0.000275555591677831,0.00239548336955898,0.0159973745122521,0.0467278845565608,0.141815974235475,0.00947140685579704,1,0,0
DEUTNP,2008,39,m,41.1740039889089,1609.82599601109,1952,2371,1279,7253,0.000373970407302753,0.0031303876334641,0.0227536170676798,0.061795346375166,0.163825195649031,0.0095898359486731,1,0,0
DEUTNP,2008,39,f,29.4963905154731,881.503609484527,1137,2465,3522,8035,0.000282161427252324,0.00173516598955177,0.0117075936950908,0.0402584821949183,0.142551468788694,0.0100991363940715,1,0,0
DEUTNP,2008,39,b,70.670394504382,2491.32960549562,3089,4836,4801,15288,0.000329255537938335,0.00243703166754548,0.0168885474601321,0.0485552319973202,0.147659616635115,0.00985093326154331,1,0,0
DEUTNP,2008,40,m,43.6165296492679,1654.38347035073,1868,2445,1350,7361,0.00039615509248173,0.00321703188383453,0.0217744655135379,0.0637240075441927,0.172919479379352,0.00973263234774338,1,0,0
DEUTNP,2008,40,f,26.4450397724931,840.554960227507,1147,2518,3738,8270,0.00025297231408829,0.00165456200478713,0.011810562856877,0.0411240803922127,0.151293977947796,0.010394506282386,1,0,0
DEUTNP,2008,40,b,70.061569421761,2494.93843057824,3015,4963,5088,15631,0.000326419003184361,0.00244056183914123,0.016483965876432,0.0498303590576303,0.156486592259835,0.0100719477898472,1,0,0
DEUTNP,2008,41,m,40.1272072773265,1693.87279272267,2039,2441,1362,7576,0.000364462685083192,0.00329382085774432,0.023767738320184,0.0636197555891102,0.17445654141828,0.0100169029570036,1,0,0
DEUTNP,2008,41,f,31.5306243441264,811.469375655874,1205,2494,3770,8312,0.000301620836028346,0.00159730946878851,0.0124077839952369,0.0407321113972115,0.152589164489886,0.01044729579434,1,0,0
DEUTNP,2008,41,b,71.6578316214529,2505.34216837854,3244,4935,5132,15888,0.000333856037786136,0.00245073882994335,0.017735981858423,0.0495492286821288,0.157839856815541,0.0102375475967687,1,0,0
DEUTNP,2008,42,m,34.8932237194143,1707.10677628059,1956,2315,1337,7350,0.000316924073985384,0.00331955500452404,0.0228002433321628,0.0603358190040107,0.171254328837181,0.00971808827006029,1,0,0
DEUTNP,2008,42,f,27.9707151439831,872.029284856017,1161,2489,3707,8257,0.000267566870670307,0.00171651657542291,0.0119547196833776,0.0406504511899196,0.150039265985147,0.010378166671543,1,0,0
DEUTNP,2008,42,b,62.8639388633974,2579.13606113661,3117,4804,5044,15607,0.000292885021408888,0.00252292440230847,0.0170416323836944,0.0482339401396042,0.155133327704129,0.0100564832164382,1,0,0
DEUTNP,2008,43,m,40.1272072773265,1677.87279272267,1887,2371,1425,7401,0.000364462685083192,0.0032627080528452,0.0219959402698319,0.061795346375166,0.182526117122649,0.00978551990295459,1,0,0
DEUTNP,2008,43,f,34.073416629943,823.926583370057,1227,2540,3736,8361,0.000325945096998374,0.00162183043832041,0.0126343161511665,0.0414833853042972,0.151213028788916,0.0105088835582865,1,0,0
DEUTNP,2008,43,b,74.2006239072695,2501.79937609273,3114,4911,5161,15762,0.000345702985122479,0.00244727325197526,0.0170252304275984,0.0493082597888419,0.158731781181802,0.0101563585863714,1,0,0
DEUTNP,2008,44,m,44.3143941236562,1665.68560587634,2022,2426,1424,7582,0.000402493573961438,0.00323900945493151,0.0235695766961314,0.0632288107575507,0.182398028619405,0.0100248360902853,1,0,0
DEUTNP,2008,44,f,24.9193644010031,822.080635598997,1206,2480,3747,8280,0.000238377757506273,0.00161819684481453,0.0124180809114155,0.0405034628167941,0.151658249162759,0.0104070752138036,1,0,0
DEUTNP,2008,44,b,69.2337585246593,2487.76624147534,3228,4906,5171,15862,0.000322562206796737,0.00243354596619899,0.0176485047592446,0.0492580579360738,0.159039341308099,0.0102207943089089,1,0,0
DEUTNP,2008,45,m,35.5910881938026,1610.4089118062,2033,2411,1432,7522,0.000323262555465092,0.00313152114255196,0.0236977989234596,0.0628378659259913,0.183422736645357,0.00994550475746851,1,0,0
DEUTNP,2008,45,f,26.9535982296564,901.046401770344,1191,2480,3729,8328,0.000257837166282296,0.00177363433857538,0.0122636271687362,0.0405034628167941,0.150929706732834,0.0104674060846083,1,0,0
DEUTNP,2008,45,b,62.544686423459,2511.45531357654,3224,4891,5161,15850,0.000291397614488533,0.00245671874059145,0.01762663548445,0.0491074523777694,0.158731781181802,0.0102130620222044,1,0,0
DEUTNP,2008,46,m,40.1272072773265,1642.87279272267,1941,2480,1338,7442,0.000364462685083192,0.00319464879212837,0.0226253948403517,0.0646362121511648,0.171382417340424,0.00983972964704608,1,0,0
DEUTNP,2008,46,f,23.3936890295131,882.606310970487,1190,2552,3757,8405,0.000223783200924257,0.00173733656502586,0.0122533302525576,0.0416793698017978,0.152062994957162,0.0105641868565241,1,0,0
DEUTNP,2008,46,b,63.5208963068396,2525.47910369316,3131,5032,5095,15847,0.000295945806309838,0.00247043688552812,0.0171181748454755,0.0505231446258303,0.156701884348243,0.0102111289505283,1,0,0
DEUTNP,2008,47,m,40.8250717517147,1689.17492824829,2070,2443,1480,7723,0.000370801166562899,0.00328468562394218,0.0241290918699268,0.0636718815666515,0.189570984801067,0.0102112647224048,1,0,0
DEUTNP,2008,47,f,25.4279228581664,903.572077141834,1148,2577,3789,8443,0.000243242609700279,0.00177860591890484,0.0118208597730556,0.0420876708382574,0.153358181499251,0.0106119487959111,1,0,0
DEUTNP,2008,47,b,66.2529946098811,2592.74700539012,3218,5020,5269,16166,0.000308674736193094,0.00253623869925972,0.0175938315722581,0.0504026601791868,0.162053430545808,0.0104166789054232,1,0,0
DEUTNP,2008,48,m,30.0081723986963,1639.9918276013,2099,2610,1486,7865,0.00027255470362743,0.00318904661051948,0.0244671322874282,0.0680244006913468,0.190339515820531,0.0103990155434047,1,0,0
DEUTNP,2008,48,f,30.5135074297997,923.4864925702,1239,2640,3822,8655,0.000291891131640335,0.00181780577694435,0.01275787914531,0.0431165894501357,0.154693842620781,0.010878410141965,1,0,0
DEUTNP,2008,48,b,60.521679828496,2563.4783201715,3338,5250,5308,16520,0.000281972364645955,0.00250760791809457,0.0182499098160962,0.05271194540652,0.163252915038365,0.0106447813632061,1,0,0
DEUTNP,2008,49,m,38.0336138541616,1736.96638614584,2070,2667,1550,8062,0.000345447240644068,0.00337761851803038,0.0241290918699268,0.0695099910512728,0.198537180028145,0.0106594867528199,1,0,0
DEUTNP,2008,49,f,35.599092001433,943.400907998567,1174,2707,4061,8921,0.000340539653580391,0.00185700563498385,0.0120885795936997,0.0442108362278474,0.164367267107009,0.0112127437176741,1,0,0
DEUTNP,2008,49,b,73.6327058555946,2680.36729414441,3244,5374,5611,16983,0.000343057037481738,0.00262194932459915,0.017735981858423,0.0539569513551693,0.17257198686516,0.0109431187585551,1,0,0
DEUTNP,2008,50,m,35.9400204309967,1704.059979569,2158,2665,1609,8172,0.000326431796204945,0.00331363035504562,0.0251548696885518,0.0694578650737315,0.206094401719539,0.0108049275296507,1,0,0
DEUTNP,2008,50,f,32.547741258453,939.452258741547,1207,2838,4092,9109,0.000311350540416357,0.00184923304979903,0.0124283778275942,0.0463503336588958,0.165621979069658,0.0114490396283257,1,0,0
DEUTNP,2008,50,b,68.4877616894497,2643.51223831055,3365,5503,5701,17281,0.000319086584635579,0.00258589751596727,0.0183975274209597,0.0552521591565866,0.175340028001831,0.011135137211717,1,0,0
DEUTNP,2008,51,m,35.9400204309967,1695.059979569,2122,2608,1519,7980,0.000326431796204945,0.00329612940228986,0.0247352333082052,0.0679722747138056,0.194566436427582,0.0105510672646369,1,0,0
DEUTNP,2008,51,f,30.0049489726364,930.995051027364,1281,2856,4295,9393,0.000287026279446329,0.00183258574508656,0.013190349624812,0.0466443104051468,0.173838318696037,0.0118059972805866,1,0,0
DEUTNP,2008,51,b,65.9449694036331,2626.05503059636,3403,5464,5814,17373,0.000307239637299236,0.00256882078395536,0.0186052855315085,0.0548605847049953,0.178815457428986,0.0111944180764516,1,0,0
DEUTNP,2008,52,m,29.6592401615022,1669.3407598385,2121,2672,1610,8102,0.000269385462887576,0.00324611708568781,0.0247235767420845,0.069640305995126,0.206222490222783,0.0107123743080311,1,0,0
DEUTNP,2008,52,f,25.4279228581664,947.572077141834,1298,2889,4285,9445,0.000243242609700279,0.00186521623191867,0.0133653971998486,0.0471832677732735,0.173433572901634,0.0118713557239583,1,0,0
DEUTNP,2008,52,b,55.0871630196686,2616.91283698033,3419,5561,5895,17547,0.000256652783966178,0.00255987784228118,0.0186927626306869,0.0558345006486968,0.18130669445199,0.011306536233667,1,0,0
DEUTNP,2009,1,m,33.8294851414398,1739.17051485856,2238,2878,1752,8641,0.000310749888517135,0.00339990097412583,0.0259606707148613,0.072112075587939,0.2142042945323,0.0114496402709081,1,0,0
DEUTNP,2009,1,f,28.1180508090222,941.881949190978,1362,3033,4584,9949,0.000272032514707281,0.00186192561834489,0.0139826863607163,0.0494796687568606,0.179900433930954,0.0125395112160293,1,0,0
DEUTNP,2009,1,b,61.947535950462,2681.05246404954,3600,5911,6336,18590,0.000291893004204034,0.0026351997969677,0.0196064013566105,0.0584044726599115,0.1882360270285,0.0120082037761758,1,0,0
DEUTNP,2009,2,m,33.4770946712165,1941.52290532878,2343,2977,1835,9130,0.000307512910511748,0.00379547925906033,0.0271786646492047,0.074592650807955,0.224352100723043,0.0120975831123008,1,0,0
DEUTNP,2009,2,f,34.5309395900273,1006.46906040997,1384,3324,5103,10852,0.000334075018061573,0.00198960233738258,0.0142085447307132,0.0542269762439185,0.200268742222875,0.0136776335024978,1,0,0
DEUTNP,2009,2,b,68.0080342612438,2947.99196573875,3727,6301,6938,19982,0.000320449701928415,0.00289757396908352,0.0202980716266909,0.0622579228946206,0.206120826313721,0.0129073656727028,1,0,0
DEUTNP,2009,3,m,29.6007994987598,1893.39920050124,2400,3227,2070,9620,0.000271906152452493,0.00370140232438149,0.0278398613564197,0.0808567296463792,0.253083841142615,0.0127468509901789,1,0,0
DEUTNP,2009,3,f,32.0644439050253,973.935556094975,1441,3415,5417,11279,0.000310212516771461,0.00192528964385378,0.014793723234796,0.0557115294443386,0.212591764965964,0.0142158153588898,1,0,0
DEUTNP,2009,3,b,61.6652434037851,2867.33475659621,3841,6642,7487,20899,0.000290562858973079,0.00281829619887706,0.0209189410029836,0.0656272216895842,0.222431050246588,0.0134997014910327,1,0,0
DEUTNP,2009,4,m,44.0488087779164,1902.95119122208,2281,3213,1991,9432,0.000404622250673353,0.00372007549200892,0.0264594682308305,0.0805059412314274,0.243425085852631,0.0124977441309114,1,0,0
DEUTNP,2009,4,f,32.5577430420257,1043.44225695797,1480,3534,5574,11664,0.000314985017029483,0.00206269147759167,0.0151941085270632,0.057652868244888,0.218753276337508,0.014701061294981,1,0,0
DEUTNP,2009,4,b,76.6065518199421,2946.39344818005,3761,6747,7565,21096,0.000360965391267805,0.00289600279015188,0.0204832431950589,0.0666646890604674,0.224748349821749,0.0136269535697797,1,0,0
DEUTNP,2009,5,m,30.3055804392065,1785.69441956079,2383,3105,1935,9239,0.000278380108463267,0.00349085046272737,0.0276426623384784,0.0777998591732282,0.236578373242009,0.0122420120892165,1,0,0
DEUTNP,2009,5,f,24.6649568500195,896.33504314998,1405,3281,5124,10731,0.000238625012901124,0.00177188784740456,0.0144241368111647,0.0535254840722914,0.201092893425438,0.0135251276368691,1,0,0
DEUTNP,2009,5,b,54.970537289226,2682.02946271077,3788,6386,7059,19970,0.000259017812829445,0.00263616008652124,0.0206302912052335,0.0630977774329546,0.209715611552112,0.0128996142770431,1,0,0
DEUTNP,2009,6,m,40.8772945459065,1847.12270545409,2377,3070,2028,9363,0.000375489448624872,0.00361093649642171,0.0275730626850873,0.0769228881358488,0.247948806684649,0.0124063166134143,1,0,0
DEUTNP,2009,6,f,35.5175378640281,943.482462135972,1439,3353,5271,11042,0.000343620018577618,0.00186508953507281,0.0147731906557054,0.0547000756154809,0.206861951843381,0.0139171055229064,1,0,0
DEUTNP,2009,6,b,76.3948324099346,2790.60516759006,3816,6423,7299,20405,0.000359967782344589,0.00274287887673148,0.0207827854380071,0.0634633611731706,0.21684576409107,0.0131806023697078,1,0,0
DEUTNP,2009,7,m,46.8679325397031,1861.1320674603,2200,3019,1811,8938,0.000430518074716448,0.00363832337029339,0.0255198729100514,0.0756450160528103,0.22141779531849,0.0118431761070914,1,0,0
DEUTNP,2009,7,f,36.5041361380288,928.495863861971,1313,3264,5016,10558,0.000353165019093663,0.00183546381469228,0.0134796381729959,0.0532481499579272,0.196854401526542,0.0133070820603918,1,0,0
DEUTNP,2009,7,b,83.3720686777319,2789.62793132227,3513,6283,6827,19496,0.000392844093306777,0.00274191835363504,0.0191325799904924,0.0620800713453263,0.202823130764452,0.0125934341484843,1,0,0
DEUTNP,2009,8,m,41.2296850161298,1807.77031498387,2197,2881,1762,8689,0.000378726426630259,0.00353400658670278,0.0254850730833558,0.0721872445340001,0.215426921784197,0.0115132420222105,1,0,0
DEUTNP,2009,8,f,28.6113499460226,970.388650053977,1297,3123,4684,10103,0.000276805014965304,0.00191827806960155,0.0133153775402709,0.0509479081858476,0.18382496346697,0.0127336095904658,1,0,0
DEUTNP,2009,8,b,69.8410349621524,2778.15896503785,3494,6004,6446,18792,0.000329086689228833,0.00273064553520668,0.0190291017611103,0.0593233723312652,0.191504013608856,0.0121386856031144,1,0,0
DEUTNP,2009,9,m,42.6392468970231,1799.36075310298,2138,2808,1650,8438,0.000391674338651806,0.00351756675093823,0.0248006764916772,0.0703581335131803,0.201733496562954,0.0111806578643586,1,0,0
DEUTNP,2009,9,f,38.4773326860304,878.52266731397,1359,2927,4600,9803,0.000372255020125753,0.00173667608979402,0.0139518874920803,0.0477504089849426,0.180528358656717,0.0123554958740311,1,0,0
DEUTNP,2009,9,b,81.1165795830535,2677.88342041695,3497,5735,6250,18241,0.000382216366510322,0.00263208495186521,0.0190454404289075,0.0566654797334787,0.18568105570204,0.0117827673524058,1,0,0
DEUTNP,2009,10,m,42.6392468970231,1754.36075310298,2220,2872,1605,8494,0.000391674338651806,0.00342959634060265,0.0257518717546882,0.0719617376958169,0.196231673929419,0.0112548599075447,1,0,0
DEUTNP,2009,10,f,23.1850594390183,913.814940560982,1262,2910,4323,9432,0.000224307512127056,0.00180644235694107,0.012956057406185,0.0474730748705784,0.169657411841954,0.0118878952447069,1,0,0
DEUTNP,2009,10,b,65.8243063360414,2668.17569366396,3482,5782,5928,17926,0.000310160109377691,0.00262254325139067,0.0189637470899216,0.0571298698899693,0.176114767712271,0.0115792932163382,1,0,0
DEUTNP,2009,11,m,44.4011992481398,1628.59880075186,2176,2674,1496,8019,0.00040785922867874,0.00318374455053748,0.0252414742964872,0.0670005872557849,0.182905036883745,0.0106254675769485,1,0,0
DEUTNP,2009,11,f,33.0510421790261,905.948957820974,1258,2807,4141,9145,0.000319757517287506,0.00179089277050972,0.0129149922480037,0.04579275641296,0.162514768086405,0.0115261664559844,1,0,0
DEUTNP,2009,11,b,77.4522414271659,2534.54775857283,3434,5481,5637,17164,0.000364950229022677,0.00249120068643038,0.0187023284051668,0.054155796760104,0.167469457758784,0.0110870795919463,1,0,0
DEUTNP,2009,12,m,32.4199232605465,1603.58007673945,2160,2576,1532,7904,0.000297801976495588,0.0031348354968165,0.0250558752207777,0.0645450683511226,0.187306494990573,0.01047308838112,1,0,0
DEUTNP,2009,12,f,28.1180508090222,900.881949190978,1246,2753,4012,8940,0.000272032514707281,0.00178087623586366,0.01279179677346,0.0449118127555678,0.157452124984945,0.011267788749754,1,0,0
DEUTNP,2009,12,b,60.5379740695687,2504.46202593043,3406,5329,5544,16844,0.000285251234750049,0.00246162949466372,0.0185498341723931,0.0526539392327302,0.164706523649938,0.0108803757076872,1,0,0
DEUTNP,2009,13,m,40.8772945459065,1684.12270545409,2020,2631,1516,7892,0.000375489448624872,0.00329228812120614,0.0234318833083199,0.0659231656955759,0.185350291387538,0.0104571879432944,1,0,0
DEUTNP,2009,13,f,26.638153398021,899.361846601979,1258,2671,4064,8919,0.000257715013933214,0.00177787127546985,0.0129149922480037,0.0435740834980464,0.159492880343673,0.0112413207896035,1,0,0
DEUTNP,2009,13,b,67.5154479439275,2583.48455205607,3278,5302,5580,16811,0.000318128665299836,0.00253930053899966,0.0178527176797137,0.0523871619087888,0.165776046530781,0.010859059369623,1,0,0
DEUTNP,2009,14,m,38.0581707841198,1791.94182921588,2124,2604,1453,8011,0.000349593624581777,0.00350306351141387,0.0246382773004314,0.0652466451810261,0.177647739700589,0.0106148672850648,1,0,0
DEUTNP,2009,14,f,26.1448542610207,870.855145738979,1159,2638,3955,8649,0.000252942513675191,0.00172151882421318,0.0118986295830177,0.0430357290407512,0.155215143149416,0.0109010184448123,1,0,0
DEUTNP,2009,14,b,64.2030250451405,2662.79697495486,3283,5242,5408,16660,0.00030252073100049,0.00261725652215271,0.0178799487927089,0.0517943234111413,0.160666103877861,0.0107615209742383,1,0,0
DEUTNP,2009,15,m,45.4583706588098,1702.54162934119,2080,2694,1423,7945,0.000417570162694901,0.00332829523881254,0.0241278798422304,0.0675017135628588,0.173979857944899,0.0105274148770241,1,0,0
DEUTNP,2009,15,f,37.98403354903,856.01596645097,1203,2665,3824,8586,0.000367482519867731,0.00169218452377852,0.0123503463230115,0.0434762008694473,0.150074009457236,0.010821614564361,1,0,0
DEUTNP,2009,15,b,83.4424042078398,2558.55759579216,3283,5359,5247,16531,0.000393175510026918,0.00251479989570137,0.0178799487927089,0.052950358481554,0.155882959882977,0.0106781934708963,1,0,0
DEUTNP,2009,16,m,35.5914374925565,1660.40856250744,1967,2344,1401,7408,0.000326934778544069,0.00324592939041117,0.0228170863700323,0.058732003189065,0.171290077990726,0.00981587028432905,1,0,0
DEUTNP,2009,16,f,25.6515551240203,850.34844487598,1182,2611,3724,8393,0.000248170013417169,0.0016809808866114,0.0121347542425599,0.0425952572120551,0.14614947992122,0.010578361406788,1,0,0
DEUTNP,2009,16,b,61.2429926165768,2510.75700738342,3149,4955,5125,15801,0.000288573239064641,0.00246781681627315,0.0171501549644351,0.0489585792640605,0.152258465675673,0.0102066502349303,1,0,0
DEUTNP,2009,17,m,40.5249040756831,1661.47509592432,1971,2366,1445,7484,0.000372252470619485,0.0032480143544627,0.0228634861389597,0.0592832421268463,0.176669637899072,0.00991657305722443,1,0,0
DEUTNP,2009,17,f,29.5979482200234,855.402051779977,1211,2469,3607,8172,0.000286350015481349,0.0016909709285351,0.012432476639374,0.0402787016685423,0.141557780364082,0.0102998176356811,1,0,0
DEUTNP,2009,17,b,70.1228522957065,2516.8771477043,3182,4835,5052,15656,0.000330414595284591,0.0024738322869688,0.017329880310204,0.0477729022687654,0.150089710945073,0.0101129875373754,1,0,0
DEUTNP,2009,18,m,42.9916373672464,1651.00836263275,1925,2363,1381,7363,0.000394911316657193,0.00322755295840644,0.0223298887962949,0.0592080731807852,0.168844823486933,0.0097562436424831,1,0,0
DEUTNP,2009,18,f,29.104649083023,882.895350916977,1107,2552,3596,8167,0.000281577515223326,0.00174532007286255,0.0113647825266615,0.041632744697497,0.14112608211512,0.0102935157404072,1,0,0
DEUTNP,2009,18,b,72.0962864502694,2533.90371354973,3032,4915,4977,15530,0.00033971329643769,0.00249056765617943,0.0165129469203453,0.0485633535989621,0.147861538276649,0.0100315978829484,1,0,0
DEUTNP,2009,19,m,31.0103613796532,1664.98963862035,1968,2411,1344,7419,0.000284854064474041,0.0032548849269763,0.0228286863122641,0.0604107763177627,0.164321102654915,0.00983044568566917,1,0,0
DEUTNP,2009,19,f,32.0644439050253,876.935556094975,1218,2411,3465,8003,0.000310212516771461,0.00173353866578845,0.0125043406661912,0.0393325029254174,0.13598494842294,0.0100868135754229,1,0,0
DEUTNP,2009,19,b,63.0748052846785,2541.92519471533,3186,4822,4809,15422,0.000297204628427065,0.00249845195006119,0.0173516652006003,0.0476444539276084,0.142870431499378,0.00996183532201095,1,0,0
DEUTNP,2009,20,m,41.2296850161298,1665.77031498387,1916,2380,1342,7345,0.000378726426630259,0.00325641106964382,0.0222254893162084,0.0596340305417981,0.164076577204536,0.00973239298574472,1,0,0
DEUTNP,2009,20,f,28.6113499460226,830.388650053977,1148,2444,3462,7913,0.000276805014965304,0.00164152408064127,0.0117857003980193,0.0398708573827126,0.135867212536859,0.00997337946049253,1,0,0
DEUTNP,2009,20,b,69.8410349621524,2496.15896503785,3064,4824,4804,15258,0.000329086689228833,0.00245346843676883,0.0166872260435151,0.0476642152108633,0.142721886654816,0.00985589958132817,1,0,0
DEUTNP,2009,21,m,41.9344659565764,1686.06553404342,1932,2502,1259,7421,0.000385200382641032,0.00329608615294425,0.0224110883919178,0.0626909010149491,0.153928771013793,0.0098330957586401,1,0,0
DEUTNP,2009,21,f,28.6113499460226,841.388650053977,1117,2452,3508,7947,0.000276805014965304,0.00166326903691672,0.0114674454221146,0.0400013675541781,0.137672496123427,0.0100162323483551,1,0,0
DEUTNP,2009,21,b,70.545815902599,2527.4541840974,3049,4954,4767,15368,0.000332407573955825,0.00248422842972594,0.0166055327045293,0.048948698622433,0.14162265480506,0.00992695404154223,1,0,0
DEUTNP,2009,22,m,60.2587704081897,1762.74122959181,1974,2360,1329,7486,0.000553523238921147,0.00344597931739221,0.0228982859656552,0.0591329042347242,0.16248716177707,0.00991922313019537,1,0,0
DEUTNP,2009,22,f,29.104649083023,876.895350916977,1153,2393,3553,8005,0.000281577515223326,0.00173345918762139,0.0118370318457459,0.03903885503962,0.139438534414634,0.0100893343335325,1,0,0
DEUTNP,2009,22,b,89.3634194912127,2639.63658050879,3127,4753,4882,15491,0.000421074972249011,0.00259449222807031,0.0170303380672558,0.0469626896553137,0.145039186229978,0.0100064058470543,1,0,0
DEUTNP,2009,23,m,42.2868564267998,1565.7131435732,1884,2306,1265,7063,0.000388437360646419,0.00306080950462127,0.0218542911647894,0.0577798632056245,0.154662347364931,0.00935873269684342,1,0,0
DEUTNP,2009,23,f,27.1314525350214,852.868547464979,1158,2382,3506,7926,0.000262487514191236,0.00168596266121207,0.0118883632934724,0.0388594035538549,0.137594005532706,0.0099897643882047,1,0,0
DEUTNP,2009,23,b,69.4183089618212,2418.58169103818,3042,4688,4771,14989,0.000327094830145197,0.002377217927152,0.0165674091463359,0.0463204479495289,0.141741490680709,0.00968213912862289,1,0,0
DEUTNP,2009,24,m,42.6392468970231,1676.36075310298,1892,2329,1305,7245,0.000391674338651806,0.00327711429602096,0.0219470907026442,0.0583561584587596,0.159552856372518,0.00959988933719816,1,0,0
DEUTNP,2009,24,f,26.638153398021,882.361846601979,1140,2361,3485,7895,0.000257715013933214,0.00174426543395324,0.0117035700816568,0.038516814353758,0.136769854330143,0.00995069263750645,1,0,0
DEUTNP,2009,24,b,69.2774002950441,2558.72259970496,3032,4690,4790,15140,0.000326430877117318,0.00251496207763676,0.0165129469203453,0.0463402092327838,0.142305961090044,0.00977967752400764,1,0,0
DEUTNP,2009,25,m,36.6486089032265,1604.35139109677,1805,2399,1313,7158,0.00033664571256023,0.00313634333771675,0.020937895728474,0.0601101005335183,0.160530958174035,0.00948461116296265,1,0,0
DEUTNP,2009,25,f,25.6515551240203,846.34844487598,1058,2414,3429,7773,0.000248170013417169,0.00167307362978396,0.0108617343389411,0.039381444239717,0.134572117789974,0.009796926392823,1,0,0
DEUTNP,2009,25,b,62.3001640272468,2450.69983597275,2863,4813,4742,14931,0.00029355456615513,0.00240878677190438,0.0155925353011044,0.0475555281529613,0.140879930582252,0.00964467404960093,1,0,0
DEUTNP,2009,26,m,32.7723137307698,1641.22768626923,1899,2404,1335,7312,0.000301038954500975,0.0032084327336718,0.0220282902982671,0.0602353821102868,0.163220738128208,0.00968866678172436,1,0,0
DEUTNP,2009,26,f,31.0778456310245,814.922154368975,1138,2480,3582,8046,0.000300667516255416,0.00161094969224083,0.0116830375025662,0.0404581531543074,0.140576647980078,0.0101410098747786,1,0,0
DEUTNP,2009,26,b,63.8501593617943,2456.14984063821,3037,4884,4917,15358,0.000300858049461796,0.00241414356793149,0.0165401780333406,0.0482570537085109,0.146079000141909,0.00992049454515914,1,0,0
DEUTNP,2009,27,m,39.4677326650131,1655.53226733499,2063,2441,1388,7587,0.000362541536603325,0.00323639673069476,0.0239306808242891,0.0611624657783736,0.16970066256326,0.0100530518152274,1,0,0
DEUTNP,2009,27,f,24.1716577130191,805.828342286981,1143,2599,3734,8306,0.000233852512643101,0.00159297291532264,0.0117343689502927,0.0423994919548568,0.146541932874822,0.010468708429022,1,0,0
DEUTNP,2009,27,b,63.6393903780322,2461.36060962197,3206,5040,5122,15893,0.000299864918888975,0.00241926521980223,0.0174605896525814,0.0497984338023945,0.152169338768936,0.0102660776016548,1,0,0
DEUTNP,2009,28,m,37.3533898436731,1614.64661015633,1923,2249,1243,7067,0.000343119668571004,0.00315646944094261,0.0223066889118313,0.0563516532304638,0.151972567410758,0.00936403284278529,1,0,0
DEUTNP,2009,28,f,29.5979482200234,846.402051779977,1086,2283,3345,7590,0.000286350015481349,0.00167317960067337,0.0111491904462099,0.0372443401819693,0.131275512979721,0.00956627702579784,1,0,0
DEUTNP,2009,28,b,66.9513380636965,2461.04866193631,3009,4532,4588,14657,0.000315470614013123,0.00241895860719806,0.0163876838005669,0.0447790678556452,0.136304749369754,0.00946768384870409,1,0,0
DEUTNP,2009,29,m,39.1153421947898,1601.88465780521,1913,2326,1290,7170,0.000359304558597938,0.00313152112572014,0.0221906894895128,0.0582809895126985,0.157718915494673,0.00950051160078824,1,0,0
DEUTNP,2009,29,f,27.1314525350214,831.868547464979,1080,2398,3407,7744,0.000262487514191236,0.00164444956286803,0.011087592708938,0.0391204238967859,0.133708721292051,0.00976037540023431,1,0,0
DEUTNP,2009,29,b,66.2467947298112,2433.75320527019,2993,4724,4697,14914,0.000312150848873729,0.00239212997074682,0.016300544238982,0.0466761510481174,0.139543026981197,0.00963369290574966,1,0,0
DEUTNP,2009,30,m,41.9344659565764,1575.06553404342,1904,2270,1262,7053,0.000385200382641032,0.00307909247411647,0.0220862900094263,0.0568778358528915,0.154295559189362,0.00934548233198877,1,0,0
DEUTNP,2009,30,f,32.5577430420257,810.442256957974,1143,2379,3336,7701,0.000314985017029483,0.00160209376739349,0.0117343689502927,0.0388104622395554,0.13092230532148,0.00970617910087868,1,0,0
DEUTNP,2009,30,b,74.4922089986021,2385.50779100139,3047,4649,4598,14754,0.000351002737086827,0.0023447096730874,0.0165946402593311,0.045935102926058,0.136601839058877,0.00953034096362012,1,0,0
DEUTNP,2009,31,m,37.0009993734498,1591.99900062655,1919,2363,1259,7170,0.000339882690565617,0.00311219567419917,0.0222602891429039,0.0592080731807852,0.153928771013793,0.00950051160078824,1,0,0
DEUTNP,2009,31,f,38.9706318230308,774.029368176969,1129,2383,3292,7617,0.000377027520383776,0.00153011225153842,0.0115906408966584,0.0388757173252881,0.129195512325633,0.00960030726027696,1,0,0
DEUTNP,2009,31,b,75.9716311964806,2366.02836880352,3048,4746,4551,14787,0.000357973684085755,0.00232556339747019,0.0166000864819302,0.0468935251639215,0.135205517519998,0.00955165730168434,1,0,0
DEUTNP,2009,32,m,39.4677326650131,1543.53226733499,1957,2333,1296,7169,0.000362541536603325,0.00301744815385952,0.0227010869477139,0.0584563837201743,0.158452491845811,0.00949918656430278,1,0,0
DEUTNP,2009,32,f,32.0644439050253,812.935556094975,1126,2384,3476,7831,0.000310212516771461,0.00160702255654947,0.0115598420280224,0.0388920310967213,0.136416646671902,0.00987002837800038,1,0,0
DEUTNP,2009,32,b,71.5321765700384,2356.46782342996,3083,4717,4772,15000,0.000337055245150977,0.00231616636120733,0.0167907042728972,0.0466069865567252,0.141771199649622,0.00968924457464429,1,0,0
DEUTNP,2009,33,m,38.7629517245665,1539.23704827543,1786,2237,1308,6909,0.000356067580592551,0.00300905143867841,0.020717496826069,0.0560509774462195,0.159919644548087,0.00915467707808173,1,0,0
DEUTNP,2009,33,f,22.6917603020179,827.308239697982,1091,2457,3341,7739,0.000219535011869034,0.00163543468168658,0.0112005218939365,0.0400829364113441,0.131118531798281,0.0097540735049604,1,0,0
DEUTNP,2009,33,b,61.4547120265844,2366.54528797341,2877,4694,4649,14648,0.000289570847987857,0.00232607147603628,0.0156687824174912,0.0463797317992936,0.138116996473406,0.00946187030195931,1,0,0
DEUTNP,2009,34,m,39.1153421947898,1572.88465780521,1919,2279,1212,7022,0.000359304558597938,0.00307482908350387,0.0222602891429039,0.0571033426910747,0.148182422929879,0.00930440620093934,1,0,0
DEUTNP,2009,34,f,26.1448542610207,811.855145738979,1037,2329,3488,7692,0.000252942513675191,0.0016048867860085,0.0106461422584896,0.0379947736678959,0.136887590216223,0.00969483568938563,1,0,0
DEUTNP,2009,34,b,65.2601964558105,2384.73980354419,2956,4608,4700,14714,0.000307502058090979,0.00234395482012631,0.0160990340028168,0.0455299966193321,0.139632153887934,0.00950450297808774,1,0,0
DEUTNP,2009,35,m,38.4105612543431,1571.58943874566,1846,2201,1271,6928,0.000352830602587164,0.00307229706234513,0.0214134933599795,0.0551489500934864,0.155395923716069,0.00917985277130557,1,0,0
DEUTNP,2009,35,f,21.7051620280171,776.294837971983,1093,2291,3288,7470,0.000209990011352989,0.00153459066441441,0.0112210544730271,0.0373748503534348,0.129038531144192,0.00941503153922396,1,0,0
DEUTNP,2009,35,b,60.1157232823602,2347.88427671764,2939,4492,4559,14398,0.000283261614841609,0.00230772961449802,0.0160064482186328,0.0443838421905469,0.135443189271296,0.0093003828923819,1,0,0
DEUTNP,2009,36,m,36.6486089032265,1617.35139109677,1864,2284,1241,7043,0.00033664571256023,0.0031617570118137,0.0216222923201526,0.0572286242678432,0.151728041960379,0.00933223196713411,1,0,0
DEUTNP,2009,36,f,30.0912473570238,838.908752642976,1056,2295,3312,7532,0.000291122515739371,0.0016583667404831,0.0108412017598505,0.0374401054391675,0.129980418232836,0.00949317504062046,1,0,0
DEUTNP,2009,36,b,66.7398562602503,2456.26014373975,2920,4579,4553,14575,0.000314474124677506,0.00241425198457558,0.0159029699892507,0.0452434580121358,0.135264935457822,0.0094147159783627,1,0,0
DEUTNP,2009,37,m,41.2296850161298,1623.77031498387,1783,2255,1285,6988,0.000378726426630259,0.0031743053533306,0.0206826969993734,0.056501991122586,0.157107601868725,0.00925935496043351,1,0,0
DEUTNP,2009,37,f,23.1850594390183,822.814940560982,1097,2285,3376,7604,0.000224307512127056,0.00162655226411689,0.0112621196312083,0.0372769677248356,0.132492117135886,0.00958392233256479,1,0,0
DEUTNP,2009,37,b,64.4147444551481,2446.58525554485,2880,4540,4661,14592,0.000303518339923706,0.00240474256103809,0.0156851210852884,0.0448581129886649,0.138473504100353,0.00942569712221397,1,0,0
DEUTNP,2009,38,m,37.7057803138965,1586.2942196861,1893,2348,1363,7228,0.00034635664657639,0.00310104340930571,0.021958690644876,0.0588322284504798,0.166644094433519,0.00957736371694525,1,0,0
DEUTNP,2009,38,f,26.1448542610207,866.855145738979,1060,2343,3388,7684,0.000252942513675191,0.00171361156738575,0.0108822669180318,0.0382231664679606,0.132963060680208,0.00968475265694738,1,0,0
DEUTNP,2009,38,b,63.8506345749172,2453.14936542508,2953,4691,4751,14912,0.000300860288636994,0.00241119440830911,0.0160826953350196,0.0463500898744112,0.141147311302463,0.00963240100647304,1,0,0
DEUTNP,2009,39,m,37.3533898436731,1634.64661015633,1922,2294,1282,7170,0.000343119668571004,0.00319556740109176,0.0222950889695994,0.0574791874213802,0.156740813693156,0.00950051160078824,1,0,0
DEUTNP,2009,39,f,36.0108370010284,858.989162998972,1039,2393,3399,7726,0.000348392518835641,0.00169806198095439,0.0106666748375802,0.03903885503962,0.13339475892917,0.00973768857724823,1,0,0
DEUTNP,2009,39,b,73.3642268447015,2493.6357731553,2961,4687,4681,14896,0.000345687754101,0.0024509883977447,0.0161262651158121,0.0463105673079014,0.1390676834786,0.00962206581226009,1,0,0
DEUTNP,2009,40,m,36.2962184330031,1590.703781567,1921,2394,1306,7248,0.000333408734554843,0.00310966365304043,0.0222834890273676,0.0599848189567498,0.159675119097708,0.00960386444665456,1,0,0
DEUTNP,2009,40,f,30.5845464940242,789.415453505976,1127,2390,3414,7751,0.000295895015997394,0.00156052768360475,0.0115701083175677,0.0389899137253204,0.133983438359572,0.00976919805361779,1,0,0
DEUTNP,2009,40,b,66.8807649270273,2380.11923507298,3048,4784,4720,14999,0.000315138077705385,0.00233941327487105,0.0166000864819302,0.047268989545765,0.140226333266181,0.00968859862500598,1,0,0
DEUTNP,2009,41,m,39.8201231352365,1606.17987686476,1891,2450,1380,7367,0.000365778514608711,0.00313991784090126,0.0219354907604123,0.0613879726165569,0.168722560761743,0.00976154378842496,1,0,0
DEUTNP,2009,41,f,20.225264617016,884.774735382984,1101,2447,3742,8195,0.000195672510578922,0.0017490352667751,0.0113031847893896,0.0399197986970122,0.146855895237703,0.0103288063539411,1,0,0
DEUTNP,2009,41,b,60.0453877522525,2490.95461224774,2992,4897,5122,15562,0.00028293019812147,0.00244835309135888,0.0162950980163829,0.0483855020496678,0.152169338768936,0.0100522682713743,1,0,0
DEUTNP,2009,42,m,33.4770946712165,1576.52290532878,1935,2438,1392,7375,0.000307512910511748,0.00308194148633835,0.0224458882186134,0.0610872968323125,0.170189713464019,0.00977214408030869,1,0,0
DEUTNP,2009,42,f,21.2118628910168,810.788137108983,1205,2455,3602,8094,0.000205217511094967,0.00160277750818988,0.0123708789021021,0.0400503088684777,0.141361553887281,0.0102015080694081,1,0,0
DEUTNP,2009,42,b,54.6889575622333,2387.31104243776,3140,4893,4994,15469,0.000257691026361286,0.00234648208443806,0.0171011389610436,0.048345979483158,0.148366590748158,0.0099921949550115,1,0,0
DEUTNP,2009,43,m,37.7057803138965,1699.2942196861,2059,2569,1496,7861,0.00034635664657639,0.00332194688414841,0.0238842810553617,0.0643696741436468,0.182905036883745,0.010416111812245,1,0,0
DEUTNP,2009,43,f,23.1850594390183,833.814940560982,1181,2594,3882,8514,0.000224307512127056,0.00164829722039234,0.0121244879530146,0.0423179230976909,0.152350236588125,0.0107308672724167,1,0,0
DEUTNP,2009,43,b,60.8908397529148,2533.10916024708,3240,5163,5378,16375,0.000286913916288743,0.00248978669171496,0.0176457612209494,0.051013752722572,0.159774834810491,0.01057742532732,1,0,0
DEUTNP,2009,44,m,42.2868564267998,1592.7131435732,1887,2405,1445,7372,0.000388437360646419,0.00311359175082262,0.021889090991485,0.0602604384256405,0.176669637899072,0.00976816897085229,1,0,0
DEUTNP,2009,44,f,39.4639309600312,865.536069039969,1159,2508,3788,8360,0.000381800020641798,0.00171100399782721,0.0118986295830177,0.0409149387544367,0.14866117882427,0.0105367688979802,1,0,0
DEUTNP,2009,44,b,81.750787386831,2458.24921261317,3046,4913,5233,15732,0.000385204714929576,0.00241620703542284,0.0165891940367321,0.0485435923157072,0.155467034318204,0.0101620797098869,1,0,0
DEUTNP,2009,45,m,34.8866565521098,1676.11334344789,1979,2586,1470,7746,0.000320460822533296,0.00327663063537921,0.0229562856768144,0.0647956315046596,0.179726206028813,0.0102637326164164,1,0,0
DEUTNP,2009,45,f,32.5577430420257,879.442256957974,1148,2695,3873,8628,0.000314985017029483,0.00173849394766677,0.0117857003980193,0.0439656140124429,0.151997028929883,0.0108745504846619,1,0,0
DEUTNP,2009,45,b,67.4443995941355,2555.55560040586,3127,5281,5343,16374,0.0003177938898169,0.00251184924190457,0.0170303380672558,0.0521796684346122,0.15873502089856,0.0105767793776817,1,0,0
DEUTNP,2009,46,m,40.1725136054598,1673.82748639454,2038,2640,1505,7897,0.000369015492614098,0.00327216201798028,0.023640682268493,0.0661486725337592,0.184005401410452,0.0104638131257217,1,0,0
DEUTNP,2009,46,f,34.5309395900273,842.469060409973,1171,2600,3827,8475,0.000334075018061573,0.00166540480745769,0.0120218250575615,0.04241580572629,0.150191745343316,0.0106817124892802,1,0,0
DEUTNP,2009,46,b,74.7034531954871,2516.29654680451,3209,5240,5332,16372,0.000351998106834846,0.00247326161578883,0.0174769283203786,0.0517745621278864,0.158408222240524,0.0105754874784051,1,0,0
DEUTNP,2009,47,m,39.1153421947898,1645.88465780521,2043,2497,1474,7699,0.000359304558597938,0.00321753663804827,0.0236986819796522,0.0625656194381806,0.180215256929572,0.0102014559015995,1,0,0
DEUTNP,2009,47,f,33.5443413160265,904.455658683974,1157,2583,3994,8672,0.000324530017545528,0.0017879407955606,0.0118780970039271,0.0421384716119258,0.156745709668462,0.0109300071630723,1,0,0
DEUTNP,2009,47,b,72.6596835108163,2550.34031648918,3200,5080,5468,16371,0.000342367988961607,0.0025067231523175,0.0174279123169871,0.0501936594674929,0.162448642012601,0.0105748415287668,1,0,0
DEUTNP,2009,48,m,42.6392468970231,1740.36075310298,1965,2616,1469,7833,0.000391674338651806,0.00340222776849824,0.0227938864855686,0.0655473209652705,0.179603943303624,0.0103790107906519,1,0,0
DEUTNP,2009,48,f,33.5443413160265,862.455658683974,1149,2519,3828,8392,0.000324530017545528,0.00170491459887252,0.0117959666875646,0.0410943902402017,0.150230990638676,0.0105771010277333,1,0,0
DEUTNP,2009,48,b,76.1835882130496,2602.81641178695,3114,5135,5297,16225,0.00035897241259657,0.00255830177583517,0.0169595371734681,0.0507370947570031,0.157368408328593,0.0104805328815736,1,0,0
DEUTNP,2009,49,m,41.9344659565764,1697.06553404342,2061,2552,1491,7843,0.000385200382641032,0.00331759003102628,0.0239074809398254,0.0639437167826339,0.182293723257796,0.0103922611555066,1,0,0
DEUTNP,2009,49,f,36.5041361380288,952.495863861971,1135,2593,3778,8495,0.000353165019093663,0.0018829073556569,0.0116522386339302,0.0423016093262577,0.148268725870669,0.0107069200703758,1,0,0
DEUTNP,2009,49,b,78.4386020946052,2649.56139790539,3196,5145,5269,16338,0.000369597900217828,0.00260424730639838,0.0174061274265909,0.0508359011732777,0.156536557199048,0.0105535251907026,1,0,0
DEUTNP,2009,50,m,35.2390470223331,1818.76095297767,1967,2589,1476,7886,0.000323697800538683,0.00355549216301754,0.0228170863700323,0.0648708004507207,0.180459782379951,0.0104492377243816,1,0,0
DEUTNP,2009,50,f,26.638153398021,906.361846601979,1123,2552,3849,8457,0.000257715013933214,0.00179170897491786,0.0115290431593865,0.041632744697497,0.15105514184124,0.0106590256662941,1,0,0
DEUTNP,2009,50,b,61.8772004203541,2725.12279957965,3090,5141,5325,16343,0.000291561587483894,0.00267851642012167,0.0168288278310907,0.0507963786067679,0.158200259458138,0.0105567549388941,1,0,0
DEUTNP,2009,51,m,39.1153421947898,1721.88465780521,2197,2696,1569,8223,0.000359304558597938,0.00336610888661504,0.0254850730833558,0.0675518261935662,0.191830215822591,0.0108957750199835,1,0,0
DEUTNP,2009,51,f,26.638153398021,893.361846601979,1225,2677,3959,8781,0.000257715013933214,0.00176601039022869,0.0125762046930084,0.0436719661266455,0.155372124330857,0.0110673884800436,1,0,0
DEUTNP,2009,51,b,65.7534955928108,2615.24650440719,3422,5373,5528,17004,0.000309826453482354,0.0025705192829479,0.0186369737339781,0.0530886874643384,0.16423118014734,0.0109837276498168,1,0,0
DEUTNP,2009,52,m,34.1818756116632,1854.81812438834,2083,2771,1711,8454,0.000313986866522522,0.00362598025556281,0.0241626796689259,0.0694310498450935,0.209191522799524,0.0112018584481261,1,0,0
DEUTNP,2009,52,f,31.5711447680249,960.428855231975,1238,2824,4304,9358,0.000305440016513438,0.00189858940570001,0.0127096664570975,0.0460700905273242,0.168911751230111,0.011794627194653,1,0,0
DEUTNP,2009,52,b,65.7530203796881,2815.24697962031,3321,5595,6015,17812,0.000309824214307157,0.00276709925247189,0.0180869052514732,0.0552821899056344,0.178699448007643,0.0115056549575709,1,0,0
DEUTNP,2009,53,m,38.4105612543431,1787.58943874566,2068,2672,1715,8281,0.000352830602587164,0.00349455503195595,0.0239886805354483,0.0669504746250775,0.209680573700282,0.0109726271361405,1,0,0
DEUTNP,2009,53,f,29.104649083023,919.895350916977,1221,2787,4228,9185,0.000281577515223326,0.00181846219851634,0.0125351395348272,0.0454664809842963,0.165929108782739,0.0115765816181756,1,0,0
DEUTNP,2009,53,b,67.5152103373661,2707.48478966264,3289,5459,5943,17466,0.000318127545712237,0.00266118006405424,0.0179126261283033,0.0539384226442999,0.176560402245956,0.0112821563827158,1,0,0
DEUTNP,2010,1,m,29.209006794518,1810.79099320548,2073,2866,1628,8407,0.000270759351680995,0.00354700103642111,0.0245160478328889,0.0680958721451293,0.187476811354489,0.0111540143461438,1,0,0
DEUTNP,2010,1,f,29.9993165152694,928.000683484731,1197,2763,4235,9153,0.000292883768036345,0.00183727365904452,0.0125384827601492,0.0443382269660371,0.160839485806004,0.011562115941184,1,0,0
DEUTNP,2010,1,b,59.2083233097874,2738.79167669021,3270,5629,5863,17560,0.000281534847819828,0.00269669666446116,0.018164350197748,0.0539154815276665,0.167445682819355,0.0113630718083729,1,0,0
DEUTNP,2010,2,m,30.2521856086079,1802.74781439139,2166,2801,1630,8430,0.000280429328526745,0.00353124595276057,0.0256158994722805,0.0665514786735893,0.187707126847553,0.0111845296702738,1,0,0
DEUTNP,2010,2,f,25.9994076465668,873.000592353433,1281,2727,4439,9346,0.000253832598964833,0.00172838341738961,0.0134183762871772,0.04376053019775,0.168587125736211,0.0118059145183334,1,0,0
DEUTNP,2010,2,b,56.2515932551747,2675.74840674482,3447,5528,6069,17776,0.000267475632840637,0.00263462236460645,0.0191475581442316,0.052948087028769,0.17332898670146,0.0115028453568131,1,0,0
DEUTNP,2010,3,m,37.5544373072374,1675.44556269276,2021,2749,1598,8081,0.000348119166446994,0.00328188464026892,0.0239010770237668,0.0653159638963574,0.184022078958522,0.0107214927954309,1,0,0
DEUTNP,2010,3,f,29.4993279066816,923.500672093318,1221,2767,4287,9228,0.000288002371902406,0.00182836444966356,0.0127898809107287,0.0444024154958468,0.162814374415665,0.0116568563209053,1,0,0
DEUTNP,2010,3,b,67.053765213919,2598.94623478608,3242,5516,5885,17309,0.000318839827408633,0.002559000635978,0.0180088144774003,0.0528331490685039,0.168073996826181,0.0112006497682874,1,0,0
DEUTNP,2010,4,m,35.8158059504209,1781.18419404958,2150,2777,1617,8361,0.000332002538370744,0.00348900685173324,0.0254266776848583,0.0659812410840977,0.186210076142634,0.0110929836978837,1,0,0
DEUTNP,2010,4,f,27.9993620809181,860.000637919082,1190,2804,4212,9094,0.000273358183500589,0.00170264585676484,0.0124651582995636,0.0449961593965863,0.159965977382501,0.01148758684247,1,0,0
DEUTNP,2010,4,b,63.815168031339,2641.18483196866,3340,5581,5829,17455,0.000303440337708902,0.00260059002925068,0.0185531894986172,0.0534557296866063,0.166474652081531,0.0112951263334368,1,0,0
DEUTNP,2010,5,m,31.2953644226979,1684.7046355773,2194,2740,1709,8359,0.000290099305372495,0.00330002143310752,0.0259470376002693,0.065102124800298,0.1968045888236,0.0110903301914376,1,0,0
DEUTNP,2010,5,f,31.4992823410328,880.500717658967,1247,2734,4338,9231,0.000307527956438163,0.0017432323101853,0.0130622289071897,0.0438728601249169,0.164751284398217,0.0116606459360942,1,0,0
DEUTNP,2010,5,b,62.7946467637307,2565.20535323627,3441,5474,6047,17590,0.000298587771655482,0.00252577834911852,0.0191142290613,0.0524308662075762,0.172700672694634,0.0113824848012119,1,0,0
DEUTNP,2010,6,m,38.2498898499641,1757.75011015004,2162,2723,1598,8279,0.000354565817677494,0.00344310386227109,0.0255685940254249,0.0646982065077415,0.184022078958522,0.010984189933594,1,0,0
DEUTNP,2010,6,f,24.4994418208033,960.500558179197,1279,2903,4255,9422,0.000239188410563015,0.0019016175380535,0.0133974264412956,0.0465848255093759,0.161599058348182,0.0119019181031177,1,0,0
DEUTNP,2010,6,b,62.7493316707674,2718.25066832924,3441,5626,5853,17701,0.000298372298946778,0.00267647136977988,0.0191142290613,0.0538867470376002,0.167160085543524,0.0114543128747158,1,0,0
DEUTNP,2010,7,m,32.6862695081511,1777.31373049185,2111,2853,1681,8455,0.000302992607833495,0.00348142533718947,0.0249654495780167,0.0677869934508213,0.193580171920698,0.01121769850085,1,0,0
DEUTNP,2010,7,f,30.999293732445,916.000706267555,1274,2938,4463,9622,0.000302646560304224,0.001813515872609,0.0133450518265916,0.0471464751452107,0.169498612786824,0.0121545591157077,1,0,0
DEUTNP,2010,7,b,63.6855632405961,2693.3144367594,3385,5791,6144,18077,0.000302824068525807,0.00265191840612407,0.0188031576206046,0.0554671439912448,0.175470966270188,0.0116976223849634,1,0,0
DEUTNP,2010,8,m,36.8589847645108,1791.14101523549,2079,2821,1622,8350,0.000341672515216494,0.00350851040305329,0.0245870060031723,0.0670266766648324,0.186785864875295,0.0110783894124302,1,0,0
DEUTNP,2010,8,f,31.4992823410328,932.500717658967,1293,2860,4431,9548,0.000307527956438163,0.00184618291353136,0.013544075362467,0.0458947988139219,0.16828329671934,0.0120610819410494,1,0,0
DEUTNP,2010,8,b,68.3582671055436,2723.64173289446,3372,5681,6053,17898,0.000325042717830265,0.00268177957410759,0.018730944607586,0.0544135460221484,0.172872031060132,0.0115817915276913,1,0,0
DEUTNP,2010,9,m,39.293068664054,1769.70693133595,2016,2746,1592,8163,0.000364235794523244,0.0034665250397001,0.0238419452151973,0.065244684197671,0.183331132479328,0.0108302865597207,1,0,0
DEUTNP,2010,9,f,25.499419037979,901.500580962021,1210,2721,4194,9052,0.000248951202830894,0.00178480824474749,0.0126746567583798,0.0436642474030355,0.159282362094541,0.011434532229826,1,0,0
DEUTNP,2010,9,b,64.792487702033,2671.20751229797,3226,5467,5786,17215,0.000308087480701291,0.00263015126334938,0.0179199369229159,0.0523638190640883,0.165246583795461,0.0111398223907255,1,0,0
DEUTNP,2010,10,m,35.1203534076943,1688.87964659231,2069,2732,1660,8185,0.000325555887140244,0.00330819949918629,0.0244687423860334,0.0649120456038008,0.191161859243521,0.0108594751306277,1,0,0
DEUTNP,2010,10,f,23.4994646036277,879.500535396372,1233,2861,4205,9202,0.000229425618295137,0.00174125213004318,0.0129155799860184,0.0459108459463743,0.159700126992739,0.0116240129892686,1,0,0
DEUTNP,2010,10,b,58.619818011322,2568.38018198868,3302,5593,5865,17387,0.000278736512376722,0.00252890438100322,0.0183421053067168,0.0535706676468714,0.167502802274521,0.0112511235496686,1,0,0
DEUTNP,2010,11,m,36.5112584931475,1726.48874150685,2084,2839,1590,8276,0.000338449189601244,0.00338186868527199,0.0246461378117417,0.0674543548569511,0.183100816986264,0.0109802096739248,1,0,0
DEUTNP,2010,11,f,26.4993962551546,906.500603744845,1250,2792,4432,9407,0.000258713995098772,0.00179470738632895,0.0130936536760121,0.0448035938071573,0.168321275346449,0.0118829700271734,1,0,0
DEUTNP,2010,11,b,63.0106547483021,2632.98934525169,3334,5631,6022,17683,0.000299614886960639,0.00259252050651867,0.0185198604156856,0.0539346378543774,0.171986679505058,0.0114426650790125,1,0,0
DEUTNP,2010,12,m,41.7271525635972,1605.2728474364,2014,2705,1566,7932,0.000386799073829993,0.00314442940955664,0.0238182924917696,0.0642705283156227,0.18033703106949,0.0105238065651972,1,0,0
DEUTNP,2010,12,f,32.4992595582085,890.500740441792,1214,2716,4046,8899,0.000317290748706041,0.00176303054824234,0.012716556450143,0.0435840117407734,0.153661525282431,0.0112412618551947,1,0,0
DEUTNP,2010,12,b,74.2264121218057,2495.77358787819,3228,5421,5612,16831,0.000352945675079942,0.00245741374452215,0.0179310466172265,0.0519232235497389,0.160277191196012,0.0108913360823875,1,0,0
DEUTNP,2010,13,m,38.2498898499641,1651.75011015004,2004,2544,1550,7788,0.000354565817677494,0.00323546967849648,0.0237000288746307,0.0604451844861161,0.178494507124974,0.0103327541010786,1,0,0
DEUTNP,2010,13,f,34.4992139925598,856.50078600744,1135,2638,4000,8664,0.000336816333241797,0.00169571678242012,0.011889037537819,0.0423323354094846,0.151914508435423,0.0109444086654013,1,0,0
DEUTNP,2010,13,b,72.7491038425239,2508.25089615748,3139,5182,5550,16452,0.000345921092414183,0.00246969927755651,0.017436665220407,0.0496340425077932,0.158506488085864,0.010646085272856,1,0,0
DEUTNP,2010,14,m,41.0317000208705,1640.96829997913,1955,2603,1429,7669,0.000380352422599493,0.00321435012798281,0.0231205371506502,0.0618470185602831,0.164560419794573,0.0101748704675362,1,0,0
DEUTNP,2010,14,f,23.4994646036277,872.500535396372,1128,2476,3856,8356,0.000229425618295137,0.00172739339497736,0.0118157130772334,0.0397326999521925,0.146445586131748,0.0105553415060126,1,0,0
DEUTNP,2010,14,b,64.5311646244982,2513.4688353755,3083,5079,5285,16025,0.000306844892687429,0.00247483701745997,0.0171255937797116,0.0486474916821848,0.150938160276358,0.0103697736747823,1,0,0
DEUTNP,2010,15,m,39.9885212067806,1648.01147879322,1933,2636,1507,7764,0.000370682445753744,0.00322814639858887,0.0228603571929447,0.0626310952458342,0.173542724024088,0.0103009120237255,1,0,0
DEUTNP,2010,15,f,27.4993734723303,855.50062652767,1156,2563,3834,8436,0.00026847678736665,0.00169373664738388,0.012109010919576,0.0411288004755531,0.145610056335353,0.0106563979110487,1,0,0
DEUTNP,2010,15,b,67.4878946791109,2503.51210532089,3089,5199,5341,16200,0.000320904107666619,0.00246503332156162,0.0171589228626433,0.0497968712848354,0.152537505021008,0.0104830161330092,1,0,0
DEUTNP,2010,16,m,38.5976161213274,1678.40238387867,2044,2676,1421,7858,0.000357789143292744,0.00328767650020764,0.0241730833431862,0.0635814912283203,0.163639157822315,0.0104256268266918,1,0,0
DEUTNP,2010,16,f,29.4993279066816,822.500672093318,1138,2527,3992,8509,0.000288002371902406,0.00162840270085678,0.0119204623066415,0.0405511037072659,0.151610679418552,0.010748611880644,1,0,0
DEUTNP,2010,16,b,68.096944028009,2500.90305597199,3182,5203,5413,16367,0.000323800129816405,0.00246246437309559,0.0176755236480838,0.049835183938257,0.154593805406987,0.0105910817931458,1,0,0
DEUTNP,2010,17,m,36.8589847645108,1672.14101523549,1914,2631,1555,7809,0.000341672515216494,0.00327541164957048,0.0226356563203808,0.0625122957480234,0.179070295857635,0.0103606159187626,1,0,0
DEUTNP,2010,17,f,26.9993848637424,825.000615136258,1151,2606,3938,8547,0.000263595391232711,0.00163335213632988,0.012056636304872,0.0418188271710071,0.149559833554674,0.0107966136730362,1,0,0
DEUTNP,2010,17,b,63.8583696282532,2497.14163037175,3065,5237,5493,16356,0.000303645760769933,0.00245876076031039,0.0170256065309167,0.0501608414923414,0.15687858361363,0.0105839636957715,1,0,0
DEUTNP,2010,18,m,37.9021635786007,1728.0978364214,1956,2466,1474,7662,0.000351342492062244,0.0033850206013965,0.0231323635123641,0.0585919123202682,0.169742518388524,0.0101655831949749,1,0,0
DEUTNP,2010,18,f,24.4994418208033,841.500558179197,1147,2472,3648,8133,0.000239188410563015,0.00166601904193462,0.0120147366131087,0.0396685114223828,0.138546031693106,0.0102736467769747,1,0,0
DEUTNP,2010,18,b,62.401605399404,2569.5983946006,3103,4938,5122,15795,0.000296718864810854,0.0025301038697833,0.0172366907228171,0.0472969706490704,0.146282924680323,0.010220940729684,1,0,0
DEUTNP,2010,19,m,36.8589847645108,1651.14101523549,1960,2518,1441,7607,0.000341672515216494,0.00323427657542645,0.0231796689592196,0.0598274270975002,0.16594231275296,0.0100926117677074,1,0,0
DEUTNP,2010,19,f,27.9993620809181,896.000637919082,1096,2487,3664,8171,0.000273358183500589,0.00177391935138904,0.0114805155431275,0.0399092184091691,0.139153689726848,0.0103216485693668,1,0,0
DEUTNP,2010,19,b,64.8583468454289,2547.14165315457,3056,5005,5105,15778,0.000308400640116674,0.0025079922866835,0.0169756129065192,0.0479387075938836,0.145797409311411,0.0102099400337419,1,0,0
DEUTNP,2010,20,m,42.4226051063238,1653.57739489368,1909,2511,1409,7525,0.000393245725060493,0.00323904898770657,0.0225765245118114,0.0596611078005651,0.162257264863928,0.00998381800341763,1,0,0
DEUTNP,2010,20,f,26.4993962551546,880.500603744845,1159,2503,3694,8263,0.000258713995098772,0.00174323208465592,0.0121404356883985,0.0401659725284079,0.140293048540113,0.0104378634351583,1,0,0
DEUTNP,2010,20,b,68.9220013614784,2534.07799863853,3068,5014,5103,15788,0.000327723267271347,0.00249512941950783,0.0170422710723825,0.0480249110640824,0.145740289856245,0.0102164110313549,1,0,0
DEUTNP,2010,21,m,39.6407949354173,1704.35920506458,1928,2545,1477,7694,0.000367459120138494,0.00333852106039934,0.0228012253843752,0.0604689443856783,0.17008799162812,0.0102080392981123,1,0,0
DEUTNP,2010,21,f,31.4992823410328,874.500717658967,1078,2465,3886,8335,0.000307527956438163,0.0017313533944146,0.0112919669301929,0.0395561814952159,0.147584944945014,0.0105288141996907,1,0,0
DEUTNP,2010,21,b,71.1400772764501,2578.85992272355,3006,5010,5363,16029,0.000338270190917657,0.00253922304894889,0.0166978705487555,0.0479865984106607,0.153165819027835,0.0103723620738274,1,0,0
DEUTNP,2010,22,m,43.4657839204137,1683.53421607959,1935,2489,1420,7571,0.000402915701906243,0.00329772880011618,0.0228840099163725,0.0591383900101977,0.163524000075783,0.0100448486516777,1,0,0
DEUTNP,2010,22,f,22.499487386452,844.500512613548,1092,2424,3543,7926,0.000219662826027259,0.00167195840960822,0.0114386158513642,0.0388982490646667,0.134558275846676,0.010012163328944,1,0,0
DEUTNP,2010,22,b,65.9652713068657,2528.03472869314,3027,4913,4963,15497,0.000313664052292157,0.00248917903414524,0.0168145223390163,0.0470575165651849,0.14174192799462,0.0100281050008175,1,0,0
DEUTNP,2010,23,m,36.8589847645108,1705.14101523549,1929,2485,1527,7683,0.000341672515216494,0.00334005248036823,0.0228130517460891,0.0590433504119491,0.175845878954732,0.0101934450126588,1,0,0
DEUTNP,2010,23,f,29.4993279066816,858.500672093318,1116,2463,3769,8236,0.000288002371902406,0.00169967619548098,0.0116900140019436,0.039524087230311,0.143141445573278,0.0104037568984586,1,0,0
DEUTNP,2010,23,b,66.3583126711924,2563.64168732881,3045,4948,5296,15919,0.000315532959136785,0.00252423871663283,0.0169145095878112,0.0473927522826246,0.151252317279772,0.0103011811000848,1,0,0
DEUTNP,2010,24,m,43.4657839204137,1675.53421607959,1817,2452,1305,7293,0.000402915701906243,0.00328205829568036,0.0214884992341337,0.0582592737263981,0.150280859224575,0.00967601125567107,1,0,0
DEUTNP,2010,24,f,29.9993165152694,841.000683484731,1072,2424,3446,7813,0.000292883768036345,0.00166502938036937,0.011229117392548,0.0388982490646667,0.130874349017117,0.00986942115683064,1,0,0
DEUTNP,2010,24,b,73.4651004356831,2516.53489956432,2889,4876,4751,15106,0.00034932564739271,0.00247785595648384,0.0160479534315884,0.0467031245210343,0.135687265747016,0.00977508899415044,1,0,0
DEUTNP,2010,25,m,38.5976161213274,1583.40238387867,1935,2513,1415,7485,0.000357789143292744,0.00310158926003228,0.0228840099163725,0.0597086275996894,0.162948211343121,0.00993074787449581,1,0,0
DEUTNP,2010,25,f,33.4992367753841,828.500763224616,1135,2356,3676,8029,0.000327053540973919,0.00164028179705098,0.011889037537819,0.0378070440579021,0.139609433252154,0.0101422734504279,1,0,0
DEUTNP,2010,25,b,72.0968528967115,2411.90314710329,3070,4869,5091,15514,0.000342819647203366,0.0023748323858122,0.0170533807666931,0.0466360773775463,0.145397573125249,0.0100391056967596,1,0,0
DEUTNP,2010,26,m,44.5089627345036,1718.4910372655,2109,2719,1564,8155,0.000412585678751993,0.00336620267779817,0.0249417968545889,0.0646031669094928,0.180106715576425,0.0108196725339363,1,0,0
DEUTNP,2010,26,f,33.999225383972,945.000774616028,1192,2773,4247,9191,0.000331934937107858,0.00187093076748501,0.0124861081454452,0.0444986982905613,0.161295229331311,0.0116101177335761,1,0,0
DEUTNP,2010,26,b,78.5081881184756,2663.49181188153,3301,5492,5811,17346,0.000373305467187444,0.00262255415264027,0.0183365504595615,0.0526032731479738,0.165960576985037,0.0112245924594554,1,0,0
DEUTNP,2010,27,m,41.7271525635972,1769.2728474364,2040,2638,1515,8004,0.000386799073829993,0.00346567475049094,0.0241257778963306,0.0626786150449585,0.174463985996346,0.0106193327972564,1,0,0
DEUTNP,2010,27,f,26.9993848637424,875.000615136258,1259,2708,4109,8978,0.000263595391232711,0.00173234310108572,0.0131879279824794,0.043455634681154,0.156054178790289,0.0113410550551677,1,0,0
DEUTNP,2010,27,b,68.7265374273396,2644.27346257266,3299,5346,5624,16982,0.000326793838672869,0.0026036311878457,0.018325440765251,0.0512048612980823,0.160619907927008,0.0109890481463434,1,0,0
DEUTNP,2010,28,m,46.9430466340468,1756.05695336595,2109,2790,1724,8426,0.000435148958058742,0.00343978728465915,0.0249417968545889,0.0662901197784057,0.198531955021584,0.0111792226573817,1,0,0
DEUTNP,2010,28,f,28.4993506895059,893.500649310494,1221,2911,4546,9600,0.000278239579634528,0.00176896982570419,0.0127898809107287,0.0467132025689953,0.172650838836859,0.0121267686043228,1,0,0
DEUTNP,2010,28,b,75.4423973235527,2649.55760267644,3330,5701,6270,18026,0.000358727669731839,0.00260883411113253,0.0184976410270645,0.0546051092892568,0.179069491945651,0.0116646202971373,1,0,0
DEUTNP,2010,29,m,37.9021635786007,1653.0978364214,1884,2429,1377,7381,0.000351342492062244,0.00323810962231069,0.0222808654689642,0.0577127960364686,0.158572216974896,0.00979276553929907,1,0,0
DEUTNP,2010,29,f,36.4991684269111,841.500831573089,1142,2420,3722,8162,0.000356341917777554,0.00166601958320512,0.0119623619984047,0.038834060534857,0.141356450099161,0.0103102797238003,1,0,0
DEUTNP,2010,29,b,74.4013320055118,2494.59866799449,3026,4849,5099,15543,0.00035377741697174,0.00245625688306446,0.016808967491861,0.0464445141104379,0.145626050945913,0.0100578715898372,1,0,0
DEUTNP,2010,30,m,38.9453423926907,1566.05465760731,1823,2342,1327,7097,0.000361012468907994,0.00306760830734643,0.021559457404417,0.0556456847745613,0.152814329648284,0.00941596762395414,1,0,0
DEUTNP,2010,30,f,27.9993620809181,850.000637919082,1088,2309,3492,7767,0.000273358183500589,0.00168284766381367,0.011396716159601,0.0370528288326383,0.132621365864125,0.00981131372393492,1,0,0
DEUTNP,2010,30,b,66.9447044736088,2416.05529552639,2911,4651,4819,14864,0.000318321244932218,0.00237892071604127,0.0161701600690044,0.0445480377660645,0.137629327222662,0.0096184908519166,1,0,0
DEUTNP,2010,31,m,36.5112584931475,1668.48874150685,1793,2363,1394,7255,0.000338449189601244,0.0032682575281123,0.0212046665530004,0.0561446426653665,0.160529898665944,0.00962559463319534,1,0,0
DEUTNP,2010,31,f,25.499419037979,890.500580962021,1111,2311,3504,7842,0.000248951202830894,0.00176303023250121,0.0116376393872396,0.0370849230975432,0.133077109389431,0.00990605410365619,1,0,0
DEUTNP,2010,31,b,62.0106775311265,2558.98932246887,2904,4674,4898,15097,0.000294860007613899,0.00251965785825414,0.0161312761389175,0.0447683355232392,0.139885545701722,0.00976926509629877,1,0,0
DEUTNP,2010,32,m,34.772627136331,1569.22737286367,1892,2400,1351,7247,0.000322332561524994,0.00307382306340873,0.0223754763626753,0.0570237589491662,0.155578115565058,0.00961498060741097,1,0,0
DEUTNP,2010,32,f,28.9993392980937,867.000660701906,1131,2411,3721,8159,0.000283120975768467,0.00171650463693653,0.0118471378460558,0.0386896363427852,0.141318471472053,0.0103064901086114,1,0,0
DEUTNP,2010,32,b,63.7719664344247,2436.22803356558,3023,4811,5072,15406,0.000303234914647871,0.00239878340068659,0.0167923029503952,0.0460805439029319,0.144854938301171,0.0099692189225395,1,0,0
DEUTNP,2010,33,m,36.8589847645108,1618.14101523549,1836,2396,1383,7270,0.000341672515216494,0.00316963574462869,0.0217132001066976,0.0569287193509176,0.15926316345409,0.00964549593154102,1,0,0
DEUTNP,2010,33,f,30.999293732445,867.000706267555,1056,2478,3660,8092,0.000302646560304224,0.00171650472714828,0.0110615186254951,0.0397647942170973,0.139001775218412,0.0102218553693938,1,0,0
DEUTNP,2010,33,b,67.8582784969558,2485.14172150305,2892,4874,5043,15362,0.000322665278156895,0.0024469452890953,0.0160646179730542,0.0466839681943234,0.144026706201263,0.00994074653304244,1,0,0
DEUTNP,2010,34,m,36.5112584931475,1534.48874150685,1806,2407,1431,7215,0.000338449189601244,0.00300577657881232,0.021358409255281,0.0571900782461012,0.164790735287637,0.00957252450427351,1,0,0
DEUTNP,2010,34,f,29.4993279066816,837.500672093318,1113,2392,3628,8000,0.000288002371902406,0.00165809999028353,0.0116585892331212,0.0383847408261892,0.137786459150929,0.0101056405036023,1,0,0
DEUTNP,2010,34,b,66.0105863998291,2371.98941360017,2919,4799,5059,15215,0.000313879525000861,0.00233553212324746,0.0162145988462466,0.0459656059426668,0.144483661842592,0.0098456228681318,1,0,0
DEUTNP,2010,35,m,38.2498898499641,1683.75011015004,1804,2354,1353,7233,0.000354565817677494,0.00329815169623976,0.0213347565318532,0.0559308035693072,0.155808431058123,0.00959640606228833,1,0,0
DEUTNP,2010,35,f,31.4992823410328,838.500717658967,1064,2334,3478,7746,0.000307527956438163,0.0016600798997904,0.0111453180090215,0.0374540071439488,0.132089665084601,0.00978478641761297,1,0,0
DEUTNP,2010,35,b,69.7491721909969,2522.25082780901,2868,4688,4831,14979,0.000331656454373961,0.00248348403136187,0.0159313016413276,0.0449024298102151,0.137972043953659,0.00969290732446574,1,0,0
DEUTNP,2010,36,m,46.9430466340468,1683.05695336595,1881,2480,1376,7467,0.000435148958058742,0.0032967939316823,0.0222453863838225,0.0589245509141384,0.158457059228364,0.00990686631648099,1,0,0
DEUTNP,2010,36,f,31.9992709496207,830.000729050379,1111,2487,3676,8136,0.000312409352572102,0.00164325145833484,0.0116376393872396,0.0399092184091691,0.139609433252154,0.0102774363921636,1,0,0
DEUTNP,2010,36,b,78.9423175836675,2513.05768241633,2992,4967,5052,15603,0.000375369747445431,0.00247443218388938,0.0166201026885817,0.0475747373863776,0.14428374374951,0.010096697575515,1,0,0
DEUTNP,2010,37,m,37.9021635786007,1645.0978364214,1892,2489,1326,7390,0.000351342492062244,0.00322243911787487,0.0223754763626753,0.0591383900101977,0.152699171901752,0.00980470631830648,1,0,0
DEUTNP,2010,37,f,35.4991912097354,872.500808790265,1106,2324,3736,8074,0.000346579125509675,0.00172739393624786,0.0115852647725355,0.0372935358194246,0.141888150878685,0.0101991176782607,1,0,0
DEUTNP,2010,37,b,73.4013547883361,2517.59864521166,2998,4813,5062,15464,0.000349022537624999,0.00247890335244442,0.0166534317715133,0.0460997002296427,0.144569341025341,0.0100067507086947,1,0,0
DEUTNP,2010,38,m,34.0771745936043,1694.9228254064,1928,2493,1517,7667,0.000315885910294495,0.00332003695673788,0.0228012253843752,0.0592334296084464,0.17469430148941,0.0101722169610901,1,0,0
DEUTNP,2010,38,f,29.9993165152694,833.000683484731,1150,2489,3862,8364,0.000292883768036345,0.00164919082600844,0.0120461613819312,0.039941312674074,0.146673457894401,0.0105654471465162,1,0,0
DEUTNP,2010,38,b,64.0764911088737,2527.92350889113,3078,4982,5379,16031,0.000304682925722763,0.00248906952378282,0.0170978195439353,0.0477184098367089,0.153622774669164,0.01037365627335,1,0,0
DEUTNP,2010,39,m,30.5999118799712,1617.40008812003,1809,2490,1426,7373,0.000283652654141995,0.00316818440692251,0.0213938883404226,0.0591621499097599,0.164214946554976,0.00978215151351471,1,0,0
DEUTNP,2010,39,f,32.9992481667963,901.000751833204,1140,2508,3666,8248,0.00032217214483998,0.001783818673394,0.0119414121525231,0.04024620819067,0.139229646981065,0.010418915359214,1,0,0
DEUTNP,2010,39,b,63.5991600467675,2518.40083995323,2949,4998,5092,15621,0.000302413222403744,0.00247969321751603,0.0163812442609048,0.0478716604503957,0.145426132852832,0.0101083453712183,1,0,0
DEUTNP,2010,40,m,41.7271525635972,1733.2728474364,1918,2573,1411,7677,0.000386799073829993,0.00339515748052975,0.0226829617672364,0.0611342215734186,0.162487580356993,0.0101854844933206,1,0,0
DEUTNP,2010,40,f,27.4993734723303,841.50062652767,1139,2562,3839,8409,0.00026847678736665,0.00166601917725224,0.0119309372295823,0.0411127533431006,0.145799949470897,0.010622291374349,1,0,0
DEUTNP,2010,40,b,69.2265260359275,2574.77347396407,3057,5135,5250,16086,0.00032917127834624,0.0025351994085848,0.0169811677536745,0.0491838688300884,0.149938569810952,0.0104092467602214,1,0,0
DEUTNP,2010,41,m,34.4249008649676,1640.57509913503,2005,2464,1502,7646,0.000319109235909744,0.00321357992103636,0.0237118552363446,0.0585443925211439,0.172966935291426,0.0101443551434061,1,0,0
DEUTNP,2010,41,f,16.999612691986,868.000387308014,1127,2540,3711,8263,0.000165967468553929,0.00171848391496115,0.0118052381542926,0.0407597164291474,0.140938685200964,0.0104378634351583,1,0,0
DEUTNP,2010,41,b,51.4245135569536,2508.57548644304,3132,5004,5213,15909,0.000244522928351061,0.00247001887891496,0.0173977812903201,0.0479291294305282,0.14888185989038,0.0102947101024718,1,0,0
DEUTNP,2010,42,m,29.209006794518,1638.79099320548,1947,2550,1522,7687,0.000270759351680995,0.00321008519105099,0.0230259262569391,0.0605877438834891,0.175270090222071,0.010198752025551,1,0,0
DEUTNP,2010,42,f,34.4992139925598,884.50078600744,1151,2424,3880,8374,0.000336816333241797,0.00175115172268339,0.012056636304872,0.0388982490646667,0.147357073182361,0.0105780791971458,1,0,0
DEUTNP,2010,42,b,63.7082207870778,2523.29177921292,3098,4974,5402,16061,0.00030293180488016,0.00248450898342474,0.0172089164870408,0.0476417845298656,0.154279648403574,0.0103930692661889,1,0,0
DEUTNP,2010,43,m,28.5135542517914,1610.48644574821,1920,2616,1624,7799,0.000264312700450495,0.0031546418739906,0.0227066144906641,0.0621558972545911,0.18701618036836,0.0103473483865321,1,0,0
DEUTNP,2010,43,f,29.9993165152694,843.000683484731,1127,2566,4092,8658,0.000292883768036345,0.00166898901895961,0.0118052381542926,0.0411769418729103,0.155408542129438,0.0109368294350236,1,0,0
DEUTNP,2010,43,b,58.5128707670608,2453.48712923294,3047,5182,5716,16457,0.00027822797954798,0.00241577722541372,0.0169256192821218,0.0496340425077932,0.163247402864648,0.0106493207716625,1,0,0
DEUTNP,2010,44,m,43.4657839204137,1637.53421607959,1857,2534,1471,7543,0.000402915701906243,0.00320762339961021,0.0219615537026892,0.0602075854904946,0.169397045148927,0.0100076995614324,1,0,0
DEUTNP,2010,44,f,30.4993051238572,859.500694876143,1088,2561,3899,8438,0.000297765164170285,0.00170165605988197,0.011396716159601,0.0410967062106482,0.148078667097429,0.0106589243211746,1,0,0
DEUTNP,2010,44,b,73.9650890442709,2497.03491095573,2945,5095,5370,15981,0.00035170308706608,0.00245865568116339,0.0163590248722837,0.0488007422958715,0.153365737120917,0.0103413012852852,1,0,0
DEUTNP,2010,45,m,38.5976161213274,1661.40238387867,1947,2677,1558,7882,0.000357789143292744,0.00325437667828152,0.0230259262569391,0.0636052511278824,0.179415769097232,0.0104574689040449,1,0,0
DEUTNP,2010,45,f,36.4991684269111,932.500831573089,1106,2494,3865,8434,0.000356341917777554,0.00184618313906074,0.0115852647725355,0.0400215483363361,0.146787393775728,0.0106538715009228,1,0,0
DEUTNP,2010,45,b,75.0967845482385,2593.90321545176,3053,5171,5423,16316,0.000357084285243588,0.00255403512745342,0.0169589483650534,0.0495286827108836,0.154879402682818,0.0105580797053196,1,0,0
DEUTNP,2010,46,m,37.5544373072374,1712.44556269276,1867,2579,1460,7656,0.000348119166446994,0.00335436072328459,0.0220798173198281,0.0612767809707915,0.168130309937072,0.0101576226756366,1,0,0
DEUTNP,2010,46,f,28.4993506895059,867.500649310494,1131,2501,3818,8346,0.000278239579634528,0.00171749452403115,0.0118471378460558,0.040133878263503,0.145002398301612,0.0105427094553831,1,0,0
DEUTNP,2010,46,b,66.0537879967433,2579.94621200325,2998,5080,5278,16002,0.000314084948061892,0.00254029264204798,0.0166534317715133,0.0486570698455402,0.150738242183277,0.0103548903802724,1,0,0
DEUTNP,2010,47,m,35.8158059504209,1690.18419404958,1912,2709,1604,7951,0.000332002538370744,0.00331075486377579,0.022612003596953,0.0643655679138713,0.184713025437715,0.010549014876435,1,0,0
DEUTNP,2010,47,f,25.9994076465668,876.000592353433,1158,2563,3979,8602,0.000253832598964833,0.00173432287527496,0.0121299607654577,0.0411288004755531,0.151116957266137,0.0108660899514984,1,0,0
DEUTNP,2010,47,b,61.8152135969877,2566.18478640301,3070,5272,5583,16553,0.000293930579015421,0.00252674272847468,0.0170533807666931,0.0504960772097811,0.159448959096104,0.010711442348747,1,0,0
DEUTNP,2010,48,m,28.8612805231547,1741.13871947685,2041,2681,1617,8109,0.000267536026065745,0.00341056525336742,0.0241376042580445,0.063700290726131,0.186210076142634,0.0107586418856762,1,0,0
DEUTNP,2010,48,f,26.4993962551546,905.500603744845,1182,2765,4077,8956,0.000258713995098772,0.00179272756703384,0.0123813589160371,0.044370321230942,0.154838862722805,0.0113132645437828,1,0,0
DEUTNP,2010,48,b,55.3606767783093,2646.6393232217,3223,5446,5694,17065,0.000263239335970312,0.00260596068540301,0.0179032723814501,0.0521626776336244,0.162619088857821,0.011042757426531,1,0,0
DEUTNP,2010,49,m,33.0339957795144,1800.96600422049,2119,2859,1680,8492,0.000306215933448745,0.0035277557197372,0.0250600604717278,0.0679295528481942,0.193465014174165,0.0112667883701027,1,0,0
DEUTNP,2010,49,f,33.4992367753841,907.500763224616,1201,2816,4331,9289,0.000327053540973919,0.0017966875213652,0.0125803824519125,0.0451887249860154,0.164485434008455,0.0117339118297453,1,0,0
DEUTNP,2010,49,b,66.5332325548985,2708.46676744511,3320,5675,6011,17781,0.000316364701028582,0.00266683784668127,0.0184420925555117,0.0543560770420159,0.171672522501644,0.0115060808556196,1,0,0
DEUTNP,2010,50,m,37.9021635786007,1735.0978364214,2167,2916,1705,8561,0.000351342492062244,0.00339873229277784,0.0256277258339944,0.0692838671232369,0.196343957837471,0.0113583343424928,1,0,0
DEUTNP,2010,50,f,31.4992823410328,938.500717658967,1182,2724,4246,9122,0.000307527956438163,0.00185806182930206,0.0123813589160371,0.0437123888003927,0.161257250704202,0.0115229565842326,1,0,0
DEUTNP,2010,50,b,69.4014459196335,2673.59855408037,3349,5640,5951,17683,0.000330003020238037,0.00263250555500802,0.0186031831230147,0.0540208413245762,0.169958938846662,0.0114426650790125,1,0,0
DEUTNP,2010,51,m,36.1635322217842,1826.83646777822,2104,2912,1717,8596,0.000335225863985994,0.00357843112147947,0.0248826650460195,0.0691888275249883,0.197725850795858,0.0114047707052994,1,0,0
DEUTNP,2010,51,f,34.4992139925598,948.50078600744,1209,2778,4464,9434,0.000336816333241797,0.00187786015757085,0.012664181835439,0.0445789339528234,0.169536591413932,0.0119170765638731,1,0,0
DEUTNP,2010,51,b,70.662746214344,2775.33725378566,3313,5690,6181,18030,0.000336000487598639,0.00273268053891678,0.0184032086254248,0.0544997494923472,0.176527676190761,0.0116672086961825,1,0,0
DEUTNP,2010,52,m,32.6862695081511,1735.31373049185,2089,2967,1709,8533,0.000302992607833495,0.00339915518890142,0.0247052696203111,0.0704956220009067,0.1968045888236,0.0113211852522475,1,0,0
DEUTNP,2010,52,f,34.9992026011476,926.000797398852,1181,2727,4480,9349,0.000341697729375736,0.00183331424598367,0.0123708839930963,0.04376053019775,0.170144249447674,0.0118097041335223,1,0,0
DEUTNP,2010,52,b,67.6854721092987,2661.3145278907,3270,5694,6189,17882,0.000321843585912769,0.0026204103333328,0.018164350197748,0.0545380621457689,0.176756154011425,0.0115714379315105,1,0,0
DEUTNP,2011,1,m,30.8132884399551,1832.18671156004,2029,2911,1683,8486,0.000288217839124915,0.00358085516818542,0.0248348977482387,0.0656271372597192,0.180299652682744,0.0112552067998822,1,0,0
DEUTNP,2011,1,f,32.7374417642269,963.262558235773,1214,2832,4559,9601,0.000322497080201325,0.00190370518467098,0.0131691487464938,0.0444202541717569,0.167916598060872,0.012144000279876,1,0,0
DEUTNP,2011,1,b,63.550730204182,2795.44926979581,3243,5743,6242,18087,0.000304913607516138,0.00274695093832121,0.0186502890164724,0.053121156478103,0.171084739209444,0.01171014379051,1,0,0
DEUTNP,2011,2,m,40.8455218855219,1707.15447811448,1953,2744,1722,8167,0.000382056205351631,0.00333649016078828,0.0239046600799952,0.0618622001513808,0.184477719500704,0.010832108641838,1,0,0
DEUTNP,2011,2,f,31.6813952557034,955.318604744297,1202,2780,4359,9328,0.000312093948581928,0.00188800547194032,0.0130389759417508,0.0436046280358348,0.160550219554144,0.0117986912416085,1,0,0
DEUTNP,2011,2,b,72.5269171412253,2662.47308285878,3155,5524,6081,17495,0.000347980957520135,0.00261628175915641,0.0181442065516406,0.0510954672444787,0.166671947954602,0.0113268626977924,1,0,0
DEUTNP,2011,3,m,46.57822671156,1769.42177328844,1918,2711,1582,8027,0.000435678128909755,0.00345818636365112,0.0234762611538304,0.0611182305431462,0.169479530923411,0.0106464229298438,1,0,0
DEUTNP,2011,3,f,33.7934882727503,949.20651172725,1176,2520,3946,8625,0.000332900211820723,0.00187592608292404,0.0127569348648078,0.0395264973562243,0.14533864793775,0.0109094888463629,1,0,0
DEUTNP,2011,3,b,80.3717149843103,2718.62828501569,3094,5231,5528,16652,0.000385619952428371,0.00267146272306201,0.0177933993885185,0.0483852985437849,0.151514969296669,0.0107810756012369,1,0,0
DEUTNP,2011,4,m,36.5459932659933,1765.45400673401,1983,2713,1611,8109,0.000341839762683038,0.00345043169690075,0.024271859159565,0.061163319610312,0.172586298557279,0.0107551817040118,1,0,0
DEUTNP,2011,4,f,34.8495347812738,937.150465218726,1166,2609,4053,8800,0.00034330334344012,0.00185209960067506,0.012648457527522,0.040922472858091,0.14927966043885,0.0111308407939703,1,0,0
DEUTNP,2011,4,b,71.3955280472671,2702.60447195274,3149,5322,5664,16909,0.000342552602424374,0.00265571690760245,0.0181097009290384,0.0492270232938297,0.15524254451815,0.0109474662107443,1,0,0
DEUTNP,2011,5,m,41.2038159371493,1832.79618406285,2036,2907,1679,8496,0.000385407575574014,0.00358204633104441,0.0249205775334717,0.0655369591253877,0.179871133009107,0.0112684700650246,1,0,0
DEUTNP,2011,5,f,32.7374417642269,960.262558235773,1203,2799,4190,9185,0.000322497080201325,0.00189777625542404,0.0130498236754794,0.0439026452778063,0.154325629715959,0.0116178150787065,1,0,0
DEUTNP,2011,5,b,73.9412577013762,2793.05874229862,3239,5706,5869,17681,0.000354766901301842,0.00274460188415577,0.0186272852680709,0.0527789167445683,0.160861315991706,0.0114472854735449,1,0,0
DEUTNP,2011,6,m,42.6369921436588,1779.36300785634,2028,2784,1623,8257,0.000398813056463545,0.00347761567233238,0.0248226577789197,0.0627639814946954,0.17387185757819,0.0109514780281201,1,0,0
DEUTNP,2011,6,f,33.2654650184886,971.734534981511,1210,2629,4245,9089,0.000327698646011024,0.00192044843490674,0.0131257578115795,0.041236175218061,0.156351383805309,0.0114963877245905,1,0,0
DEUTNP,2011,6,b,75.9024571621474,2751.09754283785,3238,5413,5868,17346,0.000364176650028901,0.0027033686707767,0.0186215343309706,0.0500687480438745,0.160833907350371,0.0112303949903348,1,0,0
DEUTNP,2011,7,m,40.8455218855219,1729.15447811448,1995,2740,1594,8099,0.000382056205351631,0.00337948731451886,0.024418738791393,0.0617720220170493,0.170765089944322,0.0107419184388694,1,0,0
DEUTNP,2011,7,f,32.7374417642269,969.262558235773,1198,2725,4270,9195,0.000322497080201325,0.00191556304316488,0.0129955850068365,0.0427419465459172,0.15727218111865,0.0116304637614269,1,0,0
DEUTNP,2011,7,b,73.5829636497488,2698.41703635025,3193,5465,5864,17294,0.000353047822205784,0.00265160211994321,0.0183627421614543,0.0505497336153287,0.160724272785033,0.0111967284078664,1,0,0
DEUTNP,2011,8,m,40.4872278338945,1739.51277216611,2063,2758,1673,8274,0.000378704835129248,0.00339973173096088,0.0252510567050845,0.0621778236215409,0.179228353498652,0.0109740255788622,1,0,0
DEUTNP,2011,8,f,33.2654650184886,936.734534981511,1148,2645,4200,8963,0.000327698646011024,0.00185127759369236,0.0124531983204076,0.0414871371060371,0.154693948641295,0.0113370143223132,1,0,0
DEUTNP,2011,8,b,73.7526928523831,2676.24730714762,3211,5403,5873,17237,0.000353862175452549,0.00262981701402356,0.0184662590292608,0.0499762508185949,0.160970950557043,0.0111598246540067,1,0,0
DEUTNP,2011,9,m,36.9042873176206,1803.09571268238,2019,2782,1552,8193,0.000345191132905421,0.00352399925223455,0.0247124980550488,0.0627188924275296,0.166265633371134,0.0108665931312084,1,0,0
DEUTNP,2011,9,f,37.4896510525824,935.510348947418,1229,2671,4200,9073,0.000369311172488614,0.00184885822289861,0.0133318647524224,0.0418949501739981,0.154693948641295,0.0114761498322378,1,0,0
DEUTNP,2011,9,b,74.393938370203,2738.6060616298,3248,5453,5752,17266,0.000356938843234552,0.00269109390464296,0.0186790437019742,0.0504387369449931,0.157654504955579,0.0111786002480757,1,0,0
DEUTNP,2011,10,m,35.4711111111111,1800.52888888889,1954,2875,1738,8403,0.00033178565201589,0.00351898261054146,0.0239169000493142,0.064815534050736,0.186191798195252,0.0111451216991998,1,0,0
DEUTNP,2011,10,f,29.0412789843948,904.958721015605,1250,2722,4413,9319,0.000286086119533434,0.00178847874276969,0.0135596671607226,0.0426948911919217,0.162539141750961,0.0117873074271601,1,0,0
DEUTNP,2011,10,b,64.5123900955059,2705.4876099045,3204,5597,6151,17722,0.000309527609365134,0.00265855002590922,0.0184260024695583,0.0517706969890201,0.168590552848012,0.0114738302789527,1,0,0
DEUTNP,2011,11,m,31.8881705948373,1781.11182940516,1973,2803,1669,8258,0.000298271949792063,0.00348103359728611,0.0241494594663751,0.0631923276327698,0.178799833825015,0.0109528043546343,1,0,0
DEUTNP,2011,11,f,31.1533720014417,884.846627998558,1198,2628,4345,9087,0.000306892382772229,0.00174873101726766,0.0129955850068365,0.0412204901000625,0.160034573058673,0.0114938579880464,1,0,0
DEUTNP,2011,11,b,63.041542596279,2665.95845740372,3171,5431,6014,17345,0.000302470547775843,0.00261970666583601,0.0182362215452464,0.0502352430493779,0.164835568985196,0.0112297475560566,1,0,0
DEUTNP,2011,12,m,40.8455218855219,1705.15447811448,1969,2729,1606,8050,0.000382056205351631,0.00333258132863095,0.0241004995890991,0.0615240321476378,0.172050648965233,0.0106769284396714,1,0,0
DEUTNP,2011,12,f,33.2654650184886,920.734534981511,1186,2676,4191,9007,0.000327698646011024,0.00181965663770864,0.0128654122020936,0.0419733757639906,0.154362461608492,0.011392668526283,1,0,0
DEUTNP,2011,12,b,74.1109869040105,2625.88901309599,3155,5405,5797,17057,0.000355581254548607,0.00258033238749429,0.0181442065516406,0.0499947502636508,0.158887893815627,0.0110432864839237,1,0,0
DEUTNP,2011,13,m,44.4284624017957,1750.5715375982,1933,2749,1679,8156,0.000415569907575458,0.00342134515993154,0.0236598606936153,0.0619749228192951,0.179871133009107,0.0108175190501813,1,0,0
DEUTNP,2011,13,f,26.4011627130862,925.598837286914,1243,2646,4413,9254,0.00026007829048494,0.0018292700057768,0.0134837330246225,0.0415028222240356,0.162539141750961,0.0117050909894774,1,0,0
DEUTNP,2011,13,b,70.8296251148819,2676.17037488511,3176,5395,6092,17410,0.000339837425052484,0.00262974141646114,0.0182649762307482,0.0499022530383712,0.166973443009281,0.0112718307841421,1,0,0
DEUTNP,2011,14,m,41.2038159371493,1677.79618406285,1801,2582,1619,7721,0.000385407575574014,0.00327911183885166,0.0220441847435081,0.0582099857109567,0.173443337904553,0.0102405670164848,1,0,0
DEUTNP,2011,14,f,33.7934882727503,894.20651172725,1094,2414,3778,8214,0.000332900211820723,0.00176722904673001,0.0118674206990644,0.0378638748483832,0.139150889992098,0.0103896279865536,1,0,0
DEUTNP,2011,14,b,74.9973042098996,2572.0026957901,2895,4996,5397,15935,0.00035983376598749,0.00252738094548979,0.0166489629055466,0.0462116137497131,0.14792443728186,0.0103168652237395,1,0,0
DEUTNP,2011,15,m,33.3213468013468,1685.67865319865,1927,2650,1532,7828,0.000311677430681594,0.00329451746327024,0.0235864208777014,0.0597430139945915,0.16412303500295,0.010382483953509,1,0,0
DEUTNP,2011,15,f,32.2094185099652,851.790581490035,1105,2449,3892,8330,0.000317295514391626,0.00168340203029005,0.0119867457700788,0.0384128539783307,0.143349725740933,0.0105363527061105,1,0,0
DEUTNP,2011,15,b,65.530765311312,2537.46923468868,3032,5099,5424,16158,0.000314413728845726,0.00249344660641916,0.0174368412882961,0.0471643351700935,0.148664470597889,0.0104612430677868,1,0,0
DEUTNP,2011,16,m,39.054051627385,1727.94594837262,1972,2768,1591,8098,0.000365299354239718,0.00337712534455982,0.0241372194970561,0.0624032689573695,0.170443700189094,0.0107405921123551,1,0,0
DEUTNP,2011,16,f,29.5693022386565,932.430697761343,1163,2542,4142,8809,0.000291287685343132,0.00184277187823611,0.0126159143263363,0.0398715699521914,0.152557698874344,0.0111422246084187,1,0,0
DEUTNP,2011,16,b,68.6233538660415,2660.37664613396,3135,5310,5733,16907,0.000329251832668546,0.0026142216935739,0.0180291878096333,0.0491160266234941,0.157133740770225,0.0109461713421879,1,0,0
DEUTNP,2011,17,m,42.2786980920314,1614.72130190797,1838,2599,1595,7689,0.000395461686241162,0.0031558372750084,0.0224970636083109,0.0585932427818654,0.170872219862731,0.010198124568029,1,0,0
DEUTNP,2011,17,f,25.3451162045627,801.654883795437,1083,2470,3979,8359,0.000249675158865542,0.00158431836216419,0.01174809562805,0.0387422414562993,0.14655410039136,0.0105730338859997,1,0,0
DEUTNP,2011,17,b,67.6238142965941,2416.37618570341,2921,5069,5574,16048,0.000324456085790483,0.00237445440429682,0.016798487270156,0.0468868434942546,0.152775766798052,0.0103900252971805,1,0,0
DEUTNP,2011,18,m,40.8455218855219,1761.15447811448,1821,2656,1529,7808,0.000382056205351631,0.00344202862903607,0.022288984129888,0.0598782811960887,0.163801645247722,0.0103559574232241,1,0,0
DEUTNP,2011,18,f,29.5693022386565,892.430697761343,1115,2503,3823,8363,0.000291287685343132,0.00176371948827681,0.0120952231073645,0.0392598503502498,0.140808325156112,0.0105780933590879,1,0,0
DEUTNP,2011,18,b,70.4148241241784,2653.58517587582,2936,5159,5352,16171,0.00033784722814884,0.00260754804873271,0.0168847513266614,0.0477193185217714,0.146691048421811,0.0104696597134039,1,0,0
DEUTNP,2011,19,m,34.7545230078563,1643.24547699214,1930,2675,1552,7835,0.000325082911571125,0.0032115853814235,0.0236231407856583,0.0603066273341631,0.166265633371134,0.0103917682391087,1,0,0
DEUTNP,2011,19,f,29.0412789843948,937.958721015605,1099,2497,3908,8471,0.000286086119533434,0.0018536969644861,0.0119216593677073,0.0391657396422588,0.143939036021472,0.0107146991324685,1,0,0
DEUTNP,2011,19,b,63.7958019922511,2581.20419800775,3029,5172,5460,16306,0.000306089451173017,0.00253642281057525,0.017419588476995,0.047839564914635,0.149651181685928,0.0105570633409662,1,0,0
DEUTNP,2011,20,m,39.4123456790123,1665.58765432099,1865,2524,1533,7627,0.0003686507244621,0.00325525129202733,0.0228275427799237,0.0569024027631505,0.164230164921359,0.0101158923241458,1,0,0
DEUTNP,2011,20,f,33.7934882727503,910.20651172725,1129,2440,3838,8351,0.000332900211820723,0.00179885000271373,0.0122470913795646,0.0382716879163442,0.141360803544117,0.0105629149398234,1,0,0
DEUTNP,2011,20,b,73.2058339517626,2575.79416604824,2994,4964,5371,15978,0.000351238370507196,0.00253110663741908,0.0172183056784824,0.0459156226288183,0.147211812607165,0.0103447048977038,1,0,0
DEUTNP,2011,21,m,33.6796408529742,1607.32035914703,1823,2454,1543,7461,0.000315028800903977,0.00314137275347915,0.022313464068526,0.05532428541235,0.165301464105451,0.00989572212278114,1,0,0
DEUTNP,2011,21,f,25.3451162045627,849.654883795437,1062,2345,3527,7809,0.000249675158865542,0.00167918123011534,0.0115202932197499,0.0367816017064865,0.129906084966154,0.0098773563363766,1,0,0
DEUTNP,2011,21,b,59.0247570575369,2456.97524294247,2885,4799,5070,15270,0.000283198187485073,0.00241434910729958,0.016591453534543,0.044389418411704,0.138961811565505,0.00988632142871051,1,0,0
DEUTNP,2011,22,m,36.9042873176206,1690.09571268238,1852,2456,1459,7494,0.000345191132905421,0.00330315023534565,0.0226684231787768,0.0553693744795157,0.156302550959075,0.00993949089775122,1,0,0
DEUTNP,2011,22,f,26.4011627130862,889.598837286914,1101,2444,3743,8204,0.00026007829048494,0.00175812285481344,0.0119433548351645,0.0383344283883382,0.137861773753421,0.0103769793038332,1,0,0
DEUTNP,2011,22,b,63.3054500307068,2579.69454996929,2953,4900,5202,15698,0.000303736764035249,0.00253493935346495,0.0169825172573675,0.0453236403870285,0.142579752221648,0.0101634232997968,1,0,0
DEUTNP,2011,23,m,39.4123456790123,1715.58765432099,1766,2517,1361,7399,0.0003686507244621,0.00335297209596048,0.0216157858173433,0.0567445910280705,0.14580381895497,0.00981348987889796,1,0,0
DEUTNP,2011,23,f,33.7934882727503,843.20651172725,1073,2289,3601,7840,0.000332900211820723,0.00166643724953192,0.0116396182907643,0.0359032350985704,0.132631645013644,0.0099165672528099,1,0,0
DEUTNP,2011,23,b,73.2058339517626,2558.79416604824,2839,4806,4962,15239,0.000351238370507196,0.00251440157091832,0.0163269104279263,0.0444541664693998,0.136001678301387,0.0098662509660851,1,0,0
DEUTNP,2011,24,m,39.7706397306397,1560.22936026936,1797,2464,1521,7382,0.000372002094684483,0.00304933734811234,0.0219952248662321,0.0555497307481787,0.162944605900448,0.0097909423281558,1,0,0
DEUTNP,2011,24,f,31.1533720014417,888.846627998558,1018,2270,3619,7827,0.000306892382772229,0.00175663625626359,0.0110429929356925,0.0356052178565989,0.133294619079249,0.00990012396527336,1,0,0
DEUTNP,2011,24,b,70.9240117320814,2449.07598826792,2815,4734,5140,15209,0.000340290287889135,0.00240658689702636,0.0161888879375177,0.0437881864473863,0.140880416458914,0.00984682793773793,1,0,0
DEUTNP,2011,25,m,39.4123456790123,1613.58765432099,1739,2369,1340,7101,0.0003686507244621,0.00315362165593686,0.0212853066457305,0.0534080000578065,0.143554090668376,0.00941824457765298,1,0,0
DEUTNP,2011,25,f,27.4572092216096,877.54279077839,1102,2306,3465,7778,0.000270481422104337,0.00173429637256446,0.011954202568893,0.036169882104545,0.127622507629068,0.00983814541994329,1,0,0
DEUTNP,2011,25,b,66.8695549006219,2491.13044509938,2841,4675,4805,14879,0.000320837182393308,0.00244791174985125,0.0163384123021271,0.0432424528182364,0.131698521611884,0.00963317462591904,1,0,0
DEUTNP,2011,26,m,38.6957575757576,1656.30424242424,1868,2363,1450,7376,0.000361947984017335,0.00323710764255148,0.0228642626878807,0.0532727328563093,0.155338381693392,0.00978298436907033,1,0,0
DEUTNP,2011,26,f,33.7934882727503,888.20651172725,1047,2363,3614,7946,0.000332900211820723,0.00175537118823612,0.0113575772138212,0.0370639338304596,0.133110459616581,0.0100506432896464,1,0,0
DEUTNP,2011,26,b,72.4892458485079,2544.51075415149,2915,4726,5064,15322,0.000347800212315079,0.00250036596235402,0.0167639816475538,0.0437141886671626,0.138797359717498,0.00991998801117894,1,0,0
DEUTNP,2011,27,m,38.6957575757576,1713.30424242424,1752,2566,1464,7534,0.000361947984017335,0.00334850935903527,0.0214444262468774,0.0578492731736309,0.156838200551121,0.00999254395832102,1,0,0
DEUTNP,2011,27,f,28.5132557301331,861.486744269867,1058,2312,3709,7969,0.000280884553723735,0.00170256465131955,0.0114769022848356,0.036263992812536,0.136609489407277,0.0100797352599033,1,0,0
DEUTNP,2011,27,b,67.2090133058907,2574.79098669411,2810,4878,5173,15503,0.000322465888886839,0.00253012086225302,0.0161601332520158,0.0451201464914133,0.14178490162295,0.0100371736155402,1,0,0
DEUTNP,2011,28,m,36.5459932659933,1607.45400673401,1762,2507,1462,7375,0.000341839762683038,0.00314163395647202,0.0215668259400674,0.0565191456922418,0.156623940714303,0.00978165804255608,1,0,0
DEUTNP,2011,28,f,31.1533720014417,823.846627998558,1073,2300,3625,7853,0.000306892382772229,0.00162817612257974,0.0116396182907643,0.036075771396554,0.133515610434451,0.00993301054034645,1,0,0
DEUTNP,2011,28,b,67.699365267435,2431.30063473257,2835,4807,5087,15228,0.000324818576024607,0.00238911992862149,0.0163039066795249,0.0444634161919278,0.13942775846819,0.00985912918902447,1,0,0
DEUTNP,2011,29,m,44.0701683501684,1554.92983164983,1723,2446,1358,7126,0.000412218537353076,0.003038979864169,0.0210894671366266,0.0551439291436871,0.145482429199742,0.0094514027405091,1,0,0
DEUTNP,2011,29,f,27.9852324758714,816.014767524129,1027,2286,3500,7657,0.000275682987914036,0.00161269794037146,0.0111406225392497,0.0358561797445749,0.128911623867746,0.0096850963590262,1,0,0
DEUTNP,2011,29,b,72.0554008260398,2370.94459917396,2750,4732,4858,14783,0.000345718642984897,0.00232981101169624,0.0158150770259942,0.0437696870023304,0.133151179602608,0.00957102093520809,1,0,0
DEUTNP,2011,30,m,36.1876992143659,1570.81230078563,1725,2399,1402,7133,0.000338488392460656,0.00307002081721688,0.0211139470752646,0.0540843360652924,0.150196145609749,0.00946068702610882,1,0,0
DEUTNP,2011,30,f,31.1533720014417,834.846627998558,1045,2298,3634,7843,0.000306892382772229,0.00164991552981855,0.0113358817463641,0.036044401160557,0.133847097467254,0.00992036185762603,1,0,0
DEUTNP,2011,30,b,67.3410712158076,2405.65892878419,2770,4697,5036,14976,0.000323099496928548,0.00236392308138262,0.0159300957680014,0.0434459467138516,0.138029917760134,0.00969597575090823,1,0,0
DEUTNP,2011,31,m,37.9791694725028,1631.0208305275,1863,2577,1490,7599,0.000355245243572569,0.00318769333581703,0.0228030628412857,0.0580972630430424,0.159623578429762,0.0100787551817469,1,0,0
DEUTNP,2011,31,f,23.7610464417776,905.238953558222,1133,2484,3775,8321,0.000234070461436446,0.00178903256907565,0.0122904823144789,0.0389618331082783,0.139040394314497,0.0105249688916621,1,0,0
DEUTNP,2011,31,b,61.7402159142804,2536.25978408572,2996,5061,5265,15920,0.000296226839609306,0.00249225813861022,0.0172298075526831,0.0468128457140309,0.144306496625716,0.0103071537095659,1,0,0
DEUTNP,2011,32,m,36.5459932659933,1558.45400673401,1735,2413,1480,7223,0.000341839762683038,0.00304586756861754,0.0212363467684545,0.0543999595354526,0.158552279245669,0.00958005641239086,1,0,0
DEUTNP,2011,32,f,32.7374417642269,881.262558235773,1024,2350,3593,7881,0.000322497080201325,0.00174164778525444,0.0111080793380639,0.036860027296479,0.132336989873375,0.00996842685196363,1,0,0
DEUTNP,2011,32,b,69.2834350302202,2439.71656496978,2759,4763,5073,15104,0.000332418873053079,0.00239738985063788,0.0158668354598974,0.0440564284006973,0.139044037489508,0.00977884733852283,1,0,0
DEUTNP,2011,33,m,41.2038159371493,1647.79618406285,1772,2368,1533,7362,0.000385407575574014,0.00322047935649178,0.0216892256332573,0.0533854555242236,0.164230164921359,0.0097644157978709,1,0,0
DEUTNP,2011,33,f,30.0973254929183,859.902674507082,1122,2300,3674,7986,0.000296489251152831,0.00169943403880429,0.0121711572434646,0.036075771396554,0.1353203731686,0.010101238020528,1,0,0
DEUTNP,2011,33,b,71.3011414300676,2507.69885856993,2894,4668,5207,15348,0.000342099739587723,0.00246419271742995,0.0166432119684462,0.0431777047605406,0.14271679542832,0.00993682130241316,1,0,0
DEUTNP,2011,34,m,49.4445791245791,1709.55542087542,1828,2568,1545,7700,0.000462489090688817,0.00334118260192421,0.022374663915121,0.0578943622407966,0.16551572394227,0.0102127141596857,1,0,0
DEUTNP,2011,34,f,31.6813952557034,885.318604744297,1045,2442,3783,8187,0.000312093948581928,0.00174966378951156,0.0113358817463641,0.0383030581523412,0.139335049454766,0.0103554765432085,1,0,0
DEUTNP,2011,34,b,81.1259743802825,2594.87402561972,2873,5010,5328,15887,0.000389238855825545,0.00254985547994654,0.0165224422893386,0.0463411098651046,0.146033241029785,0.010285788378384,1,0,0
DEUTNP,2011,35,m,41.2038159371493,1619.79618406285,1749,2498,1410,7318,0.000385407575574014,0.00316575570628922,0.0214077063389204,0.0563162448899961,0.151053184957023,0.00970605743124412,1,0,0
DEUTNP,2011,35,f,27.9852324758714,897.014767524129,1016,2314,3552,7807,0.000275682987914036,0.00177277903003902,0.0110212974682353,0.036295363048533,0.130826882279495,0.00987482659983251,1,0,0
DEUTNP,2011,35,b,69.1890484130207,2516.81095158698,2765,4812,4962,15125,0.000331966010216427,0.00247314672447765,0.0159013410824996,0.0445096648045676,0.136001678301387,0.00979244345836585,1,0,0
DEUTNP,2011,36,m,41.920404040404,1585.0795959596,1737,2470,1429,7263,0.000392110316018779,0.0030979050483039,0.0212608267070925,0.0556849979496758,0.153088653406798,0.00963310947296065,1,0,0
DEUTNP,2011,36,f,22.7049999332541,857.295000066746,1043,2365,3558,7846,0.000223667329817048,0.00169428046638569,0.0113141862789069,0.0370953040664566,0.131047873634697,0.00992415646244216,1,0,0
DEUTNP,2011,36,b,64.6254039736581,2442.37459602635,2780,4835,4987,15109,0.000310069844980304,0.00240000176743558,0.015987605139005,0.0447224084227108,0.136686894334748,0.00978208450991402,1,0,0
DEUTNP,2011,37,m,37.6208754208754,1593.37912457912,1699,2415,1444,7189,0.000351893873350187,0.00311412578048323,0.0207957078729707,0.0544450486026183,0.154695602182937,0.00953496131090653,1,0,0
DEUTNP,2011,37,f,23.2330231875159,896.766976812484,1011,2288,3479,7698,0.000228868895626747,0.00177228931883989,0.0109670587995924,0.0358875499805719,0.128138154124539,0.00973695595817993,1,0,0
DEUTNP,2011,37,b,60.8538986083913,2490.1461013916,2710,4703,4923,14887,0.000291974328170424,0.00244694448355137,0.0155850395419797,0.0435014450490194,0.134932741289345,0.00963835410014495,1,0,0
DEUTNP,2011,38,m,35.8294051627385,1586.17059483726,1750,2489,1456,7317,0.000335137022238273,0.00310003731405221,0.0214199463082394,0.0561133440877503,0.155981161203848,0.00970473110472988,1,0,0
DEUTNP,2011,38,f,29.5693022386565,888.430697761343,977,2325,3602,7822,0.000291287685343132,0.00175581424928089,0.0105982358528208,0.0364678993465165,0.132668476906177,0.00989379962391315,1,0,0
DEUTNP,2011,38,b,65.398707401395,2474.6012925986,2727,4814,5058,15139,0.000313780120804017,0.00243166936210262,0.0156828054726858,0.0445281642496235,0.138632907869492,0.00980150753826119,1,0,0
DEUTNP,2011,39,m,40.4872278338945,1652.51277216611,1814,2511,1551,7569,0.000378704835129248,0.00322969753211721,0.022203304344655,0.0566093238265733,0.166158503452725,0.0100389653863196,1,0,0
DEUTNP,2011,39,f,30.62534874718,862.37465125282,1086,2338,3653,7970,0.00030169081696253,0.00170431943054615,0.0117806388292358,0.036671805880497,0.134546903425393,0.0100810001281754,1,0,0
DEUTNP,2011,39,b,71.1125765810745,2514.88742341893,2900,4849,5204,15539,0.000341195013738429,0.00247125656765627,0.0166777175910484,0.0448519045381023,0.142634569504317,0.0100604812495568,1,0,0
DEUTNP,2011,40,m,31.1715824915825,1636.82841750842,1805,2485,1511,7469,0.000291569209347298,0.00319904377719077,0.0220931446207841,0.0560231659534188,0.161873306716356,0.0099063327348951,1,0,0
DEUTNP,2011,40,f,26.4011627130862,889.598837286914,1152,2334,3705,8107,0.00026007829048494,0.00175812285481344,0.0124965892553219,0.036609065408503,0.136462161837142,0.0102542870814451,1,0,0
DEUTNP,2011,40,b,57.5727452046687,2526.42725479533,2957,4819,5216,15576,0.00027623149849831,0.00248259619415924,0.017005521005769,0.0445744128622633,0.14296347320033,0.0100844363178517,1,0,0
DEUTNP,2011,41,m,36.9042873176206,1674.09571268238,1789,2597,1572,7669,0.000345191132905421,0.00327187957808704,0.0218973051116802,0.0585481537146997,0.168408231739319,0.0101715980377441,1,0,0
DEUTNP,2011,41,f,23.7610464417776,889.238953558222,1097,2420,3900,8330,0.000234070461436446,0.00175741161309193,0.0118999639002501,0.0379579855563742,0.143644380881203,0.0105363527061105,1,0,0
DEUTNP,2011,41,b,60.6653337593982,2563.3346662406,2886,5017,5472,15999,0.00029106960232113,0.0025188632978395,0.0165972044716433,0.0464058579228004,0.149980085381941,0.0103583010175468,1,0,0
DEUTNP,2011,42,m,33.6796408529742,1699.32035914703,1882,2789,1646,8050,0.000315028800903977,0.00332117903271613,0.0230356222583466,0.0628767041626097,0.176335845701602,0.0106769284396714,1,0,0
DEUTNP,2011,42,f,24.2890696960393,862.710930303961,1044,2505,3885,8321,0.000239272027246144,0.0017049840221133,0.0113250340126355,0.0392912205862468,0.143091902493198,0.0105249688916621,1,0,0
DEUTNP,2011,42,b,57.9687105490135,2562.03128945099,2926,5294,5531,16371,0.000278131322799425,0.00251758253337209,0.0168272419556578,0.0489680310630467,0.151597195220672,0.0105991465690517,1,0,0
DEUTNP,2011,43,m,39.4123456790123,1734.58765432099,1893,2788,1715,8170,0.0003686507244621,0.00339010600145507,0.0231702619208556,0.0628541596290268,0.18372781007184,0.0108360876213808,1,0,0
DEUTNP,2011,43,f,27.9852324758714,966.014767524129,1108,2653,4217,8972,0.000275682987914036,0.0019091444027188,0.0120192889712645,0.0416126180500251,0.155320090814367,0.0113483981367615,1,0,0
DEUTNP,2011,43,b,67.3975781548837,2700.60242184512,3001,5441,5932,17142,0.000323370614736133,0.00265374959112094,0.0172585622381849,0.0503277402746576,0.162588060395774,0.011098318397574,1,0,0
DEUTNP,2011,44,m,38.6957575757576,1730.30424242424,1859,2614,1638,7880,0.000361947984017335,0.00338173443237254,0.0227541029640098,0.0589314107856084,0.175478806354329,0.0104514529322498,1,0,0
DEUTNP,2011,44,f,36.433604544059,941.566395455941,1146,2542,4190,8856,0.000358908040869217,0.00186082684665369,0.0124315028529505,0.0398715699521914,0.154325629715959,0.0112016734172047,1,0,0
DEUTNP,2011,44,b,75.1293621198166,2671.87063788018,3005,5156,5828,16736,0.000360467374029199,0.00262551627571977,0.0172815659865863,0.0476915693541875,0.159737561696994,0.010835460080609,1,0,0
DEUTNP,2011,45,m,33.6796408529742,1671.32035914703,1802,2689,1639,7835,0.000315028800903977,0.00326645538251357,0.0220564247128271,0.0606222508043232,0.175585936272738,0.0103917682391087,1,0,0
DEUTNP,2011,45,f,26.9291859673479,852.070814032652,1092,2547,4025,8543,0.000265279856294638,0.00168395585659601,0.0118457252316072,0.0399499955421839,0.148248367447908,0.0108057696480555,1,0,0
DEUTNP,2011,45,b,60.6088268203221,2523.39117317968,2894,5236,5664,16378,0.000290798484513545,0.0024796127856127,0.0166432119684462,0.0484315471564247,0.15524254451815,0.0106036786089994,1,0,0
DEUTNP,2011,46,m,37.9791694725028,1642.0208305275,1844,2675,1726,7925,0.000355245243572569,0.00320919191268232,0.0225705034242249,0.0603066273341631,0.184906239174341,0.0105111376253908,1,0,0
DEUTNP,2011,46,f,29.0412789843948,947.958721015605,1190,2636,4186,8989,0.000286086119533434,0.00187346006197593,0.0129088031370079,0.0413459710440505,0.154178302145824,0.0113699008973863,1,0,0
DEUTNP,2011,46,b,67.0204484568976,2589.97955154311,3034,5311,5912,16914,0.000321561163037546,0.00254504592024442,0.0174483431624968,0.0491252763460221,0.162039887569086,0.0109507033821355,1,0,0
DEUTNP,2011,47,m,35.8294051627385,1701.17059483726,1812,2800,1710,8059,0.000335137022238273,0.00332479516309844,0.0221788244060171,0.0631246940320212,0.183192160479794,0.0106888653782996,1,0,0
DEUTNP,2011,47,f,33.7934882727503,949.20651172725,1073,2582,4219,8857,0.000332900211820723,0.00187592608292404,0.0116396182907643,0.0404989746721314,0.155393754599434,0.0112029382854767,1,0,0
DEUTNP,2011,47,b,69.6228934354888,2650.37710656451,2885,5382,5929,16916,0.000334047579546609,0.00260439563631009,0.016591453534543,0.0497820066455076,0.162505834471771,0.010951998250692,1,0,0
DEUTNP,2011,48,m,36.5459932659933,1678.45400673401,1933,2852,1817,8317,0.000341839762683038,0.00328039749805708,0.0236598606936153,0.0642970097783302,0.194655061749582,0.0110310576189748,1,0,0
DEUTNP,2011,48,f,34.3215115270121,975.678488472988,1171,2693,4348,9222,0.000338101777630422,0.00192824290864148,0.0127026961961649,0.0422400227699651,0.160145068736274,0.0116646152047721,1,0,0
DEUTNP,2011,48,b,70.8675047930054,2654.132495207,3104,5545,6165,17539,0.000340019170081551,0.00260808587260473,0.0178509087595221,0.0512897114175659,0.168974273826694,0.0113553498060349,1,0,0
DEUTNP,2011,49,m,36.9042873176206,1607.09571268238,1995,2883,1820,8342,0.000345191132905421,0.00314093370081663,0.024418738791393,0.064995890319399,0.194976451504809,0.0110642157818309,1,0,0
DEUTNP,2011,49,f,38.5456975611058,949.454302438894,1200,2711,4447,9346,0.000379714304108012,0.00187641579412317,0.0130172804742937,0.0425223548939382,0.163791426097105,0.0118214588705053,1,0,0
DEUTNP,2011,49,b,75.4499848787264,2556.55001512127,3195,5594,6267,17688,0.0003620057079202,0.00251219635383168,0.018374244035655,0.0517429478214362,0.171769955242804,0.0114518175134926,1,0,0
DEUTNP,2011,50,m,32.2464646464646,1652.75353535354,1984,2970,1812,8451,0.000301623320014446,0.00323016808356187,0.024284099128884,0.0669572647411082,0.194119412157536,0.0112087853718836,1,0,0
DEUTNP,2011,50,f,35.9055812897972,898.094418710203,1145,2762,4514,9355,0.000353706475059518,0.00177491275520356,0.0124206551192219,0.0433222959118618,0.166259162896859,0.0118328426849537,1,0,0
DEUTNP,2011,50,b,68.1520459362618,2550.84795406374,3129,5732,6326,17806,0.000326990517957317,0.00250659321799889,0.0179946821870312,0.0530194095302954,0.173387065081535,0.0115282147583248,1,0,0
DEUTNP,2011,51,m,38.3374635241302,1750.66253647587,1909,2903,1818,8419,0.000358596613794952,0.00342152300960118,0.0233661014299595,0.0654467809910563,0.194762191667991,0.0111663429234278,1,0,0
DEUTNP,2011,51,f,27.9852324758714,948.014767524129,1188,2639,4576,9379,0.000275682987914036,0.00187357082723712,0.0128871076695507,0.041393026398046,0.168542740233944,0.0118631995234827,1,0,0
DEUTNP,2011,51,b,66.3226960000016,2698.677304,3097,5542,6394,17798,0.000318213377447957,0.00265185787220185,0.0178106521998196,0.051261962249982,0.175250852692276,0.0115230352840989,1,0,0
DEUTNP,2011,52,m,38.6957575757576,1716.30424242424,1930,2846,1795,8326,0.000361947984017335,0.00335437260727126,0.0236231407856583,0.064161742576833,0.192298203544579,0.011042994557603,1,0,0
DEUTNP,2011,52,f,30.0973254929183,894.902674507082,1160,2717,4595,9397,0.000296489251152831,0.00176860488001867,0.0125833711251506,0.0426164656019292,0.169242546192084,0.0118859671523794,1,0,0
DEUTNP,2011,52,b,68.7930830686759,2611.20691693132,3090,5563,6390,17723,0.000330066185915311,0.00256590501144714,0.0177703956401171,0.0514562064230693,0.175141218126938,0.0114744777132309,1,0,0
DEUTNP,2012,1,m,35.9272360475612,1740.07276395244,1918,2830,1790,8314,0.000339701060216229,0.00339050550773176,0.0239275815471013,0.0606493595789686,0.178377635284982,0.0109997451292602,1,0,0
DEUTNP,2012,1,f,33.5012420896118,954.498757910388,1209,2627,4624,9448,0.000333681714278606,0.00188363259074795,0.0133992055355241,0.0400672186224914,0.166628982046823,0.0119492671929592,1,0,0
DEUTNP,2012,1,b,69.428478137173,2694.57152186283,3127,5457,6414,17762,0.000336769673371188,0.00264186045696365,0.0183522561468251,0.0486248861080356,0.169749160211511,0.0114852017585075,1,0,0
DEUTNP,2012,2,m,39.1286729230865,1763.87132707691,1814,2853,1740,8210,0.000369971451720646,0.00343687664865253,0.0226301527249436,0.0611422695684797,0.173395019774228,0.0108621490872295,1,0,0
DEUTNP,2012,2,f,23.708571324956,866.291428675044,1081,2616,4348,8935,0.000236143982412552,0.00170956196078268,0.0119805965127391,0.0398994457238057,0.156683134502506,0.0113004553735277,1,0,0
DEUTNP,2012,2,b,62.8372442480425,2630.16275575195,2895,5469,6088,17145,0.000304798244016652,0.00257871165171223,0.016990656074531,0.0487318127404887,0.16112143551102,0.0110862393958795,1,0,0
DEUTNP,2012,3,m,39.4843881314782,1682.51561186852,1969,2831,1737,8259,0.00037333482855447,0.00327835626593418,0.024563820681044,0.0606707904480778,0.173096062843583,0.0109269779916478,1,0,0
DEUTNP,2012,3,f,31.4396271917895,907.56037280821,1166,2695,4395,9195,0.000313147454938384,0.00179100316488144,0.0129226415669322,0.0411043601780032,0.158376811439401,0.0116292878746041,1,0,0
DEUTNP,2012,3,b,70.9240153232677,2590.07598467673,3135,5526,6132,17454,0.00034402392383424,0.00253940905592224,0.0183992078734559,0.0492397142446408,0.162285913691454,0.011286043885429,1,0,0
DEUTNP,2012,4,m,33.0815143804277,1672.91848561957,1865,2778,1727,8076,0.000312794045545637,0.0032596564103422,0.0232663918588863,0.0595349543852914,0.172099539741432,0.0106848618792284,1,0,0
DEUTNP,2012,4,f,28.8626085695117,922.137391430488,1102,2517,4273,8843,0.000287479630763107,0.00181976983128651,0.0122133370555397,0.0383894896356341,0.153980458539376,0.0111840992577623,1,0,0
DEUTNP,2012,4,b,61.9441229499394,2595.05587705006,2967,5295,6000,16919,0.000300466071168951,0.00254429153190564,0.0174132216142085,0.0471813765699191,0.158792479150151,0.0109401040734258,1,0,0
DEUTNP,2012,5,m,33.0815143804277,1714.91848561957,1926,2814,1852,8340,0.000312794045545637,0.00334149277619697,0.0240273837641904,0.0603064656732218,0.184556078518317,0.0110341441397679,1,0,0
DEUTNP,2012,5,f,27.316397396145,928.683602603855,1208,2664,4463,9291,0.00027207893625794,0.0018326882941026,0.0133881226525336,0.0406315456453434,0.160827237645972,0.0117507029519246,1,0,0
DEUTNP,2012,5,b,60.3979117765727,2643.60208822343,3134,5478,6315,17631,0.000292966021538182,0.00259188808467617,0.018393338907627,0.0488120077148285,0.167129084305534,0.011400495000802,1,0,0
DEUTNP,2012,6,m,37.350096881128,1814.64990311887,1995,2978,1922,8747,0.000353154567551525,0.00353581793738,0.0248881778865835,0.0638211282071267,0.191531740233372,0.0115726209580995,1,0,0
DEUTNP,2012,6,f,27.8318011206006,941.168198879399,1194,2788,4672,9623,0.000277212501092996,0.00185732572001024,0.0132329622906665,0.0425228037759825,0.168358694663226,0.0121705967609913,1,0,0
DEUTNP,2012,6,b,65.1818980017286,2755.81810199827,3189,5766,6594,18370,0.000316171218046665,0.00270190893475363,0.018716132028214,0.0513782468937023,0.174512934586016,0.0118783445728962,1,0,0
DEUTNP,2012,7,m,38.4172425063031,1804.5827574937,2058,3055,1985,8941,0.000363244698052997,0.00351620225613012,0.0256741203461598,0.0654713051285332,0.197809835776921,0.0118292904980413,1,0,0
DEUTNP,2012,7,f,32.9858383651562,939.014161634844,1166,2908,4927,9973,0.000328548149443551,0.0018530748870763,0.0129226415669322,0.0443530535798268,0.177547792937867,0.0126132558970557,1,0,0
DEUTNP,2012,7,b,71.4030808714593,2743.59691912854,3224,5963,6912,18914,0.000346347678473786,0.00268992682201366,0.0189215458322239,0.0531336257764736,0.182928935980974,0.0122301039331388,1,0,0
DEUTNP,2012,8,m,36.2829512559529,1688.71704874405,1911,3095,2006,8737,0.000343064437050053,0.00329043967205253,0.0238402546071484,0.0663285398929003,0.199902534291438,0.0115593905694427,1,0,0
DEUTNP,2012,8,f,30.4088197428784,929.591180257122,1181,2845,4906,9892,0.000302880325268273,0.00183447933136919,0.0130888848117899,0.0433921724328085,0.176791043668191,0.0125108119255665,1,0,0
DEUTNP,2012,8,b,66.6917709988313,2618.30822900117,3092,5940,6912,18629,0.00032349500577339,0.0025670890225837,0.0181468423428152,0.0529286830642718,0.182928935980974,0.0120458182388941,1,0,0
DEUTNP,2012,9,m,34.8600904223862,1743.13990957761,1937,2925,1896,8536,0.000329610929714757,0.00339648179467251,0.0241646118126878,0.0626852921443403,0.18894078016778,0.0112934597574411,1,0,0
DEUTNP,2012,9,f,28.8626085695117,852.137391430488,1189,2779,4764,9613,0.000287479630763107,0.00168163001679265,0.0131775478757139,0.0423855350406942,0.171673977177999,0.0121579493571038,1,0,0
DEUTNP,2012,9,b,63.7226989918979,2595.2773010081,3126,5704,6660,18149,0.000309093229487657,0.00254450862437998,0.0183463871809962,0.050825792626028,0.176259651856668,0.0117354423327977,1,0,0
DEUTNP,2012,10,m,30.5915079216858,1724.40849207831,1843,3023,1825,8446,0.000289250407708868,0.0033599839104951,0.0229919357618914,0.0647855173170396,0.18186546614251,0.0111743862595299,1,0,0
DEUTNP,2012,10,f,26.8009936716894,940.199006328311,1113,2728,4702,9510,0.000266945371422885,0.00185541309030715,0.0123352487684353,0.0416076788740603,0.169439765048478,0.012027681097062,1,0,0
DEUTNP,2012,10,b,57.3925015933752,2664.60749840662,2956,5751,6527,17956,0.000278387983348404,0.00261248258814176,0.0173486629900911,0.0512445886031359,0.172739751902173,0.0116106453538881,1,0,0
DEUTNP,2012,11,m,30.2357927132941,1702.76420728671,1970,2915,1808,8426,0.000285887030875044,0.00331781034837913,0.0245762959581802,0.0624709834532486,0.180171376868853,0.0111479254822163,1,0,0
DEUTNP,2012,11,f,28.3472048450561,898.652795154944,1187,2824,4593,9531,0.000282346065928051,0.00177342472024413,0.0131553821097329,0.0430718787171358,0.165511875982063,0.0120542406452259,1,0,0
DEUTNP,2012,11,b,58.5829975583502,2601.41700244165,3157,5739,6401,17957,0.000284162601315432,0.0025505282213004,0.0185283251216907,0.0511376619706828,0.169405109840019,0.0116112919703591,1,0,0
DEUTNP,2012,12,m,32.0143687552526,1711.98563124475,1925,2810,1729,8208,0.000302703915044165,0.0033357781537299,0.0240149084870542,0.0602207421967851,0.172298844361862,0.0108595030094981,1,0,0
DEUTNP,2012,12,f,27.316397396145,836.683602603855,1197,2639,4433,9133,0.00027207893625794,0.00165113310933925,0.013266210939638,0.0402502436028758,0.15974616726072,0.0115508739705013,1,0,0
DEUTNP,2012,12,b,59.3307661513976,2548.66923384861,3122,5449,6162,17341,0.000287789726546958,0.00249881230175312,0.0183229113176808,0.0485536016864002,0.163079876087205,0.0112129762242022,1,0,0
DEUTNP,2012,13,m,36.9943816727363,1670.00561832726,1928,2825,1747,8207,0.000349791190717701,0.00325398073240363,0.0240523343184626,0.0605422052334227,0.174092585945734,0.0108581799706325,1,0,0
DEUTNP,2012,13,f,22.6777638760449,888.322236123955,1114,2652,4227,8904,0.000225876852742441,0.00175303812727043,0.0123463316514258,0.0404485206649589,0.15232281728199,0.0112612484214763,1,0,0
DEUTNP,2012,13,b,59.6721455487812,2558.32785445121,3042,5477,5974,17111,0.000289445620947026,0.00250828198093284,0.0178533940513725,0.048803097162124,0.158104378407167,0.0110642544358643,1,0,0
DEUTNP,2012,14,m,34.8600904223862,1702.13990957761,1859,2909,1797,8302,0.000329610929714757,0.00331659391371904,0.0231915401960695,0.0623423982385935,0.179075201456488,0.010983868662872,1,0,0
DEUTNP,2012,14,f,27.316397396145,937.683602603855,1193,2680,4387,9225,0.00027207893625794,0.00185044912739467,0.013221879407676,0.0408755789525226,0.158088526003334,0.0116672300862668,1,0,0
DEUTNP,2012,14,b,62.1764878185312,2639.82351218147,3052,5589,6184,17527,0.000301593179856887,0.00258818342493792,0.0179120837096611,0.0498010790650194,0.163662115177422,0.0113332468878145,1,0,0
DEUTNP,2012,15,m,34.5043752139945,1600.49562478601,1807,2737,1792,7971,0.000326247552880933,0.00311854155949875,0.0225428257849906,0.0586562887518152,0.178576939905412,0.0105459427983321,1,0,0
DEUTNP,2012,15,f,22.6777638760449,867.322236123955,1117,2620,4314,8941,0.000225876852742441,0.00171159618292228,0.0123795803003973,0.0399604540506005,0.155457921399221,0.0113080438158603,1,0,0
DEUTNP,2012,15,b,57.1821390900394,2467.81786090997,2924,5357,6106,16912,0.000277367599300838,0.00241954253907481,0.0171608560835678,0.0477338308375933,0.16159781294847,0.0109355777581285,1,0,0
DEUTNP,2012,16,m,36.9943816727363,1729.00561832726,1875,2833,1709,8183,0.000349791190717701,0.00336894134158057,0.0233911446302476,0.0607136521862961,0.170305798157561,0.0108264270378562,1,0,0
DEUTNP,2012,16,f,29.3780122939673,868.621987706033,1076,2615,4337,8926,0.000292613195598162,0.00171416114638565,0.0119251820977865,0.039884193642107,0.156286742027914,0.011289072710029,1,0,0
DEUTNP,2012,16,b,66.3723939667036,2597.62760603329,2951,5448,6046,17109,0.000321945836013693,0.00254681295286318,0.0173193181609468,0.0485446911336958,0.160009888156969,0.0110629612029222,1,0,0
DEUTNP,2012,17,m,35.2158056307779,1690.78419436922,1900,2696,1723,8045,0.000332974306548581,0.00329446747409198,0.0237030265586509,0.057777623118339,0.171700930500572,0.0106438476743924,1,0,0
DEUTNP,2012,17,f,28.8626085695117,896.137391430488,1127,2671,4206,8929,0.000287479630763107,0.00176846075733165,0.0124904091303024,0.0407383102172343,0.151566068012314,0.0112928669311952,1,0,0
DEUTNP,2012,17,b,64.0784142002896,2586.92158579971,3027,5367,5929,16974,0.000310818661151398,0.0025363163632284,0.0177653595639397,0.0478229363646375,0.156913434813541,0.0109756679793326,1,0,0
DEUTNP,2012,18,m,33.0815143804277,1661.91848561957,1841,2720,1661,7917,0.000312794045545637,0.00323822307642785,0.0229669852076191,0.0582919639769592,0.165522487267237,0.0104744986995854,1,0,0
DEUTNP,2012,18,f,21.1315527026782,837.868447297322,1117,2542,4128,8646,0.000210476158237275,0.0016534713125701,0.0123795803003973,0.0387707916781017,0.148755285010659,0.0109349454011775,1,0,0
DEUTNP,2012,18,b,54.2130670831059,2499.78693291689,2958,5262,5789,16563,0.000262965823015104,0.00245088623379423,0.0173604009217488,0.0468873283306731,0.153208276966704,0.0107099086097376,1,0,0
DEUTNP,2012,19,m,32.725799172036,1636.27420082796,1810,2589,1615,7683,0.000309430668711813,0.00318825557470666,0.022580251616399,0.0554845201236571,0.160938480997344,0.0101649076050164,1,0,0
DEUTNP,2012,19,f,19.0699378048559,884.930062195144,1091,2414,3844,8253,0.000189941898897053,0.00174634392330962,0.0120914253426441,0.0368185252206678,0.138521152030275,0.0104379024283967,1,0,0
DEUTNP,2012,19,b,51.7957369768919,2521.2042630231,2901,5003,5459,15936,0.000251240325177004,0.0024718845992272,0.0170258698695042,0.0445794951802276,0.144474690613446,0.0103044800823993,1,0,0
DEUTNP,2012,20,m,34.5043752139945,1636.49562478601,1726,2626,1554,7577,0.000326247552880933,0.00318868701594569,0.0215323283369639,0.0562774622806967,0.154859690074225,0.0100246654852543,1,0,0
DEUTNP,2012,20,f,21.6469564271338,881.353043572866,1058,2378,3891,8230,0.00021560972307233,0.0017392849420393,0.0117256902039574,0.0362694502795145,0.140214828967169,0.0104088133994553,1,0,0
DEUTNP,2012,20,b,56.1513316411283,2517.84866835888,2784,5004,5445,15807,0.000272367566213659,0.00246859464652745,0.0163392008675283,0.044588405732932,0.144104174828762,0.0102210665576359,1,0,0
DEUTNP,2012,21,m,38.0615272979114,1747.93847270209,1828,2746,1674,8034,0.000359881321219173,0.0034058317224685,0.0228048066048494,0.0588491665737978,0.166817967300033,0.0106292942468699,1,0,0
DEUTNP,2012,21,f,20.6161489782226,868.383851021777,1110,2550,3950,8499,0.000205342593402219,0.00171369120128012,0.0123020001194638,0.0388928083316913,0.142340934058165,0.0107490285640305,1,0,0
DEUTNP,2012,21,b,58.677676276134,2616.32232372387,2938,5296,5624,16533,0.00028462184976389,0.00256514196547988,0.0172430216051717,0.0471902871226235,0.148841483790075,0.0106905101156066,1,0,0
DEUTNP,2012,22,m,37.350096881128,1601.64990311887,1703,2595,1539,7476,0.000353154567551525,0.00312079065340224,0.0212453969628329,0.0556131053383122,0.153364905420998,0.00989103855982068,1,0,0
DEUTNP,2012,22,f,28.3472048450561,868.652795154944,1077,2326,3731,8031,0.000282346065928051,0.0017142219426039,0.011936264980777,0.0354763420311819,0.134449120245826,0.010157130062093,1,0,0
DEUTNP,2012,22,b,65.6973017261841,2470.30269827381,2780,4921,5270,15507,0.000318671234590254,0.00242197876818221,0.0163157250042129,0.0438488298584649,0.139472727520216,0.0100270816163256,1,0,0
DEUTNP,2012,23,m,41.9743945902201,1651.02560540978,1746,2554,1517,7510,0.000396878466391238,0.00321699846380736,0.0217818338796866,0.054734439704836,0.151172554596267,0.00993602188125379,1,0,0
DEUTNP,2012,23,f,27.316397396145,884.683602603855,1059,2330,3749,8050,0.00027207893625794,0.00174585755356361,0.0117367730869479,0.0355373503579767,0.135097762476977,0.0101811601294794,1,0,0
DEUTNP,2012,23,b,69.2907919863651,2535.70920801363,2805,4884,5266,15560,0.000336101813131709,0.00248610579925474,0.0164624491499342,0.0435191394084013,0.139366865867449,0.0100613522892904,1,0,0
DEUTNP,2012,24,m,39.8401033398699,1658.15989666013,1714,2435,1535,7382,0.000376698205388294,0.00323089952259017,0.0213826250113304,0.052184166280844,0.152966296180138,0.0097666729064468,1,0,0
DEUTNP,2012,24,f,28.3472048450561,819.652795154944,1084,2428,3656,8016,0.000282346065928051,0.0016175240724582,0.0120138451617106,0.0370320543644496,0.131746444282696,0.0101381589562617,1,0,0
DEUTNP,2012,24,b,68.187308184926,2477.81269181507,2798,4863,5191,15398,0.000330749256236442,0.00242934185162896,0.0164213663891323,0.0433320178016084,0.137381959878072,0.00995660042098291,1,0,0
DEUTNP,2012,25,m,41.9743945902201,1726.02560540978,1696,2520,1596,7580,0.000396878466391238,0.00336313483140516,0.02115807002288,0.054005790155124,0.159045087103258,0.0100286346018514,1,0,0
DEUTNP,2012,25,f,20.6161489782226,849.383851021777,1042,2334,3724,7970,0.000205342593402219,0.00167619610877465,0.0115483640761093,0.0355983586847716,0.134196870489267,0.010079980898379,1,0,0
DEUTNP,2012,25,b,62.5905435684427,2575.40945643156,2738,4854,5320,15550,0.000303601598065042,0.0025250294335231,0.016069228439401,0.0432518228272686,0.1407959981798,0.0100548861245801,1,0,0
DEUTNP,2012,26,m,40.907248965045,1581.09275103495,1822,2544,1518,7506,0.000386788335889766,0.00308073535295291,0.0227299549420326,0.0545201310137442,0.151272206906482,0.00993072972579107,1,0,0
DEUTNP,2012,26,f,25.2547824983227,893.745217501677,1024,2373,3871,8187,0.000251544676917719,0.00176373997929218,0.0113488721822801,0.036193189871021,0.139494115377001,0.0103544295627389,1,0,0
DEUTNP,2012,26,b,66.1620314633677,2474.83796853663,2846,4917,5389,15693,0.000320925451966127,0.00242642531972918,0.0167030767489172,0.0438131876476472,0.142622111690027,0.010147352279938,1,0,0
DEUTNP,2012,27,m,35.5715208391695,1681.42847916083,1823,2553,1525,7618,0.000336337683382405,0.00327623800426753,0.0227424302191688,0.0547130088357268,0.151969773077987,0.0100789100787472,1,0,0
DEUTNP,2012,27,f,35.0474532629785,868.952546737022,1065,2443,3802,8214,0.000349082408783773,0.00171481348014594,0.0118032703848909,0.0372608355899301,0.137007653490922,0.0103885775532352,1,0,0
DEUTNP,2012,27,b,70.618974102148,2550.38102589785,2888,4996,5327,15832,0.000342544291338216,0.00250049060781728,0.0169495733137291,0.0445171213112966,0.140981256072142,0.0102372319694117,1,0,0
DEUTNP,2012,28,m,36.6386664643446,1617.36133353566,1623,2420,1438,7135,0.000346427813883877,0.00315140413834723,0.0202473747919423,0.0518627032442064,0.143300022089276,0.00943988230662394,1,0,0
DEUTNP,2012,28,f,26.8009936716894,801.199006328311,1011,2325,3583,7747,0.000266945371422885,0.00158110688724078,0.0112047947034035,0.0354610899494832,0.129115839678583,0.00979794379168657,1,0,0
DEUTNP,2012,28,b,63.439660136034,2418.56033986397,2634,4745,5021,14882,0.000307720321632003,0.00237124859103757,0.0154588559932003,0.0422805725824865,0.132882839635485,0.00962294632192932,1,0,0
DEUTNP,2012,29,m,28.4572166713356,1573.54278332866,1718,2419,1511,7250,0.000269070146705924,0.00306602435487187,0.0214325261198749,0.0518412723750972,0.150574640734976,0.00959203177617709,1,0,0
DEUTNP,2012,29,f,23.1931676005005,857.8068323995,998,2295,3602,7776,0.000231010417577497,0.00169281823856041,0.0110607172245269,0.0350035274985222,0.129800517589243,0.00983462126296047,1,0,0
DEUTNP,2012,29,b,51.6503842718361,2431.34961572816,2716,4714,5113,15026,0.000250535277560829,0.00238378768376703,0.0159401111911663,0.0420043454486494,0.13531765764912,0.00971605909375823,1,0,0
DEUTNP,2012,30,m,42.6858250070035,1698.314174993,1822,2685,1643,7891,0.000403605220058886,0.00330913952764452,0.0227299549420326,0.0575418835581381,0.163728745683366,0.0104400996890777,1,0,0
DEUTNP,2012,30,f,33.5012420896118,865.498757910388,1138,2424,3941,8402,0.000333681714278606,0.00170799768374862,0.012612320843198,0.0369710460376548,0.142016612942589,0.0106263487463212,1,0,0
DEUTNP,2012,30,b,76.1870670966153,2563.81293290339,2960,5109,5584,16293,0.000369552874982269,0.00251365976057186,0.0173721388534065,0.0455240137668964,0.147782867262407,0.0105353221625584,1,0,0
DEUTNP,2012,31,m,32.3700839636443,1620.62991603636,1732,2519,1573,7477,0.000306067291877989,0.00315777292199851,0.0216071799997807,0.0539843592860148,0.156753083968311,0.00989236159868636,1,0,0
DEUTNP,2012,31,f,32.9858383651562,842.014161634844,1021,2374,3690,7960,0.000328548149443551,0.00166165257270624,0.0113156235333086,0.0362084419527197,0.132971657385982,0.0100673334944914,1,0,0
DEUTNP,2012,31,b,65.3559223288005,2462.6440776712,2753,4893,5263,15437,0.000317015340190187,0.00241446996510879,0.0161572629268338,0.0435993343827411,0.139287469627874,0.00998181846335324,1,0,0
DEUTNP,2012,32,m,38.7729577146948,1561.22704228531,1576,2436,1442,7054,0.000366608074886821,0.00304202731940052,0.0196610367665441,0.0522055971499532,0.143698631330136,0.00933271615850389,1,0,0
DEUTNP,2012,32,f,22.6777638760449,808.322236123955,959,2302,3493,7585,0.000225876852742441,0.00159516405356317,0.0106284847878971,0.0351102920704131,0.125872628522827,0.00959305584870822,1,0,0
DEUTNP,2012,32,b,61.4507215907397,2369.54927840926,2535,4738,4935,14639,0.000298072779265731,0.00232319628136219,0.0148778283761438,0.0422181987135555,0.130606814100999,0.00946581851946804,1,0,0
DEUTNP,2012,33,m,37.7058120895197,1596.29418791048,1791,2554,1630,7609,0.000356517944385349,0.003110355123183,0.0223432213508125,0.054734439704836,0.16243326565057,0.0100670027289561,1,0,0
DEUTNP,2012,33,f,25.7701862227783,879.229813777222,998,2346,3739,7988,0.000256678241752774,0.00173509490532361,0.0110607172245269,0.035781383665156,0.134737405681893,0.0101027462253766,1,0,0
DEUTNP,2012,33,b,63.475998312298,2475.5240016877,2789,4900,5369,15597,0.000307896583536047,0.00242709793273622,0.0163685456966726,0.0436617082516721,0.142092803426193,0.0100852770987187,1,0,0
DEUTNP,2012,34,m,36.9943816727363,1683.00561832726,1797,2794,1646,7957,0.000349791190717701,0.00327931103612058,0.0224180730136293,0.0598778482910383,0.164027702614011,0.0105274202542126,1,0,0
DEUTNP,2012,34,f,25.2547824983227,860.745217501677,1018,2564,4030,8498,0.000251544676917719,0.00169861692388793,0.0112823748843371,0.0391063374754731,0.145223788418836,0.0107477638236417,1,0,0
DEUTNP,2012,34,b,62.249164171059,2543.75083582894,2815,5358,5676,16455,0.000301945703664974,0.00249399011717411,0.0165211388082228,0.0477427413902977,0.150217685276043,0.0106400740308659,1,0,0
DEUTNP,2012,35,m,31.6586535468609,1525.34134645314,1680,2384,1444,7065,0.00029934053821034,0.00297210458289875,0.0209584655887019,0.051091191956276,0.143897935950566,0.00934726958602636,1,0,0
DEUTNP,2012,35,f,26.8009936716894,868.199006328311,1025,2177,3526,7623,0.000266945371422885,0.00171332642397061,0.0113599550652706,0.0332037818580753,0.127061805946605,0.00964111598348092,1,0,0
DEUTNP,2012,35,b,58.4596472185503,2393.54035278145,2705,4561,4970,14688,0.000283564278339627,0.00234671804361259,0.0158755525670489,0.0406410308848727,0.131533103562708,0.00949750272654871,1,0,0
DEUTNP,2012,36,m,36.2829512559529,1543.71704874405,1679,2440,1529,7228,0.000343064437050053,0.00300790936136344,0.0209459903115657,0.0522913206263899,0.152368382318848,0.00956292492113214,1,0,0
DEUTNP,2012,36,f,34.5320495385229,820.467950461477,961,2277,3662,7755,0.000343948843948717,0.00161913272107004,0.0106506505538781,0.0347289900279455,0.131962658359746,0.00980806171479661,1,0,0
DEUTNP,2012,36,b,70.8150007944758,2364.18499920553,2640,4717,5191,14983,0.000343495138122108,0.00231793693790314,0.0154940697881734,0.0420310771067627,0.137381959878072,0.00968825458550377,1,0,0
DEUTNP,2012,37,m,31.6586535468609,1609.34134645314,1760,2606,1561,7568,0.00029934053821034,0.00313577731460829,0.0219564877595924,0.0558488448985131,0.15555725624573,0.0100127581354632,1,0,0
DEUTNP,2012,37,f,25.2547824983227,887.745217501677,1016,2336,3661,7926,0.000251544676917719,0.00175189942376413,0.011260209118356,0.035628862848169,0.131926622680238,0.0100243323212737,1,0,0
DEUTNP,2012,37,b,56.9134360451836,2497.08656395482,2776,4942,5222,15494,0.000276064228708858,0.00244823868930627,0.0162922491408975,0.0440359514652578,0.138202387687015,0.0100186756022022,1,0,0
DEUTNP,2012,38,m,38.0615272979114,1682.93847270209,1688,2517,1558,7484,0.000359881321219173,0.00327918020388374,0.0210582678057909,0.0539414975477965,0.155258299315085,0.00990162287074612,1,0,0
DEUTNP,2012,38,f,28.8626085695117,914.137391430488,1029,2375,3722,8069,0.000287479630763107,0.00180398242391578,0.0114042865972327,0.0362236940344184,0.13412479913025,0.0102051901968657,1,0,0
DEUTNP,2012,38,b,66.9241358674231,2597.07586413258,2717,4892,5280,15553,0.000324622114461327,0.00254627200410821,0.0159459801569951,0.0435904238300367,0.139737381652133,0.0100568259739932,1,0,0
DEUTNP,2012,39,m,33.7929447972111,1556.20705520279,1805,2689,1563,7647,0.000319520799213285,0.00303224595036549,0.0225178752307184,0.0576276070345748,0.15575656086616,0.0101172782058519,1,0,0
DEUTNP,2012,39,f,29.8934160184228,886.106583981577,1127,2465,3819,8327,0.000297746760433218,0.00174866570189999,0.0124904091303024,0.0375963813873016,0.137620260042565,0.0105314932171646,1,0,0
DEUTNP,2012,39,b,63.6863608156339,2442.31363918437,2932,5154,5382,15974,0.000308916967583613,0.0023945372295791,0.0172078078101986,0.0459249886385955,0.142436853797685,0.0103290515082985,1,0,0
DEUTNP,2012,40,m,34.1486600056028,1609.8513399944,1722,2540,1706,7612,0.000322884176047109,0.0031367710293232,0.0214824272284194,0.0544344075373075,0.170006841226916,0.0100709718455531,1,0,0
DEUTNP,2012,40,f,23.708571324956,820.291428675044,1032,2475,3855,8206,0.000236143982412552,0.00161878436840101,0.0114375352462042,0.0377489022042886,0.138917544504867,0.0103784596301252,1,0,0
DEUTNP,2012,40,b,57.8572313305588,2430.14276866944,2754,5015,5561,15818,0.000280642200724277,0.00238260444498634,0.0161631318926627,0.0446864218126807,0.147174162758998,0.0102281793388172,1,0,0
DEUTNP,2012,41,m,36.9943816727363,1650.00561832726,1815,2678,1707,7887,0.000349791190717701,0.00321501103437755,0.0226426280020797,0.0573918674743738,0.170106493537131,0.010434807533615,1,0,0
DEUTNP,2012,41,f,22.1623601515893,857.837639848411,1064,2479,3944,8367,0.000220743287907386,0.00169287903477866,0.0117921875019004,0.0378099105310834,0.142124719981114,0.0105820828327148,1,0,0
DEUTNP,2012,41,b,59.1567418243256,2507.84325817567,2879,5157,5651,16254,0.000286945604403436,0.00245878496164648,0.0168967526212694,0.0459517202967087,0.14955604994625,0.0105101041201881,1,0,0
DEUTNP,2012,42,m,39.8401033398699,1724.15989666013,1793,2782,1798,8137,0.000376698205388294,0.00335949952607624,0.0223681719050848,0.0596206778617282,0.179174853766703,0.0107655672500349,1,0,0
DEUTNP,2012,42,f,24.2239750494116,921.776024950588,1118,2521,4053,8638,0.000241277547247608,0.00181905670130797,0.0123906631833879,0.0384504979624289,0.146052609047529,0.0109248274780675,1,0,0
DEUTNP,2012,42,b,64.0640783892815,2645.93592161072,2911,5303,5851,16775,0.000310749123887724,0.00259417626373878,0.0170845595277927,0.0472526609915545,0.154849132584589,0.0108469913015969,1,0,0
DEUTNP,2012,43,m,27.7457862545522,1638.25421374545,1772,2740,1698,7876,0.000262343393038276,0.00319211359998077,0.022106191085226,0.0587205813591428,0.169209622745195,0.0104202541060925,1,0,0
DEUTNP,2012,43,f,26.8009936716894,878.199006328311,1105,2439,4031,8480,0.000266945371422885,0.00173306068318402,0.0122465857045113,0.0371998272631353,0.145259824098345,0.0107249984966441,1,0,0
DEUTNP,2012,43,b,54.5467799262416,2516.45322007376,2877,5179,5729,16356,0.000264584530038475,0.00246722649592752,0.0168850146896117,0.046147752456206,0.151620352175202,0.0105760590002336,1,0,0
DEUTNP,2012,44,m,33.0815143804277,1658.91848561957,1887,2802,1731,8112,0.000312794045545637,0.00323237762172394,0.0235408479558812,0.0600492952439117,0.172498148982293,0.0107324912783929,1,0,0
DEUTNP,2012,44,f,33.5012420896118,908.498757910388,1151,2599,4216,8908,0.000333681714278606,0.00179285499836628,0.0127563983220746,0.0396401603349277,0.151926424807398,0.0112663073830314,1,0,0
DEUTNP,2012,44,b,66.5827564700395,2567.41724352996,3038,5401,5947,17020,0.000322966220061259,0.00251719356386551,0.0178299181880571,0.0481258951565879,0.157389812250991,0.0110054123370002,1,0,0
DEUTNP,2012,45,m,23.4772037538519,1680.52279624615,1805,2778,1781,8068,0.000221982871032387,0.00327447329478291,0.0225178752307184,0.0595349543852914,0.177480764493046,0.010674277568303,1,0,0
DEUTNP,2012,45,f,24.7393787738672,923.260621226133,1079,2583,4166,8776,0.000246411112082663,0.00182198644208086,0.011958430746758,0.0393961270277485,0.150124640831978,0.0110993616517157,1,0,0
DEUTNP,2012,45,b,48.2165825277191,2603.78341747228,2884,5361,5947,16844,0.000233879283899223,0.00255284834464597,0.0169260974504137,0.047769473048411,0.157389812250991,0.0108916078380982,1,0,0
DEUTNP,2012,46,m,38.7729577146948,1734.22704228531,1844,2856,1721,8194,0.000366608074886821,0.00337911520732612,0.0230044110390275,0.0612065621758072,0.171501625880142,0.0108409804653786,1,0,0
DEUTNP,2012,46,f,25.7701862227783,898.229813777222,1087,2532,4037,8580,0.000256678241752774,0.00177258999782909,0.0120470938106821,0.0386182708611146,0.145476038175395,0.0108514725355197,1,0,0
DEUTNP,2012,46,b,64.5431439374731,2632.45685606253,2931,5388,5758,16774,0.00031307287852727,0.00258096087495446,0.0172019388443698,0.0480100579714304,0.152387849157761,0.0108463446851258,1,0,0
DEUTNP,2012,47,m,24.9000645874187,1671.09993541258,1741,2842,1765,8044,0.000235436378367684,0.00325611299272161,0.0217194574940059,0.0609065300082787,0.175886327529605,0.0106425246355267,1,0,0
DEUTNP,2012,47,f,25.7701862227783,920.229813777222,1114,2602,4213,8875,0.000256678241752774,0.00181600536809858,0.0123463316514258,0.0396859165800238,0.151818317768873,0.0112245709502024,1,0,0
DEUTNP,2012,47,b,50.670250810197,2591.3297491898,2855,5444,5978,16919,0.000245781043641367,0.00254063829436054,0.0167558974413769,0.0485090489228781,0.158210240059934,0.0109401040734258,1,0,0
DEUTNP,2012,48,m,30.9472231300775,1685.05277686992,1877,2893,1792,8278,0.000292613784542692,0.00328329989363153,0.0234160951845199,0.0619995043328467,0.178576939905412,0.0109521157300957,1,0,0
DEUTNP,2012,48,f,27.316397396145,928.683602603855,1133,2551,4156,8796,0.00027207893625794,0.0018326882941026,0.0125569064282455,0.03890806041339,0.149764284036894,0.0111246564594908,1,0,0
DEUTNP,2012,48,b,58.2636205262225,2613.73637947377,3010,5444,5948,17074,0.000282613431555735,0.00256260660733377,0.0176655871448492,0.0485090489228781,0.157416277664183,0.011040329626436,1,0,0
DEUTNP,2012,49,m,32.725799172036,1658.27420082796,1951,2930,1882,8454,0.000309430668711813,0.00323112224253535,0.0243392656925937,0.0627924464898862,0.187545647824769,0.0111849705704553,1,0,0
DEUTNP,2012,49,f,32.4704346407007,941.529565359299,1112,2612,4251,8949,0.000323414584608495,0.00185803884998878,0.0123241658854448,0.0398384373970108,0.153187673590192,0.0113181617389703,1,0,0
DEUTNP,2012,49,b,65.1962338127367,2599.80376618726,3063,5542,6133,17403,0.000316240755310339,0.00254894654308788,0.0179766423337784,0.0493822830879115,0.162312379104646,0.0112530664454063,1,0,0
DEUTNP,2012,50,m,33.7929447972111,1740.20705520279,1977,3006,1891,8648,0.000319520799213285,0.00339076717220544,0.0246636228981331,0.0644211925421836,0.188442518616704,0.0114416401103972,1,0,0
DEUTNP,2012,50,f,35.562856987434,914.437143012566,1175,2741,4590,9456,0.000354215973618828,0.00180457396145782,0.0130223875138468,0.0418059559361435,0.165403768943538,0.0119593851160692,1,0,0
DEUTNP,2012,50,b,69.3558017846451,2654.64419821536,3152,5747,6481,18104,0.0003364171495631,0.00260271418949931,0.0184989802925464,0.0512089463923182,0.171522342895355,0.0117063445916012,1,0,0
DEUTNP,2012,51,m,29.8800775049024,1771.1199224951,1859,2989,1982,8631,0.00028252365404122,0.00345100042738052,0.0231915401960695,0.0640568677673276,0.197510878846276,0.0114191484496806,1,0,0
DEUTNP,2012,51,f,25.7701862227783,934.229813777222,1143,2744,4508,9355,0.000256678241752774,0.00184363333099736,0.0126677352581506,0.0418517121812396,0.16244884322385,0.0118316463368049,1,0,0
DEUTNP,2012,51,b,55.6502637276807,2705.34973627232,3002,5733,6490,17986,0.000269937086933742,0.00265242782851571,0.0176186354182184,0.0510841986544563,0.17176053161408,0.0116300438480191,1,0,0
DEUTNP,2012,52,m,29.8800775049024,1697.1199224951,1879,2876,1918,8400,0.00028252365404122,0.00330681254468402,0.0234410457387921,0.0616351795579907,0.191133130992511,0.0111135264717086,1,0,0
DEUTNP,2012,52,f,23.1931676005005,913.8068323995,1114,2814,4570,9435,0.000231010417577497,0.0018033300901555,0.0123463316514258,0.0429193579001487,0.16468305535337,0.0119328255679054,1,0,0
DEUTNP,2012,52,b,53.0732451054029,2610.9267548946,2993,5690,6488,17835,0.000257437004215794,0.00255985194448129,0.0175658147257587,0.0507010448881661,0.171707600787697,0.011532404760893,1,0,0
DEUTNP,2013,1,m,35.1289214127919,1821.87107858721,1885,2984,1922,8648,0.000334065310434148,0.00353514202593341,0.0239813134222999,0.0608767476907747,0.177685893514532,0.0113946493311243,1,0,0
DEUTNP,2013,1,f,26.1220523955696,955.87794760443,1099,2835,4679,9595,0.000261744600846957,0.00188238457243321,0.0124553966873034,0.0418894644838964,0.165912516899523,0.0121192452106317,1,0,0
DEUTNP,2013,1,b,61.2509738083615,2777.74902619164,2984,5819,6601,18243,0.000298849928618115,0.00271486804824555,0.0178856443831667,0.0498649522873224,0.169176376399704,0.0117646020730034,1,0,0
DEUTNP,2013,2,m,35.5026333427152,1795.49736665728,1912,2954,1906,8603,0.000337619196715362,0.0034839667158255,0.0243248123413461,0.0602647160450899,0.176206718542506,0.0113353570994059,1,0,0
DEUTNP,2013,2,f,31.7562205593199,912.24377944068,1164,2691,4531,9330,0.000318199318676693,0.00179645698597906,0.0131920671010201,0.0397617456529683,0.160664589457521,0.0117845292147154,1,0,0
DEUTNP,2013,2,b,67.2588539020351,2707.74114609796,3076,5645,6437,17933,0.000328163006035595,0.00264644496358253,0.0184370784593233,0.0483738882388615,0.164973236613376,0.0115646883174462,1,0,0
DEUTNP,2013,3,m,31.765514043482,1735.23448595652,1920,3030,2026,8743,0.000302080333903219,0.00336703317169444,0.0244265897988413,0.0618151962141579,0.187300530832696,0.0115198218203076,1,0,0
DEUTNP,2013,3,f,27.1464466071605,974.853553392839,1088,2819,4599,9508,0.000272009094997818,0.00191975271935845,0.0123307293865205,0.04165305128046,0.163075799363306,0.0120093573176328,1,0,0
DEUTNP,2013,3,b,58.9119606506425,2710.08803934936,3008,5849,6625,18251,0.000287437637975876,0.00264873872930463,0.0180294967508598,0.0501220322956777,0.169791470026972,0.011769761137663,1,0,0
DEUTNP,2013,4,m,35.5026333427152,1727.49736665728,2072,3136,2037,9008,0.000337619196715362,0.00335202013596658,0.0263603614912495,0.0639777080289106,0.188317463625963,0.0118689871848714,1,0,0
DEUTNP,2013,4,f,28.1708408187515,985.829159181249,1210,2795,4834,9853,0.000282273589148679,0.00194136668279487,0.013713403086112,0.0412984314753053,0.171408657125945,0.012445119651939,1,0,0
DEUTNP,2013,4,b,63.6734741614667,2713.32652583853,3282,5931,6871,18861,0.000310669562047421,0.00265190390492389,0.0196718112820219,0.0508247176518489,0.176096179706464,0.012163139817953,1,0,0
DEUTNP,2013,5,m,39.6134645718717,1891.38653542813,2069,3281,2175,9456,0.00037671194580872,0.00367002918442591,0.0263221949446888,0.0669358609830535,0.201075347759681,0.0124592742917566,1,0,0
DEUTNP,2013,5,f,24.5854610781831,1011.41453892182,1281,3094,5113,10524,0.000246347859620665,0.00199175127867784,0.0145180738457103,0.045716403214524,0.181301709533503,0.0132926458151838,1,0,0
DEUTNP,2013,5,b,64.1989256500548,2902.80107434995,3350,6375,7288,19980,0.000313233294998804,0.00283708924487329,0.0200793929904854,0.0546295017755078,0.186783431480237,0.0128847639872065,1,0,0
DEUTNP,2013,6,m,39.6134645718717,1932.38653542813,2054,3344,2164,9534,0.00037671194580872,0.00374958521051732,0.0261313622118854,0.0682211274389914,0.200058414966413,0.0125620474934018,1,0,0
DEUTNP,2013,6,f,32.7806147709108,992.219385229089,1258,3025,5184,10492,0.000328463812827554,0.00195395078200646,0.0142574058531644,0.0446968712747043,0.183819296346896,0.0132522272798278,1,0,0
DEUTNP,2013,6,b,72.3940793427825,2924.60592065722,3312,6369,7348,20026,0.000353218309828917,0.00285840048644995,0.0198516267416381,0.0545780857738368,0.188321165548406,0.0129144286089989,1,0,0
DEUTNP,2013,7,m,35.5026333427152,1884.49736665728,2079,3295,2153,9447,0.000337619196715362,0.00365666150417027,0.0264494167665578,0.0672214757510397,0.199041482173146,0.012447415845413,1,0,0
DEUTNP,2013,7,f,35.8537974056837,1059.14620259432,1361,3109,5361,10926,0.000359257295280137,0.00208574795214317,0.0154247451241309,0.0459380405927457,0.190095533895778,0.0138004036655927,1,0,0
DEUTNP,2013,7,b,71.3564307483989,2943.6435692516,3440,6404,7514,20373,0.000348155513450651,0.00287700717243751,0.0206188393693343,0.0548780124502513,0.192575563137006,0.0131382030386065,1,0,0
DEUTNP,2013,8,m,41.108312291565,1954.89168770844,2085,3318,2281,9680,0.000390927490933577,0.00379325400276131,0.0265257498596792,0.0676907000127314,0.210874881949348,0.0127544178451993,1,0,0
DEUTNP,2013,8,f,29.7074321361379,1077.29256786386,1304,3113,5572,11096,0.000297670330374971,0.00212148309815709,0.0147787418382562,0.0459971438936048,0.197577376397551,0.0140151271346711,1,0,0
DEUTNP,2013,8,b,70.8157444277029,3032.1842555723,3389,6431,7853,20776,0.000345517448154737,0.00296354352903247,0.0203131530879866,0.0551093844577711,0.20126376062216,0.0133980909208309,1,0,0
DEUTNP,2013,9,m,43.7242958010282,1931.27570419897,2192,3327,2377,9871,0.000415804694902077,0.00374742976373074,0.0278870233536771,0.0678743095064368,0.219749931781499,0.0130060804287151,1,0,0
DEUTNP,2013,9,f,32.2684176651154,1090.73158233488,1236,3142,5878,11379,0.000323331565752123,0.00214794818564275,0.0140080712515987,0.0464256428248333,0.208427820973583,0.0143725785567252,1,0,0
DEUTNP,2013,9,b,75.9927134661436,3022.00728653385,3428,6469,8255,21250,0.000370776423341593,0.00295359693997422,0.0205469131854878,0.0554350191350212,0.211566578878891,0.0137037655019088,1,0,0
DEUTNP,2013,10,m,44.4717196608749,1916.52828033913,2118,3390,2352,9821,0.000422912467464506,0.0037188139969655,0.0269455818718468,0.0691595759623747,0.21743872088771,0.0129402001712502,1,0,0
DEUTNP,2013,10,f,30.7318263477289,1039.26817365227,1310,3205,5766,11351,0.000307934824525832,0.00204660268772457,0.0148467421841378,0.0473565198133644,0.204456416422879,0.0143372123382888,1,0,0
DEUTNP,2013,10,b,75.2035460086038,2955.7964539914,3428,6595,8118,21172,0.000366925992504503,0.00288888494762994,0.0205469131854878,0.0565147551701136,0.208055419423239,0.0136534646214783,1,0,0
DEUTNP,2013,11,m,31.0180901836354,1827.98190981636,2077,3273,2236,9445,0.00029497256134079,0.00354699942712139,0.026423972402184,0.0667726525442043,0.206714702340527,0.0124447806351144,1,0,0
DEUTNP,2013,11,f,26.6342495013651,1004.36575049863,1224,3084,5413,10752,0.000266876847922388,0.00197787029040377,0.0138720705598356,0.0455686449623762,0.191939400294319,0.0135806278795948,1,0,0
DEUTNP,2013,11,b,57.6523396850005,2832.34766031499,3301,6357,7649,20197,0.000281291815105439,0.00276823071199295,0.0197856944064455,0.0544752537704946,0.196035464790386,0.0130247036160966,1,0,0
DEUTNP,2013,12,m,32.1392259734054,1830.86077402659,2002,3135,2110,9110,0.000305634220184433,0.00355258554898048,0.0254698087381668,0.0639573069740545,0.195066199435828,0.0120033829100997,1,0,0
DEUTNP,2013,12,f,37.3903887230702,1018.60961127693,1247,3063,5313,10679,0.000374654036506429,0.00200592033994006,0.0141327385523815,0.0452583526328659,0.188393503374047,0.0134884230958141,1,0,0
DEUTNP,2013,12,b,69.5296146964756,2849.47038530352,3249,6198,7423,19789,0.000339242286235296,0.0027849658232402,0.0194740142764439,0.0531127297262114,0.190243333133617,0.0127615913184599,1,0,0
DEUTNP,2013,13,m,34.007785623022,1774.99221437698,1930,3179,2173,9091,0.000323403651590505,0.00344417870534208,0.0245538116207102,0.0648549533877254,0.200890450888177,0.0119783484122631,1,0,0
DEUTNP,2013,13,f,25.0976581839786,941.902341816021,1130,2923,5209,10229,0.000251480106696096,0.00185486279018848,0.0128067318076914,0.0431897371027969,0.184705770576964,0.0129200374423712,1,0,0
DEUTNP,2013,13,b,59.1054438070006,2716.894556193,3060,6102,7382,19320,0.000288381662599017,0.00265539116439664,0.0183411768808613,0.0522900736994743,0.189192548187035,0.0124591411527943,1,0,0
DEUTNP,2013,14,m,36.6237691324852,1824.37623086751,1923,3179,2172,9135,0.000348280855559005,0.00354000300057183,0.0244647563454019,0.0648549533877254,0.200798002452426,0.0120363230388322,1,0,0
DEUTNP,2013,14,f,28.683037924547,917.316962075453,1179,2959,5074,10158,0.00028740583622411,0.00180644746724161,0.013362067965724,0.0437216668105289,0.179918809734597,0.0128303588170502,1,0,0
DEUTNP,2013,14,b,65.3068070570322,2741.69319294296,3102,6138,7246,19293,0.000318638764639637,0.00267962842482504,0.0185929185243241,0.0525985697095007,0.185707017632519,0.0124417293095683,1,0,0
DEUTNP,2013,15,m,41.108312291565,1793.89168770844,1978,3162,2150,9125,0.000390927490933577,0.0034808510710365,0.0251644763656813,0.0645081354551707,0.198764136865891,0.0120231469873392,1,0,0
DEUTNP,2013,15,f,30.7318263477289,956.268173652271,1231,2894,5153,10265,0.000307934824525832,0.00188315303402818,0.0139514042966974,0.0427612381715683,0.182720068301612,0.0129655082946467,1,0,0
DEUTNP,2013,15,b,71.8401386392939,2750.15986136071,3209,6056,7303,19390,0.000350515575008501,0.00268790342999854,0.0192342603302889,0.0518958843533295,0.187167864997279,0.0125042829685653,1,0,0
DEUTNP,2013,16,m,41.4820242214883,1761.51797577851,1811,2983,2020,8617,0.000394481377214791,0.00341803341564692,0.0230398719404695,0.0608563466359185,0.186745840218186,0.0113538035714961,1,0,0
DEUTNP,2013,16,f,31.2440234535244,919.755976546476,1077,2716,4703,9447,0.000313067071601262,0.00181125055243016,0.0122060620857377,0.0401311412833378,0.166763532160388,0.0119323094846105,1,0,0
DEUTNP,2013,16,b,72.7260476750127,2681.27395232499,2888,5699,6723,18064,0.000354838018157161,0.00262057691790114,0.0173102349123946,0.0488366322539011,0.172303102338314,0.0116491680012462,1,0,0
DEUTNP,2013,17,m,35.8763452726385,1683.12365472736,1826,2851,1826,8222,0.000341173082996576,0.00326591779001366,0.023230704673273,0.0581634073949057,0.16881084368238,0.0108333495375236,1,0,0
DEUTNP,2013,17,f,26.1220523955696,900.87794760443,1102,2588,4262,8879,0.000261744600846957,0.00177407456094765,0.0124893968602441,0.0382398356558462,0.151126126741989,0.0112148804820426,1,0,0
DEUTNP,2013,17,b,61.9983976682081,2584.00160233179,2928,5439,6088,17101,0.000302496688061671,0.0025255065596779,0.0175499888585497,0.0466086055148215,0.156028750116861,0.0110281455928538,1,0,0
DEUTNP,2013,18,m,41.108312291565,1698.89168770844,1757,2711,1758,7966,0.000390927490933577,0.00329651393741006,0.0223528741023771,0.0553072597150436,0.162524350051273,0.0104960426193034,1,0,0
DEUTNP,2013,18,f,26.1220523955696,865.87794760443,1073,2506,3971,8442,0.000261744600846957,0.00170515000818412,0.0121607285218167,0.0370282179882344,0.140807566703998,0.0106629148585881,1,0,0
DEUTNP,2013,18,b,67.2303646871346,2564.76963531287,2830,5217,5729,16408,0.000328024004166563,0.00250670995412705,0.0169625916904698,0.0447062134529921,0.146827974608984,0.0105812416167209,1,0,0
DEUTNP,2013,19,m,35.8763452726385,1664.12365472736,1755,2746,1701,7902,0.000341173082996576,0.00322905036328837,0.0223274297380033,0.0560212966350091,0.157254789213433,0.0104117158897484,1,0,0
DEUTNP,2013,19,f,29.1952350303425,933.804764969658,1062,2463,3980,8468,0.00029253808329954,0.00183891645125694,0.0120360612210338,0.0363928575039989,0.141126697426822,0.0106957549185648,1,0,0
DEUTNP,2013,19,b,65.071580302981,2597.92841969702,2817,5209,5681,16370,0.000317491068622963,0.00253911811029752,0.0168846716579694,0.0446376587840973,0.145597787354449,0.0105567360595881,1,0,0
DEUTNP,2013,20,m,35.8763452726385,1718.12365472736,1723,2701,1640,7818,0.000341173082996576,0.0033338314708234,0.0219203199080227,0.055103249166482,0.151615434632587,0.0103010370572074,1,0,0
DEUTNP,2013,20,f,28.1708408187515,919.829159181249,1063,2404,3850,8265,0.000282273589148679,0.00181139466901221,0.0120473946120141,0.035521083816327,0.136517031430469,0.0104393498349006,1,0,0
DEUTNP,2013,20,b,64.04718609139,2637.95281390861,2786,5105,5490,16083,0.000312492941769199,0.0025782364568331,0.0166988623496992,0.0437464480884655,0.140702667237445,0.010371654614927,1,0,0
DEUTNP,2013,21,m,31.0180901836354,1594.98190981636,1693,2654,1661,7634,0.00029497256134079,0.00309488835201654,0.0215386544424158,0.0541443995882426,0.15355685178337,0.0100585977097367,1,0,0
DEUTNP,2013,21,f,26.6342495013651,816.365750498635,1016,2369,3739,7967,0.000266876847922388,0.00160764697841677,0.011514725235942,0.0350039299338097,0.132581085848967,0.0100629522243984,1,0,0
DEUTNP,2013,21,b,57.6523396850005,2411.34766031499,2709,5023,5400,15601,0.000281291815105439,0.00235676105165492,0.0162373360033508,0.0430437627322943,0.138396066135192,0.0100608209691896,1,0,0
DEUTNP,2013,22,m,35.8763452726385,1763.12365472736,1731,2780,1699,8009,0.000341173082996576,0.00342114906043592,0.0220220973655178,0.0567149325001185,0.15706989234193,0.0105526996407232,1,0,0
DEUTNP,2013,22,f,24.0732639723876,894.926736027612,1049,2507,3867,8342,0.000241215612545235,0.00176235500105241,0.0118887271382905,0.0370429938134491,0.137119833906915,0.0105366069356008,1,0,0
DEUTNP,2013,22,b,59.9496092450261,2658.05039075497,2780,5287,5566,16351,0.000292500434354142,0.00259787907706728,0.016662899257776,0.0453060668058212,0.142650463723792,0.0105444832810217,1,0,0
DEUTNP,2013,23,m,38.8660407120251,1656.13395928797,1852,2660,1734,7941,0.000369604173246291,0.00321354723112158,0.0235614814101323,0.0542668059173796,0.160305587593235,0.010463102490571,1,0,0
DEUTNP,2013,23,f,25.6098552897741,874.390144710226,1074,2377,3906,8257,0.000256612353771526,0.00172191284757132,0.0121720619127969,0.035122136535528,0.138502733705821,0.0104292452010616,1,0,0
DEUTNP,2013,23,b,64.4758960017992,2530.5241039982,2926,5037,5640,16198,0.000314584662409013,0.00247323965213621,0.0175380011612419,0.0431637334028601,0.144547002407867,0.0104458161694079,1,0,0
DEUTNP,2013,24,m,30.2706663237888,1562.72933367621,1767,2762,1625,7747,0.000287864788778361,0.00303230574740871,0.0224800959242461,0.0563477135127076,0.150228708096313,0.0102074870916073,1,0,0
DEUTNP,2013,24,f,30.2196292419334,816.780370758067,1064,2418,3812,8141,0.000302802577450401,0.00160846347887243,0.0120587280029943,0.0357279453693339,0.135169590600766,0.0102827280103963,1,0,0
DEUTNP,2013,24,b,60.4902955657222,2379.50970443428,2831,5180,5437,15888,0.000295138499650057,0.00232564382388272,0.0169685855391237,0.0443891481093538,0.13934433547723,0.0102459024138507,1,0,0
DEUTNP,2013,25,m,29.8969543938655,1775.10304560613,1807,2815,1904,8331,0.000284310902497147,0.00344439376124838,0.022988983211722,0.057428969420084,0.176021821671003,0.010976968498797,1,0,0
DEUTNP,2013,25,f,35.8537974056837,946.146202594316,1111,2577,4152,8822,0.000359257295280137,0.00186322011036376,0.0125913973790665,0.0380773015784836,0.14722564012969,0.0111428849659399,1,0,0
DEUTNP,2013,25,b,65.7507517995492,2721.24924820045,2918,5392,6056,17153,0.000320804817623981,0.00265964727755859,0.0174900503720109,0.0462058468350648,0.155208625280504,0.0110616795131408,1,0,0
DEUTNP,2013,26,m,26.1598350946323,1599.84016490537,1553,2469,1590,7238,0.000248772039685004,0.00310431526588531,0.0197575489362502,0.0503702044398534,0.146993012845008,0.00953682607061491,1,0,0
DEUTNP,2013,26,f,31.2440234535244,883.755976546476,1044,2233,3440,7632,0.000313067071601262,0.00174035672673052,0.0118320601833892,0.0329944177045999,0.121978854057354,0.00963982068239097,1,0,0
DEUTNP,2013,26,b,57.4038585481567,2483.59614145185,2597,4702,5030,14870,0.000280079449564263,0.0024273740160096,0.0155660249541166,0.0402930066428922,0.128913372714818,0.00958941143592395,1,0,0
DEUTNP,2013,27,m,37.3711929923318,1610.62880700767,1711,2615,1559,7533,0.000355388628121434,0.0031252494486312,0.0217676537217799,0.0533487584488525,0.144127111336709,0.00992551958965765,1,0,0
DEUTNP,2013,27,f,22.0244755492057,883.975524450794,1029,2434,3712,8081,0.000220686624243513,0.00174078907647667,0.0116620593186853,0.0359643585727703,0.131623693680494,0.010206943256604,1,0,0
DEUTNP,2013,27,b,59.3956685415375,2494.60433145846,2740,5049,5271,15614,0.000289797699533726,0.0024381330093658,0.0164231453116209,0.0432665654062022,0.135089937888629,0.0100692044492614,1,0,0
DEUTNP,2013,28,m,32.886649833252,1558.11335016675,1759,2530,1634,7514,0.000312741992746862,0.00302334893510343,0.0223783184667509,0.0516146687860791,0.151060744018077,0.009900485091821,1,0,0
DEUTNP,2013,28,f,24.0732639723876,858.926736027612,982,2309,3550,7724,0.000241215612545235,0.00169146117535278,0.0111293899426132,0.034117380420923,0.125879340669653,0.00975602397153929,1,0,0
DEUTNP,2013,28,b,56.9599138056396,2417.04008619436,2741,4839,5184,15238,0.000277913396579919,0.00236232461589028,0.0164291391602748,0.0414670053477149,0.132860223489784,0.00982672841026289,1,0,0
DEUTNP,2013,29,m,39.6134645718717,1672.38653542813,1727,2650,1616,7705,0.00037671194580872,0.00324508358164497,0.0219712086367702,0.054062795368818,0.149396672174549,0.0101521476753368,1,0,0
DEUTNP,2013,29,f,26.1220523955696,894.87794760443,1087,2406,3737,8151,0.000261744600846957,0.00176225892333105,0.0123193959955403,0.0355506354667565,0.132510167910562,0.0102953588026951,1,0,0
DEUTNP,2013,29,b,65.7355169674413,2567.26448303256,2814,5056,5353,15856,0.000320730485279451,0.00250914832501498,0.0168666901120078,0.0433265507414851,0.137191507781793,0.0102252661552125,1,0,0
DEUTNP,2013,30,m,41.108312291565,1707.89168770844,1803,2836,1816,8204,0.000390927490933577,0.00331397745533257,0.0229380944829744,0.0578573915720633,0.167886359324864,0.0108096326448362,1,0,0
DEUTNP,2013,30,f,27.658643712956,862.341356287044,1060,2566,4133,8649,0.000277141342073249,0.00169818549461674,0.0120133944390733,0.0379147675011211,0.146551919714838,0.0109243722591718,1,0,0
DEUTNP,2013,30,b,68.766956004521,2570.23304399548,2863,5402,5949,16853,0.000335521194447209,0.00251204968551642,0.0171603886960477,0.0462915401711833,0.152466332858937,0.010868214588408,1,0,0
DEUTNP,2013,31,m,40.3608884317184,1690.63911156828,1798,2700,1618,7847,0.000383819718371148,0.0032805007139289,0.0228744835720399,0.0550828481116259,0.149581569046052,0.0103392476065371,1,0,0
DEUTNP,2013,31,f,22.5366726550012,894.463327344999,1045,2411,3857,8230,0.000225818871318943,0.00176144242287539,0.0118433935743694,0.0356245145928304,0.136765244214888,0.010395142061855,1,0,0
DEUTNP,2013,31,b,62.8975610867196,2585.10243891328,2843,5111,5475,16077,0.000306883800734833,0.00252658247619636,0.0170405117229702,0.0437978640901366,0.140318233720403,0.0103677853164324,1,0,0
DEUTNP,2013,32,m,39.6134645718717,1622.38653542813,1587,2545,1619,7413,0.00037671194580872,0.00314806403763105,0.0201901031306047,0.0519206846089214,0.149674017481804,0.00976740697174196,1,0,0
DEUTNP,2013,32,f,28.1708408187515,880.829159181249,996,2353,3592,7850,0.000282273589148679,0.00173459302450427,0.0112880574163368,0.0347675167303733,0.127368617376167,0.00991517195450329,1,0,0
DEUTNP,2013,32,b,67.7843053906232,2503.21569460938,2583,4898,5211,15263,0.000330726738986979,0.00244654943376189,0.0154821110729624,0.0419725960308137,0.13355220382046,0.00984285048732396,1,0,0
DEUTNP,2013,33,m,35.1289214127919,1630.87107858721,1700,2464,1555,7385,0.000334065310434148,0.00316452736780026,0.021627709717724,0.0502681991655726,0.143757317593703,0.00973051402756163,1,0,0
DEUTNP,2013,33,f,28.683037924547,897.316962075453,1022,2234,3659,7841,0.00028740583622411,0.00176706200851959,0.0115827255818235,0.0330091935298147,0.12974436831275,0.00990380424143443,1,0,0
DEUTNP,2013,33,b,63.8119593373389,2528.18804066266,2722,4698,5214,15226,0.000311345245752525,0.00247095647116899,0.0163152560358512,0.0402587293084448,0.133629090523869,0.00981898981327358,1,0,0
DEUTNP,2013,34,m,28.4021066741722,1556.59789332583,1632,2482,1612,7311,0.00027009535737229,0.00302040835646985,0.0207626013290151,0.0506354181529835,0.149026878431543,0.00963301124651362,1,0,0
DEUTNP,2013,34,f,27.658643712956,829.341356287044,997,2316,3701,7871,0.000277141342073249,0.0016331994877254,0.0112993908073171,0.0342208111974265,0.131233645019264,0.00994169661833062,1,0,0
DEUTNP,2013,34,b,56.0607503871282,2385.93924961287,2629,4798,5313,15182,0.000273526283906757,0.00233192782096293,0.0157578281110407,0.0411156626696293,0.136166351736347,0.0097906149576461,1,0,0
DEUTNP,2013,35,m,36.2500572025619,1484.74994279744,1630,2560,1619,7330,0.000344726969277791,0.00288099524849788,0.0207371569646413,0.0522267004317638,0.149674017481804,0.00965804574435027,1,0,0
DEUTNP,2013,35,f,24.0732639723876,867.926736027612,980,2288,3686,7846,0.000241215612545235,0.00170918463177769,0.0111067231606527,0.0338070880914127,0.130701760481223,0.0099101196375838,1,0,0
DEUTNP,2013,35,b,60.3233211749495,2352.67667882505,2610,4848,5305,15176,0.000294323814075921,0.0022994182278417,0.015643944986617,0.0415441293502215,0.135961320527258,0.00978674565915144,1,0,0
DEUTNP,2013,36,m,35.5026333427152,1630.49736665728,1658,2639,1680,7643,0.000337619196715362,0.00316380222057958,0.0210933780658744,0.0538383837654003,0.15531337206265,0.0100704561560804,1,0,0
DEUTNP,2013,36,f,21.5122784434102,868.48772155659,1024,2395,3679,7988,0.000215554377168082,0.00171028936539745,0.011605392363784,0.035388101389394,0.130453547696804,0.0100894768882258,1,0,0
DEUTNP,2013,36,b,57.0149117861254,2498.98508821387,2682,5034,5359,15631,0.000278181737497954,0.00244241459723794,0.0160755020896961,0.0431380254020245,0.13734528118861,0.0100801674616629,1,0,0
DEUTNP,2013,37,m,34.7552094828686,1545.24479051713,1569,2426,1578,7153,0.000330511424152933,0.002998378899317,0.0199611038512406,0.0494929590810387,0.145883631615989,0.00942482963292463,1,0,0
DEUTNP,2013,37,f,26.6342495013651,790.365750498635,957,2216,3537,7527,0.000266876847922388,0.00155644588207815,0.0108460551681068,0.0327432286759487,0.125418374070018,0.0095071973632543,1,0,0
DEUTNP,2013,37,b,61.3894589842337,2335.61054101577,2526,4642,5115,14680,0.000299525612323219,0.00228273842278786,0.0151404616996914,0.0397788466261816,0.13109182931139,0.00946688365025983,1,0,0
DEUTNP,2013,38,m,38.1186168521785,1605.88138314782,1722,2500,1588,7454,0.000362496400683862,0.00311603759066874,0.0219075977258358,0.0510026371403943,0.146808115973505,0.00982142878286316,1,0,0
DEUTNP,2013,38,f,31.7562205593199,856.24377944068,1036,2292,3642,7858,0.000318199318676693,0.0016861777015574,0.0117413930555471,0.0338661913922718,0.129141565836303,0.00992527658834227,1,0,0
DEUTNP,2013,38,b,69.8748374114984,2462.1251625885,2758,4792,5230,15312,0.000340926664088041,0.00240638908399054,0.0165310345873907,0.0410642466679582,0.134039152942047,0.00987444975836366,1,0,0
DEUTNP,2013,39,m,28.4021066741722,1559.59789332583,1613,2601,1731,7533,0.00027009535737229,0.00302622952911069,0.020520879867464,0.0530631436808663,0.16002824228598,0.00992551958965765,1,0,0
DEUTNP,2013,39,f,28.1708408187515,877.829159181249,1040,2420,3820,8186,0.000282273589148679,0.00172868520569596,0.0117867266194682,0.0357574970197634,0.135453262354387,0.0103395665757406,1,0,0
DEUTNP,2013,39,b,56.5729474929237,2437.42705250708,2653,5021,5551,15719,0.000276025347333639,0.00238225007456965,0.0159016804787337,0.0430266240650706,0.14226603020675,0.0101369171729179,1,0,0
DEUTNP,2013,40,m,32.886649833252,1616.11335016675,1689,2645,1739,7722,0.000312741992746862,0.00313589160615957,0.0214877657136682,0.0539607900945372,0.160767829771993,0.0101745469628749,1,0,0
DEUTNP,2013,40,f,25.0976581839786,836.902341816021,1031,2437,3842,8172,0.000251480106696096,0.00164808913189787,0.0116847261006458,0.0360086860484147,0.136233359676847,0.0103218834665224,1,0,0
DEUTNP,2013,40,b,57.9843080172306,2453.01569198277,2720,5082,5581,15894,0.000282911523433683,0.00239748582799054,0.0163032683385434,0.0435493534153931,0.143034897240835,0.0102497717123453,1,0,0
DEUTNP,2013,41,m,40.7346003616417,1662.26539963836,1739,2620,1769,7831,0.000387373604652363,0.00322544462206044,0.022123874823013,0.0534507637231333,0.16354128284454,0.0103181659241483,1,0,0
DEUTNP,2013,41,f,26.1220523955696,871.87794760443,1024,2444,3742,8108,0.000261744600846957,0.00171696564580072,0.011605392363784,0.0361121168249181,0.132687462756575,0.0102410463958105,1,0,0
DEUTNP,2013,41,b,66.8566527572113,2534.14334724279,2763,5064,5511,15939,0.000326200624444785,0.00247677696517311,0.0165610038306601,0.0433951054103799,0.141240874161304,0.0102787914510553,1,0,0
DEUTNP,2013,42,m,35.1289214127919,1653.87107858721,1678,2725,1823,7915,0.000334065310434148,0.00320915635804666,0.0213478217096123,0.0555928744830298,0.168533498375125,0.0104288447566893,1,0,0
DEUTNP,2013,42,f,32.7806147709108,842.219385229089,1016,2436,3996,8323,0.000328463812827554,0.0016585598415913,0.011514725235942,0.0359939102231999,0.141694040934066,0.0105126084302332,1,0,0
DEUTNP,2013,42,b,67.9095361837027,2496.0904638163,2694,5161,5819,16238,0.000331337753167581,0.00243958549957125,0.0161474282735426,0.0442263307707288,0.149134575711238,0.0104716114927057,1,0,0
DEUTNP,2013,43,m,41.108312291565,1630.89168770844,1764,2838,1813,8087,0.000390927490933577,0.00316456735755114,0.0224419293776854,0.0578981936817756,0.16760901401761,0.0106554728423684,1,0,0
DEUTNP,2013,43,f,26.1220523955696,904.87794760443,1077,2536,4123,8667,0.000261744600846957,0.00178195165269206,0.0122060620857377,0.0374714927446777,0.146197330022811,0.0109471076853096,1,0,0
DEUTNP,2013,43,b,67.2303646871346,2535.76963531287,2841,5374,5936,16754,0.000328024004166563,0.0024783664383318,0.0170285240256624,0.0460515988300516,0.152133157144167,0.0108043711632461,1,0,0
DEUTNP,2013,44,m,31.3918021135587,1653.60819788644,1719,2669,1716,7789,0.000298526447622004,0.00320864626673229,0.0218694311792751,0.054450415411085,0.158641515749707,0.0102628265078778,1,0,0
DEUTNP,2013,44,f,22.5366726550012,860.463327344999,1073,2363,3842,8161,0.000225818871318943,0.00169448714304795,0.0121607285218167,0.0349152749825211,0.136233359676847,0.0103079895949938,1,0,0
DEUTNP,2013,44,b,53.9284747685599,2514.07152523144,2792,5032,5558,15950,0.000263122687412161,0.00245715951675179,0.0167348254416225,0.0431208867348009,0.142445432514703,0.0102858851649621,1,0,0
DEUTNP,2013,45,m,32.1392259734054,1592.86077402659,1785,2743,1677,7830,0.000305634220184433,0.00309077251947424,0.0227090952036102,0.0559600934704407,0.155036026755395,0.010316848318999,1,0,0
DEUTNP,2013,45,f,24.0732639723876,912.926736027612,1010,2527,3923,8397,0.000241215612545235,0.00179780191390223,0.0114467248900604,0.0373385103177447,0.139105536182267,0.0106060762932438,1,0,0
DEUTNP,2013,45,b,56.212489945793,2505.7875100542,2795,5270,5600,16227,0.000274266637136363,0.00244906303002682,0.0167528069875841,0.0451603881344198,0.143521846362421,0.0104645177787988,1,0,0
DEUTNP,2013,46,m,30.6443782537121,1599.35562174629,1734,2651,1871,7886,0.000291418675059576,0.00310337506275833,0.0220602639120785,0.0540831964236741,0.172971023291201,0.0103906342073597,1,0,0
DEUTNP,2013,46,f,25.0976581839786,860.902341816021,1071,2395,3947,8299,0.000251480106696096,0.0016953516823643,0.0121380617398561,0.035388101389394,0.139956551443133,0.0104822945287163,1,0,0
DEUTNP,2013,46,b,55.7420364376907,2460.25796356231,2805,5046,5818,16185,0.000271971245103015,0.00240456415347013,0.0168127454741229,0.0432408574053667,0.149108946810101,0.0104374326893362,1,0,0
DEUTNP,2013,47,m,31.765514043482,1673.23448595652,1776,2760,1864,8105,0.000302080333903219,0.00324672893711718,0.0225945955639282,0.0563069114029953,0.17232388424094,0.0106791897350558,1,0,0
DEUTNP,2013,47,f,26.6342495013651,936.365750498635,1063,2550,4039,8615,0.000266876847922388,0.0018439597307489,0.0120473946120141,0.0376783542976846,0.143218776609783,0.0108814275653562,1,0,0
DEUTNP,2013,47,b,58.3997635448471,2609.60023645516,2839,5310,5903,16720,0.000284938574548995,0.00255052570763006,0.0170165363283547,0.0455031614788936,0.151287403406674,0.0107824451384431,1,0,0
DEUTNP,2013,48,m,30.2706663237888,1672.72933367621,1752,2750,1880,8085,0.000287864788778361,0.00324574874423932,0.0222892631914426,0.0561029008544338,0.173803059212965,0.0106528376320698,1,0,0
DEUTNP,2013,48,f,22.5366726550012,952.463327344999,1040,2451,3976,8442,0.000225818871318943,0.00187566025316925,0.0117867266194682,0.0362155476014216,0.140984861550012,0.0106629148585881,1,0,0
DEUTNP,2013,48,b,52.80733897879,2625.19266102121,2792,5201,5856,16527,0.000257652548246827,0.00256576516045676,0.0167348254416225,0.0445691041152026,0.150082845053275,0.0106579827035316,1,0,0
DEUTNP,2013,49,m,29.1495305340188,1629.85046946598,1798,2946,1954,8357,0.000277203129934718,0.0031625469871691,0.0228744835720399,0.0601015076062407,0.180644243458582,0.0110112262326787,1,0,0
DEUTNP,2013,49,f,25.0976581839786,935.902341816021,1044,2518,4318,8841,0.000251480106696096,0.00184304715257187,0.0118320601833892,0.0372055278908117,0.153111829017342,0.0111668834713075,1,0,0
DEUTNP,2013,49,b,54.2471887179974,2565.752811282,2842,5464,6272,17198,0.000264677726215903,0.0025076708735619,0.0170345178743163,0.0468228388551176,0.160744467925912,0.0110906992518507,1,0,0
DEUTNP,2013,50,m,31.765514043482,1657.23448595652,1762,2871,1947,8269,0.000302080333903219,0.00321568268303273,0.0224164850133116,0.0585714284920288,0.179997104408321,0.0108952769795406,1,0,0
DEUTNP,2013,50,f,32.2684176651154,853.731582334885,1066,2525,4290,8767,0.000323331565752123,0.0016812304997868,0.0120813947849549,0.0373089586673151,0.152118977879665,0.0110734156082969,1,0,0
DEUTNP,2013,50,b,64.0339317085974,2510.96606829141,2828,5396,6237,17036,0.000312428272244697,0.00245412435924036,0.016950603993162,0.0462401241695122,0.159847456386147,0.010986228192495,1,0,0
DEUTNP,2013,51,m,36.6237691324852,1720.37623086751,1825,2922,1926,8430,0.000348280855559005,0.00333820234902288,0.0232179824910861,0.0596118822896929,0.178055687257538,0.0111074114085775,1,0,0
DEUTNP,2013,51,f,29.1952350303425,904.804764969658,1083,2637,4222,8876,0.00029253808329954,0.00178180753611001,0.0122740624316192,0.0389638510913703,0.14970776797388,0.011211091244353,1,0,0
DEUTNP,2013,51,b,65.8190041628277,2625.18099583717,2908,5559,6148,17306,0.000321137828066519,0.002565753759342,0.0174301118854721,0.0476369255482428,0.15756648418503,0.0111603466247545,1,0,0
DEUTNP,2013,52,m,29.1495305340188,1674.85046946598,1765,2785,1916,8170,0.000277203129934718,0.00324986457678162,0.0224546515598723,0.0568169377743993,0.177131202900022,0.0107648340697601,1,0,0
DEUTNP,2013,52,f,26.1220523955696,881.87794760443,1172,2587,4243,8910,0.000261744600846957,0.00173665837516173,0.0132827342288622,0.0382250598306314,0.150452406327138,0.0112540359381687,1,0,0
DEUTNP,2013,52,b,55.2715829295884,2556.72841707041,2937,5372,6159,17080,0.000269675853069667,0.00249885076804884,0.0176039334964345,0.0460344601628279,0.157848402097527,0.0110146030481225,1,0,0
DEUTNP,2014,1,m,31.6906539570847,1641.30934604292,1654,2797,1924,8048,0.000301347202824397,0.00317194927896297,0.0213862835352488,0.0540677260424039,0.16460723849615,0.0105427607871144,1,0,0
DEUTNP,2014,1,f,30.5121628787596,900.48783712124,1064,2560,4182,8737,0.000305754580127629,0.00177111072275292,0.0123012428179263,0.0363852679461205,0.145154029320292,0.0110053256070866,1,0,0
DEUTNP,2014,1,b,62.2028168358443,2541.79718316416,2718,5357,6106,16785,0.000303493150335986,0.00247768424793966,0.0165899006245686,0.043877624985109,0.150768397831035,0.0107785761460463,1,0,0
DEUTNP,2014,2,m,39.5201096405998,1772.4798903594,1712,2860,1923,8307,0.000375797688228071,0.00342544586354586,0.022136225763208,0.0552855546947712,0.164521683798387,0.0108820469506162,1,0,0
DEUTNP,2014,2,f,30.5121628787596,905.48783712124,1061,2561,4345,8903,0.000305754580127629,0.00178094489624056,0.0122665588626126,0.036399480941412,0.150811634958553,0.0112144230147525,1,0,0
DEUTNP,2014,2,b,70.0322725193594,2677.96772748064,2773,5421,6268,17210,0.000341693770367018,0.00261042009914015,0.0169256050154264,0.0444018303237401,0.154768476515711,0.0110514921342542,1,0,0
DEUTNP,2014,3,m,25.3525231656678,1620.64747683433,1784,2754,1998,8182,0.000241077762259517,0.00313201871907419,0.0230671885289503,0.0532365096606293,0.170938286130618,0.010718298802208,1,0,0
DEUTNP,2014,3,f,28.3709584662151,896.629041533785,1039,2481,4187,8632,0.000284298118364286,0.00176352110970084,0.0120122098569788,0.0352624413180957,0.145327575505515,0.0108730651986233,1,0,0
DEUTNP,2014,3,b,53.7234816318829,2517.27651836811,2823,5235,6185,16814,0.000262121709544222,0.00245378207930222,0.017230790825297,0.0428783585583434,0.152719053485908,0.010797198648771,1,0,0
DEUTNP,2014,4,m,31.6906539570847,1674.30934604292,1746,2826,1847,8125,0.000301347202824397,0.00323572417091624,0.022575847069253,0.0546283138347634,0.158019526768394,0.0106436296465339,1,0,0
DEUTNP,2014,4,f,29.4415606724873,883.558439327513,1094,2495,4198,8700,0.000295026349245958,0.00173781339576394,0.0126480823710633,0.035461423252176,0.145709377113005,0.01095871955839,1,0,0
DEUTNP,2014,4,b,61.132214629572,2557.86778537043,2840,5321,6045,16825,0.00029826958566695,0.00249334949385508,0.017334554000653,0.043582759482129,0.149262195363349,0.0108042623567011,1,0,0
DEUTNP,2014,5,m,29.4536666189376,1743.54633338106,1874,2927,1923,8497,0.000280075635566204,0.0033695296674817,0.0242308919861283,0.0565807058012571,0.164521683798387,0.0111309441361967,1,0,0
DEUTNP,2014,5,f,31.5827650850319,928.417234914968,1071,2561,4277,8869,0.0003164828110093,0.00182604323141471,0.0123821720469916,0.036399480941412,0.148451406839524,0.0111715958348691,1,0,0
DEUTNP,2014,5,b,61.0364317039695,2671.96356829603,2945,5488,6200,17366,0.000297802252139013,0.00260456738566153,0.0179754442013814,0.0449506077876196,0.153089431141896,0.0111516683558081,1,0,0
DEUTNP,2014,6,m,31.3178227340602,1686.68217726594,1796,2975,1912,8401,0.000297801941614698,0.00325963556408001,0.0232223489899074,0.0575085752506798,0.163580582122993,0.0110051855582192,1,0,0
DEUTNP,2014,6,f,29.4415606724873,948.558439327513,1078,2675,4402,9133,0.000295026349245958,0.00186565765110333,0.0124631012760569,0.0380197624046376,0.152790061470092,0.011504136290434,1,0,0
DEUTNP,2014,6,b,60.7593834065475,2635.24061659345,2874,5650,6314,17534,0.000296450508522615,0.00256877071408836,0.0175420803513651,0.0462775025510296,0.155904301327409,0.0112595504405585,1,0,0
DEUTNP,2014,7,m,36.164628633379,1619.83537136662,1834,2951,1990,8431,0.000343890337340782,0.00313044926639364,0.0237136904496048,0.0570446405259685,0.170253848548513,0.0110444851138372,1,0,0
DEUTNP,2014,7,f,31.0474639818957,955.952536018104,1086,2579,4339,8991,0.000311118695568464,0.00188020061703127,0.0125555918235601,0.0366553148566581,0.150603379536286,0.0113252698332741,1,0,0
DEUTNP,2014,7,b,67.2120926152747,2575.78790738472,2920,5530,6329,17422,0.000327933858402522,0.00251081760827823,0.0178228512964461,0.0452946175410962,0.156274678983397,0.0111876290507249,1,0,0
DEUTNP,2014,8,m,31.3178227340602,1633.68217726594,1799,2862,1883,8209,0.000297801941614698,0.0031572092224581,0.0232611391051467,0.0553242159218305,0.161099495887864,0.0107536684022642,1,0,0
DEUTNP,2014,8,f,26.2297540536705,897.77024594633,1065,2673,4340,9002,0.000262841656600944,0.0017657656701364,0.0123128041363642,0.0379913364140547,0.15063808877333,0.0113391256855893,1,0,0
DEUTNP,2014,8,b,57.5475767877307,2531.45242321227,2864,5535,6223,17211,0.000280779814515507,0.00246760041869031,0.017481043189391,0.0453355710831768,0.153657343547745,0.0110521342895205,1,0,0
DEUTNP,2014,9,m,36.5374598564035,1717.4625401436,1796,2916,1935,8401,0.000347435598550481,0.00331912084640744,0.0232223489899074,0.0563680690524311,0.165548340171544,0.0110051855582192,1,0,0
DEUTNP,2014,9,f,34.2592706007125,920.740729399287,1036,2697,4256,8944,0.000343303388213478,0.0018109448140107,0.0119775259016651,0.0383324483010496,0.147722512861588,0.0112660675552001,1,0,0
DEUTNP,2014,9,b,70.796730457116,2638.20326954289,2832,5613,6191,17345,0.000345423629553964,0.0025716586386614,0.0172857242710737,0.0459744463396335,0.152867204548303,0.0111381830952143,1,0,0
DEUTNP,2014,10,m,31.3178227340602,1719.68217726594,1803,2925,1946,8425,0.000297801941614698,0.00332341045603328,0.023312859258799,0.0565420445741978,0.166489441846938,0.0110366252027136,1,0,0
DEUTNP,2014,10,f,26.7650551568067,959.234944843193,1108,2605,4325,9024,0.00026820577204178,0.00188665657259993,0.012809940829194,0.0370248527342359,0.150117450217662,0.0113668373902197,1,0,0
DEUTNP,2014,10,b,58.0828778908669,2678.91712210913,2911,5530,6271,17449,0.000283391596850025,0.00261134554674537,0.0177679178506694,0.0452946175410962,0.154842552046908,0.011204967242917,1,0,0
DEUTNP,2014,11,m,34.3004725182564,1716.69952748174,1744,3005,2043,8543,0.000326164031292288,0.00331764626913263,0.0225499869924268,0.058088493656569,0.174788247529956,0.0111912034548109,1,0,0
DEUTNP,2014,11,f,26.7650551568067,889.234944843193,1084,2644,4304,8948,0.00026820577204178,0.0017489781437729,0.0125324691866843,0.0375791595506026,0.149388556239727,0.011271106046951,1,0,0
DEUTNP,2014,11,b,61.0655276750631,2605.93447232493,2828,5649,6347,17491,0.000297944214004704,0.00254020377235796,0.0172613094062841,0.0462693118426135,0.156719132170583,0.0112319377641046,1,0,0
DEUTNP,2014,12,m,36.164628633379,1704.83537136662,1823,2931,2023,8518,0.000343890337340782,0.0032947179274854,0.0235714600270608,0.0566580282553757,0.173077153574694,0.0111584538251293,1,0,0
DEUTNP,2014,12,f,27.3003562599428,886.699643740057,1104,2671,4372,9061,0.000273569887482615,0.00174399162559457,0.0127636955554424,0.0379629104234718,0.151748784358756,0.0114134434389163,1,0,0
DEUTNP,2014,12,b,63.4649848933218,2591.53501510668,2927,5602,6395,17579,0.000309651382060896,0.00252616751936151,0.017865577309828,0.0458843485470563,0.157904340669746,0.0112884474275453,1,0,0
DEUTNP,2014,13,m,37.2831223024526,1700.71687769755,1711,2915,2041,8405,0.000354526120969879,0.00328675863994736,0.0221232957247949,0.0563487384389014,0.17461713813443,0.0110104254989683,1,0,0
DEUTNP,2014,13,f,32.6533672913041,941.346632708696,1054,2629,4356,9013,0.000327211041890971,0.00185147321961357,0.0121856296335473,0.0373659646212308,0.151193436566043,0.0113529815379045,1,0,0
DEUTNP,2014,13,b,69.9364895937567,2642.06351040625,2765,5544,6397,17418,0.00034122643683908,0.00257542151086999,0.0168767752858471,0.0454092874589218,0.157953724357212,0.0111850604296594,1,0,0
DEUTNP,2014,14,m,34.3004725182564,1750.69952748174,1783,2946,1891,8405,0.000326164031292288,0.00338335373356933,0.0230542584905373,0.0569479874583203,0.161783933469969,0.0110104254989683,1,0,0
DEUTNP,2014,14,f,27.8356573630789,926.164342636921,1072,2718,4392,9136,0.000278934002923451,0.00182161216471245,0.0123937333654295,0.0386309212021701,0.152442969099647,0.0115079151592473,1,0,0
DEUTNP,2014,14,b,62.1361298813353,2676.86387011866,2855,5664,6283,17541,0.00030316777867374,0.00260934408488698,0.0174261097436142,0.0463921724688552,0.155138854171699,0.0112640455274231,1,0,0
DEUTNP,2014,15,m,40.2657720866488,1638.73422791335,1728,2767,1962,8136,0.000382888210647469,0.00316697267652419,0.0223431063778174,0.0534878076365147,0.167858317011147,0.0106580394835938,1,0,0
DEUTNP,2014,15,f,26.7650551568067,874.234944843193,1075,2508,4126,8610,0.00026820577204178,0.00171947562330996,0.0124284173207432,0.0356461921909649,0.143210312045797,0.0108453534939929,1,0,0
DEUTNP,2014,15,b,67.0308272434555,2512.96917275654,2803,5275,6088,16746,0.000327049448314062,0.0024495833798769,0.0171087165013488,0.0432059868949878,0.150323944643849,0.0107535320906578,1,0,0
DEUTNP,2014,16,m,30.5721602880111,1562.42783971199,1603,2824,1927,7947,0.0002907114191953,0.00301950505037613,0.0207268515761813,0.0545896526077042,0.16486390258944,0.0104104522832006,1,0,0
DEUTNP,2014,16,f,23.0179474348537,872.982052565146,1031,2503,4163,8593,0.00023065696395593,0.00171701139130523,0.0119197193094756,0.0355751272145077,0.144494553816446,0.0108239399040512,1,0,0
DEUTNP,2014,16,b,53.5901077228648,2435.40989227714,2634,5327,6090,16540,0.00026147096621973,0.00237398041328373,0.016077188463986,0.0436319037326256,0.150373328331314,0.0106212481057852,1,0,0
DEUTNP,2014,17,m,32.0634851801092,1623.93651481989,1684,2789,1863,7992,0.000304892464034096,0.00313837502338204,0.0217741846876415,0.0539130811341667,0.159388401932603,0.0104694016166275,1,0,0
DEUTNP,2014,17,f,37.4710772195293,835.528922780471,1048,2462,4175,8558,0.000375488080858492,0.00164334727611368,0.0121162617229199,0.0349923944075581,0.14491106466098,0.0107798531012301,1,0,0
DEUTNP,2014,17,b,69.5345623996385,2459.46543760036,2732,5251,6038,16550,0.000339265397829053,0.00239742919437364,0.0166753526513324,0.0430094098930012,0.149089352457221,0.010627669658449,1,0,0
DEUTNP,2014,18,m,32.0634851801092,1593.93651481989,1618,2592,1819,7655,0.000304892464034096,0.00308039784887907,0.0209208021523776,0.0501049502688276,0.155623995231028,0.010027936608519,1,0,0
DEUTNP,2014,18,f,30.5121628787596,827.48783712124,987,2352,3951,8148,0.000305754580127629,0.0016275317898333,0.011411021298208,0.0334289649254982,0.137136195563002,0.0102634076967543,1,0,0
DEUTNP,2014,18,b,62.5756480588688,2421.42435194113,2605,4944,5770,15803,0.00030531222748032,0.00236034763675106,0.015900180694261,0.0404948624092549,0.142471938336894,0.0101479796744694,1,0,0
DEUTNP,2014,19,m,35.41896618733,1560.58103381267,1712,2674,1756,7738,0.000336799814921385,0.00301593596411286,0.022136225763208,0.0516900605782581,0.150234049271954,0.010136665379062,1,0,0
DEUTNP,2014,19,f,25.6944529505344,889.305547049466,1046,2423,3952,8336,0.000257477541160108,0.00174911700664192,0.0120931390860441,0.0344380875911914,0.137170904800046,0.0105002168090505,1,0,0
DEUTNP,2014,19,b,61.1134191378644,2449.88658086214,2758,5097,5708,16074,0.000298177880768673,0.00238809194960416,0.0168340492724652,0.04174804079692,0.140941044025475,0.0103220037516561,1,0,0
DEUTNP,2014,20,m,40.6386033096733,1659.36139669033,1615,2612,1794,7721,0.000386433471857168,0.00320683617531369,0.0208820120371383,0.0504915625394204,0.153485127786951,0.0101143956308785,1,0,0
DEUTNP,2014,20,f,33.1886683944402,900.81133160556,992,2406,3710,8042,0.000332575157331807,0.00177174698292914,0.0114688278903975,0.0341964666712367,0.128771269435266,0.0101298876653532,1,0,0
DEUTNP,2014,20,b,73.8272717041135,2560.17272829589,2607,5018,5504,15763,0.000360209913472612,0.00249559629813066,0.0159123881266558,0.0411009748320472,0.135903907904032,0.0101222934638146,1,0,0
DEUTNP,2014,21,m,38.7744471945507,1716.22555280545,1741,2790,1850,8136,0.000368707165808674,0.00331673027871538,0.0225111968771875,0.0539324117476964,0.158276190861683,0.0106580394835938,1,0,0
DEUTNP,2014,21,f,21.9473452285815,861.052654771419,996,2365,4073,8317,0.000219928733074259,0.0016935482378039,0.0115150731641491,0.0336137338642871,0.141370722482436,0.0104762839732333,1,0,0
DEUTNP,2014,21,b,60.7217924231322,2577.27820757687,2737,5155,5923,16453,0.000296267098726061,0.00251227031793392,0.0167058712323195,0.0422231018850545,0.146249790427976,0.0105653805976109,1,0,0
DEUTNP,2014,22,m,30.5721602880111,1541.42783971199,1618,2518,1694,7402,0.0002907114191953,0.00297892102822405,0.0209208021523776,0.0486744848676342,0.144929658010644,0.00969651035614076,1,0,0
DEUTNP,2014,22,f,24.088549641126,818.911450358874,988,2269,3709,7809,0.000241385194837602,0.00161066345476965,0.0114225826166459,0.0322492863163076,0.128736560198222,0.00983639552085837,1,0,0
DEUTNP,2014,22,b,54.6607099291371,2360.33929007086,2606,4787,5403,15211,0.000266694530888766,0.00230080335187151,0.0159062844104584,0.0392089211879254,0.133410031687043,0.00976782375677746,1,0,0
DEUTNP,2014,23,m,35.41896618733,1650.58103381267,1735,2742,1815,7978,0.000336799814921385,0.00318986748762178,0.022433616646709,0.0530045422982737,0.155281776439975,0.0104510618240058,1,0,0
DEUTNP,2014,23,f,31.0474639818957,870.952536018104,1003,2426,3906,8237,0.000311118695568464,0.0017130196677413,0.0115960023932144,0.0344807265770658,0.135574279895997,0.0103755141382136,1,0,0
DEUTNP,2014,23,b,66.4664301692257,2521.53356983077,2738,5168,5721,16215,0.000324295704113852,0.00245793175317138,0.0167119749485169,0.0423295810944639,0.141262037993998,0.0104125476442145,1,0,0
DEUTNP,2014,24,m,38.0287847485016,1663.9712152515,1641,2661,1887,7891,0.000361616643389276,0.00321574498381863,0.0212181930358787,0.0514387626023728,0.161441714678917,0.0103370931127137,1,0,0
DEUTNP,2014,24,f,34.7945717038487,914.205428296151,1020,2401,3915,8285,0.000348667503654314,0.00179809095704225,0.0117925448066587,0.0341254016947794,0.135886663029398,0.0104359760392255,1,0,0
DEUTNP,2014,24,b,72.8233564523503,2578.17664354765,2661,5062,5802,16176,0.000355311720465822,0.0025131460922354,0.0162419888013161,0.0414613660023561,0.143262077336336,0.010387503588826,1,0,0
DEUTNP,2014,25,m,29.080835395913,1596.91916460409,1555,2567,1682,7430,0.000276530374356505,0.00308616203577972,0.020106209732353,0.0496216849305866,0.143903001637487,0.0097331899413842,1,0,0
DEUTNP,2014,25,f,27.8356573630789,861.164342636921,949,2299,3701,7838,0.000278934002923451,0.00169376790937307,0.0109716911975677,0.0326756761750512,0.128458886301865,0.009872924586053,1,0,0
DEUTNP,2014,25,b,56.9164927589919,2458.08350724101,2504,4866,5383,15268,0.000277700698653052,0.00239608212108794,0.0152837053583223,0.0398559871527982,0.132916194812392,0.00980442660696064,1,0,0
DEUTNP,2014,26,m,36.164628633379,1660.83537136662,1562,2615,1743,7617,0.000343890337340782,0.00320968473821437,0.0201967200012446,0.0505495543800093,0.149121838201034,0.00997815717140288,1,0,0
DEUTNP,2014,26,f,28.3709584662151,875.629041533785,961,2334,3767,7966,0.000284298118364286,0.00172221758105273,0.0111104270188226,0.0331731310102521,0.130749695946805,0.0100341563220845,1,0,0
DEUTNP,2014,26,b,64.5355870995941,2536.46441290041,2523,4949,5510,15583,0.000314874946729932,0.00247248598862617,0.0153996759660731,0.0405358159513355,0.136052058966427,0.0100067055158677,1,0,0
DEUTNP,2014,27,m,38.7744471945507,1641.22555280545,1693,2758,1761,7892,0.000368707165808674,0.00317178734245795,0.0218905550333593,0.0533138321147479,0.15066182276077,0.010338403097901,1,0,0
DEUTNP,2014,27,f,24.6238507442621,861.376149255738,1008,2368,3875,8137,0.000246749310278437,0.00169418449798012,0.0116538089854039,0.0336563728501615,0.134498293547616,0.0102495518444391,1,0,0
DEUTNP,2014,27,b,63.3982979388128,2502.60170206119,2701,5126,5636,16029,0.00030932601039865,0.00243947741272775,0.0164861374492126,0.0419855713409872,0.13916323127673,0.0102931067646694,1,0,0
DEUTNP,2014,28,m,39.1472784175752,1632.85272158242,1600,2705,1692,7669,0.000372252427018372,0.00315560623922791,0.020688061460942,0.052289309597677,0.144758548615118,0.0100462764011407,1,0,0
DEUTNP,2014,28,f,24.088549641126,858.911450358874,957,2369,3967,8176,0.000241385194837602,0.00168933684267081,0.011064181745071,0.0336705858454529,0.137691543355714,0.0102986771390111,1,0,0
DEUTNP,2014,28,b,63.2358280587012,2491.76417194129,2557,5074,5659,15845,0.000308533305208467,0.00242891324268205,0.0156072023167851,0.0415596545033494,0.139731143682579,0.010174950195657,1,0,0
DEUTNP,2014,29,m,36.5374598564035,1732.4625401436,1712,2770,1813,8064,0.000347435598550481,0.00334810943365892,0.022136225763208,0.0535457994771036,0.155110667044449,0.0105637205501107,1,0,0
DEUTNP,2014,29,f,28.3709584662151,895.629041533785,1061,2483,4099,8567,0.000284298118364286,0.00176155427500331,0.0122665588626126,0.0352908673086786,0.142273162645595,0.0107911897076698,1,0,0
DEUTNP,2014,29,b,64.9084183226186,2628.09158167738,2773,5253,5912,16631,0.000316694023874267,0.00256180200261255,0.0169256050154264,0.0430257913098334,0.145978180146918,0.010679684235025,1,0,0
DEUTNP,2014,30,m,39.1472784175752,1686.85272158242,1733,2713,1847,8019,0.000372252427018372,0.00325996515333326,0.0224077565698828,0.0524439545059141,0.158019526768394,0.0105047712166837,1,0,0
DEUTNP,2014,30,f,24.6238507442621,850.376149255738,998,2462,4016,8351,0.000246749310278437,0.0016725493163073,0.0115381958010249,0.0349923944075581,0.139392295970897,0.0105191111531167,1,0,0
DEUTNP,2014,30,b,63.7711291618373,2537.22887083816,2731,5175,5863,16370,0.000311145087542985,0.002473231164285,0.016669248935135,0.0423869160533767,0.144768279804022,0.0105120817105021,1,0,0
DEUTNP,2014,31,m,30.9449915110357,1655.05500848896,1593,2618,1754,7651,0.000294256680404999,0.00319851376797276,0.0205975511920504,0.0506075462205983,0.150062939876428,0.0100226966677699,1,0,0
DEUTNP,2014,31,f,21.4120441254453,855.587955874555,1020,2433,3812,8142,0.000214564617633424,0.001682800078402,0.0117925448066587,0.0345802175441059,0.13231161161381,0.0102558499591278,1,0,0
DEUTNP,2014,31,b,52.357035636481,2510.64296436352,2613,5051,5566,15793,0.000255454696360511,0.00244731584652254,0.0159490104238403,0.0413712682097789,0.137434802215451,0.0101415581218057,1,0,0
DEUTNP,2014,32,m,35.41896618733,1627.58103381267,1577,2571,1718,7529,0.000336799814921385,0.00314541832050283,0.020390670577441,0.0496990073847052,0.146982970756957,0.0098628784749235,1,0,0
DEUTNP,2014,32,f,24.6238507442621,829.376149255738,981,2345,3726,7906,0.000246749310278437,0.00163124578765919,0.0113416533875806,0.033329473958458,0.129326617227979,0.00995857894581973,1,0,0
DEUTNP,2014,32,b,60.0428169315921,2456.95718306841,2558,4916,5444,15435,0.000292954316099637,0.00239498420671498,0.0156133060329826,0.0402655225736038,0.134422397280078,0.00991166653644469,1,0,0
DEUTNP,2014,33,m,32.0634851801092,1485.93651481989,1563,2513,1689,7283,0.000304892464034096,0.00287168002066837,0.0202096500396577,0.048577831799986,0.144501884521828,0.00954062211885614,1,0,0
DEUTNP,2014,33,f,20.3414419191731,827.658558080827,994,2204,3682,7728,0.000203836386751753,0.00162786756974021,0.0114919505272733,0.0313254416223631,0.127799410798019,0.00973436606290094,1,0,0
DEUTNP,2014,33,b,52.4049270992823,2313.59507290072,2557,4717,5371,15011,0.00025568836312448,0.00225523818588113,0.0156072023167851,0.0386355715987976,0.132619892687601,0.00963939270350316,1,0,0
DEUTNP,2014,34,m,37.2831223024526,1689.71687769755,1616,2593,1699,7635,0.000354526120969879,0.0032655003426296,0.0208949420755514,0.0501242808823572,0.145357431499459,0.0100017369047737,1,0,0
DEUTNP,2014,34,f,26.2297540536705,794.77024594633,1006,2314,3750,7891,0.000262841656600944,0.00156318169629091,0.0116306863485281,0.032888871104423,0.130159638917048,0.00993968460175354,1,0,0
DEUTNP,2014,34,b,63.5128763561231,2484.48712364388,2622,4907,5449,15526,0.000309885048824865,0.00242181974676608,0.016003943869617,0.0401918061978588,0.134545856498741,0.0099701026656845,1,0,0
DEUTNP,2014,35,m,34.6733037412809,1654.32669625872,1627,2738,1867,7921,0.000329709292501987,0.00319710625179724,0.0210371724980954,0.0529272198441551,0.159730620723655,0.0103763926683317,1,0,0
DEUTNP,2014,35,f,25.1591518473983,811.840848152602,983,2338,3859,8017,0.000252113425719273,0.00159675674901793,0.0113647760244564,0.0332299829914179,0.133942945754904,0.0100983970919095,1,0,0
DEUTNP,2014,35,b,59.8324555886792,2466.16754441132,2610,5076,5726,15938,0.000291927944145485,0.00240396225082028,0.015930699275248,0.0415760359201817,0.141385497212661,0.0102346706354296,1,0,0
DEUTNP,2014,36,m,36.164628633379,1658.83537136662,1732,2696,1860,7983,0.000343890337340782,0.00320581959324751,0.0223948265314697,0.0521153340759102,0.159131737839314,0.0104576117499421,1,0,0
DEUTNP,2014,36,f,27.3003562599428,863.699643740057,1058,2329,3999,8277,0.000273569887482615,0.0016987544275514,0.0122318749072989,0.0331020660337948,0.13880223894114,0.0104258990557235,1,0,0
DEUTNP,2014,36,b,63.4649848933218,2522.53501510668,2790,5025,5859,16260,0.000309651382060896,0.00245890793852626,0.0170293681907824,0.04115830979096,0.144669512429092,0.0104414446312012,1,0,0
DEUTNP,2014,37,m,38.4016159715262,1658.59838402847,1615,2612,1808,7732,0.000365161904598975,0.00320536159803888,0.0208820120371383,0.0504915625394204,0.154682893555634,0.0101288054679384,1,0,0
DEUTNP,2014,37,f,22.4826463317176,803.517353668282,992,2373,3917,8108,0.000225292848515095,0.00158038581126148,0.0114688278903975,0.0337274378266187,0.135956081503487,0.0102130227792444,1,0,0
DEUTNP,2014,37,b,60.8842623032438,2462.11573769675,2607,4985,5725,15840,0.000297059803916244,0.00240001264471525,0.0159123881266558,0.0408306814543155,0.141360805368929,0.0101717394193252,1,0,0
DEUTNP,2014,38,m,32.8091476261583,1699.19085237384,1609,2635,1802,7778,0.000311982986453493,0.00328380948539774,0.0208044318066598,0.0509361666506021,0.154169565369056,0.0101890647865527,1,0,0
DEUTNP,2014,38,f,32.6533672913041,878.346632708696,988,2391,4007,8297,0.000327211041890971,0.00172756263366924,0.0114225826166459,0.0339832717418649,0.139079912837496,0.0104510915144784,1,0,0
DEUTNP,2014,38,b,65.4625149174624,2577.53748508254,2597,5026,5809,16075,0.000319397511107062,0.0025125230555622,0.0158513509646817,0.0411665004993761,0.143434920242464,0.0103226459069225,1,0,0
DEUTNP,2014,39,m,40.2657720866488,1620.73422791335,1641,2591,1759,7652,0.000382888210647469,0.00313218637182241,0.0212181930358787,0.050085619655298,0.150490713365243,0.0100240066529572,1,0,0
DEUTNP,2014,39,f,25.6944529505344,862.305547049466,976,2379,3797,8040,0.000257477541160108,0.00169601246980863,0.0112838467953911,0.0338127157983674,0.131790973058142,0.0101273684194777,1,0,0
DEUTNP,2014,39,b,65.9602250371832,2483.03977496282,2617,4970,5556,15692,0.000321825883645026,0.00242040890523549,0.0159734252886299,0.0407078208280738,0.137187883778125,0.0100767004399022,1,0,0
DEUTNP,2014,40,m,40.2657720866488,1663.73422791335,1594,2692,1814,7804,0.000382888210647469,0.00321528698861,0.0206104812304635,0.0520380116217916,0.155196221742212,0.0102231244014216,1,0,0
DEUTNP,2014,40,f,26.2297540536705,878.77024594633,987,2379,4040,8311,0.000262841656600944,0.00172839581088335,0.011411021298208,0.0338127157983674,0.140225317659966,0.0104687262356069,1,0,0
DEUTNP,2014,40,b,66.4955261403193,2542.50447385968,2581,5071,5854,16115,0.000324437665979544,0.00247837369831226,0.0157536915055231,0.0415350823781011,0.144546053210429,0.0103483321175773,1,0,0
DEUTNP,2014,41,m,38.7744471945507,1702.22555280545,1672,2703,1854,7970,0.000368707165808674,0.00328967426394733,0.0216190242266844,0.0522506483706177,0.158618409652735,0.0104405819425077,1,0,0
DEUTNP,2014,41,f,28.3709584662151,875.629041533785,1058,2477,4003,8442,0.000284298118364286,0.00172221758105273,0.0122318749072989,0.0352055893369299,0.138941075889318,0.0106337368404516,1,0,0
DEUTNP,2014,41,b,67.1454056607658,2577.85459433924,2730,5180,5857,16412,0.000327608486740276,0.00251283216622429,0.0166631452189376,0.0424278695954572,0.144620128741627,0.0105390522316897,1,0,0
DEUTNP,2014,42,m,35.0461349643054,1620.95386503569,1692,2797,1918,8063,0.000333254553711686,0.00313261083648139,0.0218776249949462,0.0540677260424039,0.164093910309572,0.0105624105649234,1,0,0
DEUTNP,2014,42,f,22.4826463317176,891.517353668282,977,2421,4049,8361,0.000225292848515095,0.00175346726464403,0.011295408113829,0.0344096616006085,0.140537700793367,0.0105317073824942,1,0,0
DEUTNP,2014,42,b,57.528781296023,2512.47121870397,2669,5218,5967,16424,0.00028068810961723,0.00244909798595152,0.0162908185308954,0.0427391165152695,0.147336231552209,0.0105467580948861,1,0,0
DEUTNP,2014,43,m,27.5895105038149,1619.41048949619,1709,2862,1878,8096,0.00026234932951771,0.00312962815138213,0.0220974356479687,0.0553242159218305,0.160671722399049,0.0106056400761032,1,0,0
DEUTNP,2014,43,f,19.2708397129008,846.729160287099,1002,2486,3965,8319,0.000193108155870081,0.00166537629186228,0.0115844410747765,0.035333506294553,0.137622124881625,0.0104788032191088,1,0,0
DEUTNP,2014,43,b,46.8603502167157,2466.13964978329,2711,5348,5843,16415,0.000228635872723425,0.00240393505979145,0.0165471746111868,0.043803908609364,0.144274442929371,0.0105409786974888,1,0,0
DEUTNP,2014,44,m,39.8929408636243,1687.10705913638,1624,2772,1983,8106,0.00037934294943777,0.00326045667909153,0.0209983823828561,0.0535844607041629,0.169654965664172,0.0106187399279758,1,0,0
DEUTNP,2014,44,f,33.7239694975764,900.276030502424,1015,2607,4088,8644,0.000337939272772642,0.00177069413414586,0.0117347382144692,0.0370532787248188,0.141891361038105,0.0108881806738763,1,0,0
DEUTNP,2014,44,b,73.6169103612007,2587.3830896388,2639,5379,6071,16750,0.00035918354151846,0.00252212031984516,0.016107707044973,0.0440578205702634,0.149904183300396,0.0107561007117233,1,0,0
DEUTNP,2014,45,m,34.6733037412809,1679.32669625872,1765,2792,2019,8290,0.000329709292501987,0.00324542056388305,0.0228215177991017,0.0539710729747557,0.172734934783642,0.0108597772024327,1,0,0
DEUTNP,2014,45,f,27.8356573630789,963.164342636921,1028,2566,4138,8723,0.000278934002923451,0.00189438504852103,0.0118850353541619,0.0364705459178692,0.143626822890332,0.0109876908859582,1,0,0
DEUTNP,2014,45,b,62.5089611043598,2642.49103889564,2793,5358,6157,17013,0.000304986855818075,0.002575838255609,0.0170476793393746,0.0438858156935251,0.152027681861396,0.010924987546779,1,0,0
DEUTNP,2014,46,m,36.9102910794281,1639.08970892057,1773,2932,2021,8402,0.00035098085976018,0.00316765966933713,0.0229249581064064,0.0566773588689053,0.172906044179168,0.0110064955434065,1,0,0
DEUTNP,2014,46,f,27.3003562599428,938.699643740057,1037,2558,4325,8886,0.000273569887482615,0.00184626702986607,0.011989087220103,0.0363568419555376,0.150117450217662,0.0111930094248108,1,0,0
DEUTNP,2014,46,b,64.2106473393709,2577.78935266063,2810,5490,6346,17288,0.000313289536349566,0.00251276857016696,0.0171514425147306,0.0449669892044518,0.156694440326851,0.0111015802450311,1,0,0
DEUTNP,2014,47,m,33.9276412952319,1731.07235870477,1759,2891,1988,8403,0.000322618770082589,0.00334542280726327,0.0227439375686231,0.0558848037141901,0.170082739152987,0.0110078055285937,1,0,0
DEUTNP,2014,47,f,25.1591518473983,889.840848152602,1024,2525,4195,8659,0.000252113425719273,0.00175016985542519,0.0118387900804103,0.0358878131109196,0.145605249401871,0.0109070750179425,1,0,0
DEUTNP,2014,47,b,59.0867931426302,2620.91320685737,2783,5416,6183,17062,0.000288289789856816,0.00255480469128686,0.0169866421774005,0.0443608767816595,0.152669669798443,0.0109564531548312,1,0,0
DEUTNP,2014,48,m,33.9276412952319,1716.07235870477,1810,2948,2100,8608,0.000322618770082589,0.00331643422001178,0.0234033695276906,0.0569866486853796,0.179664865302451,0.0112763524919832,1,0,0
DEUTNP,2014,48,f,24.088549641126,937.911450358874,1062,2546,4321,8891,0.000241385194837602,0.0018447167837756,0.0122781201810505,0.0361862860120402,0.149978613269484,0.0111993075394995,1,0,0
DEUTNP,2014,48,b,58.0161909363579,2653.98380906364,2872,5494,6421,17499,0.00028306622518778,0.00258704113827763,0.0175298729189703,0.0449997520381162,0.158546328606793,0.0112370750062355,1,0,0
DEUTNP,2014,49,m,32.0634851801092,1790.93651481989,1784,2993,2188,8788,0.000304892464034096,0.00346111462811525,0.0230671885289503,0.0578565262942134,0.187193678705601,0.011512149825691,1,0,0
DEUTNP,2014,49,f,32.118066188168,943.881933811832,1043,2704,4453,9176,0.000321846926450136,0.0018564597377919,0.0120584551307304,0.0384319392680898,0.154560232559364,0.0115583000767571,1,0,0
DEUTNP,2014,49,b,64.1815513682772,2734.81844863172,2827,5697,6641,17964,0.000313147574483874,0.00266583684805035,0.0172552056900867,0.0466624658465868,0.163978534227957,0.0115356772050983,1,0,0
DEUTNP,2014,50,m,35.7917974103545,1792.20820258965,1843,3138,2217,9026,0.000340345076131083,0.0034635722569066,0.0238300607953226,0.0606594652560112,0.18967476494073,0.0118239263002603,1,0,0
DEUTNP,2014,50,f,30.5121628787596,946.48783712124,1114,2837,4681,9609,0.000305754580127629,0.00186158511883925,0.0128793087398214,0.0403222676418531,0.16247393860552,0.0121037168088011,1,0,0
DEUTNP,2014,50,b,66.3039602891141,2738.69603971089,2957,5975,6898,18635,0.000323502998923669,0.00266961663284216,0.0180486887957504,0.0489394827862658,0.170324338067226,0.0119665633888336,1,0,0
DEUTNP,2014,51,m,38.7744471945507,1785.22555280545,1797,3178,2240,9039,0.000368707165808674,0.00345007778007222,0.0232352790283205,0.0614326897971968,0.191642522989281,0.0118409561076947,1,0,0
DEUTNP,2014,51,f,24.6238507442621,879.376149255738,1087,2705,4643,9339,0.000246749310278437,0.00172958752253564,0.012567153141998,0.0384461522633812,0.161154987597828,0.0117636186156097,1,0,0
DEUTNP,2014,51,b,63.3982979388128,2664.60170206119,2884,5883,6883,18378,0.00030932601039865,0.00259739121121051,0.0176031175133392,0.0481859376119836,0.169953960411238,0.0118015294853761,1,0,0
DEUTNP,2014,52,m,32.4363164031338,1691.56368359687,1709,3053,2215,8701,0.000308437725243794,0.00326906942889286,0.0220974356479687,0.0590163631059918,0.189503655545204,0.0113981811143989,1,0,0
DEUTNP,2014,52,f,20.3414419191731,921.658558080827,1108,2716,4672,9438,0.000203836386751753,0.00181275003130794,0.012809940829194,0.0386024952115872,0.162161555472119,0.0118883212864466,1,0,0
DEUTNP,2014,52,b,52.7777583223069,2613.2222416777,2817,5769,6887,18139,0.000257507440268815,0.0025473077189071,0.0171941685281125,0.0472521968525469,0.170052727786168,0.0116480543767133,1,0,0
DEUTNP,2015,1,m,37.0596087089995,1694.940391291,1855,3124,2260,8971,0.00034820788133312,0.00324146520000064,0.0243477434141408,0.0572513592065567,0.181374372176245,0.0116123827458477,1,0,0
DEUTNP,2015,1,f,27.3100772562491,1011.68992274375,1111,2755,4837,9742,0.000270974843419512,0.00198415049128827,0.0130797999038203,0.0375974268320376,0.165232038519247,0.0122055630159074,1,0,0
DEUTNP,2015,1,b,64.3696859652486,2706.63031403475,2966,5879,7097,18713,0.000310643367871262,0.00262072563602013,0.0184077374141027,0.0459862069273076,0.170051568356365,0.0119138112391292,1,0,0
DEUTNP,2015,2,m,34.4911209766926,1838.50887902331,1825,3263,2347,9308,0.000324074661834785,0.00351603075946939,0.0239539793697072,0.0597987148178599,0.188356482963561,0.0120486075797961,1,0,0
DEUTNP,2015,2,f,32.1295026544107,948.870497345589,1133,2845,5016,9975,0.00031879393343472,0.00186094753061414,0.0133388058425098,0.0388256549318138,0.171346682905218,0.0124974842007469,1,0,0
DEUTNP,2015,2,b,66.6206236311033,2787.3793763689,2958,6108,7363,19283,0.000321506227413048,0.0026989118355341,0.0183580874143344,0.0477774709834997,0.176425207525421,0.0122767072155255,1,0,0
DEUTNP,2015,3,m,37.0596087089995,1762.940391291,1842,3291,2392,9325,0.00034820788133312,0.00337151085513554,0.0241771123282196,0.060311851199993,0.19196791957769,0.0120706129868498,1,0,0
DEUTNP,2015,3,f,20.3486850144601,925.65131498554,1107,3019,5103,10175,0.000201902824508656,0.00181540951441837,0.0130327079149677,0.0412002292580478,0.174318605036947,0.0127480603250726,1,0,0
DEUTNP,2015,3,b,57.4082937234596,2688.59170627654,2949,6310,7495,19500,0.000277048201161428,0.00260325954855893,0.018302231164595,0.0493575379675644,0.179588066060441,0.0124148623503992,1,0,0
DEUTNP,2015,4,m,30.8218527876827,1778.17814721232,1843,3263,2292,9207,0.000289598633980021,0.0034006520897175,0.0241902377963673,0.0597987148178599,0.183942504879626,0.0119178695731825,1,0,0
DEUTNP,2015,4,f,33.2004860762244,920.799513923776,1136,2927,5122,10139,0.000329420397882545,0.00180589404604816,0.0133741248341493,0.0399447072004988,0.174967645502498,0.012702956622694,1,0,0
DEUTNP,2015,4,b,64.0223388639071,2698.9776611361,2979,6190,7414,19346,0.000308967096319475,0.0026133158676705,0.0184884186637262,0.0484188843136646,0.177647221050315,0.0123168167708114,1,0,0
DEUTNP,2015,5,m,35.2249746144945,1833.77502538551,1955,3443,2525,9792,0.000330969867405738,0.00350697756685703,0.0256602902289192,0.0630974487030008,0.202641721126115,0.0126751144629741,1,0,0
DEUTNP,2015,5,f,28.9165523889696,1018.08344761103,1207,3090,5580,10924,0.000286914540091248,0.00199668962528703,0.0142100076362836,0.0421691647589823,0.190612936724704,0.0136864679106726,1,0,0
DEUTNP,2015,5,b,64.1415270034641,2851.85847299654,3162,6533,8105,20716,0.000309542289510603,0.00276134445540215,0.0196241624084264,0.0511018693410615,0.194204306260157,0.0131890404333779,1,0,0
DEUTNP,2015,6,m,34.4911209766926,1884.50887902331,1921,3590,2634,10064,0.000324074661834785,0.00360400282029594,0.0252140243118946,0.0657914147091992,0.211389423147005,0.0130272009758345,1,0,0
DEUTNP,2015,6,f,40.1618783180133,988.838121681987,1200,3041,5571,10841,0.000398492416793401,0.00193933299208797,0.0141275966557915,0.0415004627935486,0.190305496504181,0.0135824788190774,1,0,0
DEUTNP,2015,6,b,74.6529992947059,2873.3470007053,3121,6631,8205,20905,0.000360269881309011,0.00278215096715762,0.0193697061596138,0.0518684364917464,0.19660041121093,0.0133093690992356,1,0,0
DEUTNP,2015,7,m,38.8942428035044,1888.1057571965,2072,3708,2834,10541,0.000365445895260503,0.00361088161997936,0.0271959700022101,0.0679539180339027,0.227440252543132,0.0136446468090492,1,0,0
DEUTNP,2015,7,f,35.8779446307586,1039.12205536924,1217,3294,6268,11854,0.000355986559002105,0.00203795104638161,0.0143277376084152,0.0449531484518083,0.214115033582517,0.0148516468887873,1,0,0
DEUTNP,2015,7,b,74.772187434263,2927.22781256574,3289,7002,9102,22395,0.00036084507450014,0.00283432167706212,0.0204123561547484,0.0547704407050532,0.218093472619365,0.0142579919147277,1,0,0
DEUTNP,2015,8,m,32.6564868821876,1972.34351311781,2131,3770,2961,10867,0.000306836647907403,0.00377198094580115,0.0279703726229294,0.0690901485943402,0.237632529209674,0.0140666328501981,1,0,0
DEUTNP,2015,8,f,36.9489280525723,1050.05107194743,1297,3413,6600,12397,0.000366613023449929,0.00205938529528082,0.015269577385468,0.0465771389392902,0.225456161717392,0.0155319610663317,1,0,0
DEUTNP,2015,8,b,69.6054149347599,3022.39458506524,3428,7183,9561,23264,0.000335910610610775,0.00292646798869304,0.0212750249007229,0.0561862432996854,0.229091594343413,0.0148112491138301,1,0,0
DEUTNP,2015,9,m,35.2249746144945,1988.77502538551,2204,4052,3018,11298,0.000330969867405738,0.0038034051631204,0.0289285317977176,0.0742581650143942,0.24220701558757,0.0146245346407967,1,0,0
DEUTNP,2015,9,f,29.9875358107833,1034.01246418922,1272,3423,6541,12300,0.000297541004539072,0.00202792999386126,0.014975252455139,0.0467136087281542,0.223440720271737,0.0154104316460337,1,0,0
DEUTNP,2015,9,b,65.2125104252778,3022.78748957473,3476,7475,9559,23598,0.000314710776696732,0.0029268484229604,0.0215729248993328,0.0584703005241749,0.229043672244398,0.0150238934228061,1,0,0
DEUTNP,2015,10,m,37.0596087089995,1945.940391291,2010,3846,2716,10555,0.00034820788133312,0.00372148666233682,0.0263821909770474,0.0704829473458441,0.217970263199417,0.0136627689089759,1,0,0
DEUTNP,2015,10,f,34.8069612089449,1003.19303879106,1196,3157,6056,11447,0.000345360094554281,0.00196748619910729,0.0140805046669389,0.0430835123443712,0.206873108387959,0.0143417244757844,1,0,0
DEUTNP,2015,10,b,71.8665699179444,2949.13343008206,3206,7003,8772,22002,0.00034682277817416,0.00285553204077533,0.0198972374071521,0.0547782628188357,0.210186326281813,0.0140077846888965,1,0,0
DEUTNP,2015,11,m,35.9588282522965,1755.0411717477,1916,3403,2617,9727,0.000337865072976691,0.00335640410248021,0.0251483969711556,0.0623643967285251,0.210025102648334,0.0125909761418861,1,0,0
DEUTNP,2015,11,f,28.3810606780628,980.618939321937,1202,3077,5755,11043,0.000281601307867336,0.00192321333491727,0.0141511426502178,0.0419917540334591,0.196590941012666,0.0138355607046464,1,0,0
DEUTNP,2015,11,b,64.3398889303593,2735.66011106964,3118,6480,8372,20770,0.00031049956957348,0.00264883406771222,0.0193510874097007,0.0506872973105891,0.200601906478721,0.0132234200521944,1,0,0
DEUTNP,2015,12,m,38.8942428035044,1870.1057571965,1899,3468,2408,9684,0.000365445895260503,0.00357645777009071,0.0249252640126433,0.0635556061870482,0.19325198592938,0.0125353154063972,1,0,0
DEUTNP,2015,12,f,35.8779446307586,991.122055369241,1099,2961,5238,10325,0.000355986559002105,0.00194381229750138,0.0129385239372624,0.0404087044826364,0.178930208344803,0.0129359924183169,1,0,0
DEUTNP,2015,12,b,74.772187434263,2861.22781256574,2998,6429,7646,20009,0.00036084507450014,0.00277041642517736,0.018606337413176,0.0502883695076817,0.183206184536109,0.012738922090725,1,0,0
DEUTNP,2015,13,m,38.5273159846034,1722.4726840154,1870,3220,2231,9082,0.000361998292475026,0.00329411895065814,0.0245446254363575,0.0590106839452985,0.179047001913807,0.0117560651095518,1,0,0
DEUTNP,2015,13,f,38.5554031852928,935.444596814707,1115,2842,5093,10024,0.000382552720121665,0.00183461633314398,0.0131268918926729,0.0387847139951546,0.173977004791921,0.0125588753512067,1,0,0
DEUTNP,2015,13,b,77.0827191698962,2657.91728083011,2985,6062,7324,19106,0.00037199553063749,0.00257355868667144,0.0185256561635524,0.0474176537495048,0.175490726594619,0.0121640184649603,1,0,0
DEUTNP,2015,14,m,39.9950232602073,1767.00497673979,1839,3090,2277,9013,0.000375788703616932,0.00337928411509937,0.0241377359237762,0.0566282650282523,0.182738692674916,0.0116667490456276,1,0,0
DEUTNP,2015,14,f,23.5616352799012,921.438364720099,1108,2812,4790,9655,0.000233782217852128,0.0018071469755208,0.0130444809121808,0.0383753046285625,0.163626517367623,0.0120965624018257,1,0,0
DEUTNP,2015,14,b,63.5566585401085,2688.44334145989,2947,5902,7067,18668,0.000306719757343574,0.00260311589263501,0.018289818664653,0.0461661155443051,0.169332736871133,0.0118851615567821,1,0,0
DEUTNP,2015,15,m,42.1965841736132,1785.80341582639,1834,2998,2102,8762,0.000396474320329791,0.0034152349287248,0.0240721085830373,0.054942245486958,0.168694216953304,0.0113418456826572,1,0,0
DEUTNP,2015,15,f,22.4906518580875,918.509348141912,1078,2636,4672,9327,0.000223155753404304,0.00180140251810164,0.012691290995786,0.0359734363445558,0.159595634476312,0.0116856175579314,1,0,0
DEUTNP,2015,15,b,64.6872360317007,2704.3127639683,2912,5634,6774,18089,0.000312175841125267,0.00261848164176631,0.0180725999156666,0.0440697890505955,0.162312149365368,0.0115165356439164,1,0,0
DEUTNP,2015,16,m,30.4549259687817,1764.54507403122,1772,3124,2152,8843,0.000286151031194545,0.00337457970834489,0.0232583295578746,0.0572513592065567,0.172706924302336,0.0114466949750899,1,0,0
DEUTNP,2015,16,f,25.1681104126217,946.831889587378,1033,2668,4600,9273,0.000249721914523864,0.00185694936428465,0.0121615061211939,0.0364101396689206,0.157136112712122,0.0116179620043635,1,0,0
DEUTNP,2015,16,b,55.6230363814034,2711.3769636186,2805,5792,6752,18116,0.000268432680595542,0.00262532163355444,0.0174085311687654,0.0453056830282303,0.161785006276198,0.0115337254533247,1,0,0
DEUTNP,2015,17,m,41.8296573547123,1745.17034264529,1683,2912,2089,8471,0.000393026717544314,0.00333752677251921,0.0220901628927218,0.0533661837418352,0.167650913042556,0.0109651648913249,1,0,0
DEUTNP,2015,17,f,39.6263866071065,903.373613392894,1103,2705,4446,9197,0.000393179184569489,0.00177171795283798,0.012985615926115,0.0369150778877175,0.151875468938716,0.0115227430771197,1,0,0
DEUTNP,2015,17,b,81.4560439618188,2648.54395603818,2786,5617,6535,17668,0.00039310087427535,0.00256448285815893,0.0172906124193156,0.0439368131162931,0.15658545853302,0.0112485019490694,1,0,0
DEUTNP,2015,18,m,36.3257550711975,1640.6742449288,1704,2964,2056,8401,0.000341312675762167,0.00313768466242243,0.0223657977238253,0.0543191513086536,0.165002526192195,0.0108745543916917,1,0,0
DEUTNP,2015,18,f,26.7745855453422,847.225414454658,1052,2586,4201,8713,0.0002656616111956,0.00166159876117289,0.0123851930682439,0.0352910874002357,0.143506262935571,0.0109163488562514,1,0,0
DEUTNP,2015,18,b,63.1003406165397,2487.89965938346,2756,5550,6257,17114,0.000304517600622257,0.00240893718783209,0.0171044249201844,0.0434127314928657,0.149924286769871,0.0108957925263965,1,0,0
DEUTNP,2015,19,m,33.3903405199896,1704.60965948001,1684,2814,1973,8209,0.000313731853478356,0.00325995705759351,0.0221032883608696,0.0515702064043695,0.158341431992802,0.010626022735555,1,0,0
DEUTNP,2015,19,f,30.5230275216901,939.47697247831,1024,2546,4323,8863,0.000302854236762984,0.00184252472481037,0.0120555491462754,0.0347452082447796,0.147673785924892,0.0111042809494957,1,0,0
DEUTNP,2015,19,b,63.9133680416797,2644.08663195832,2708,5360,6296,17072,0.000308441211149945,0.0025601670033399,0.0168065249215745,0.041926529874191,0.150858767700672,0.0108690528228725,1,0,0
DEUTNP,2015,20,m,38.1603891657024,1740.8396108343,1737,2784,1904,8204,0.00035855068968955,0.00332924452464312,0.0227989381727022,0.0510204174235127,0.152803895851138,0.0106195505570098,1,0,0
DEUTNP,2015,20,f,31.5940109435038,942.405989056496,1001,2490,4063,8528,0.000313480701210808,0.00184826918222954,0.0117847702103727,0.0339809774271411,0.138792179554207,0.0106845659412501,1,0,0
DEUTNP,2015,20,b,69.7544001092062,2683.2455998908,2738,5274,5967,16732,0.000336629602099686,0.00259808312014706,0.0169927124207057,0.0412538280888961,0.142975582412629,0.0106525885562502,1,0,0
DEUTNP,2015,21,m,34.1241941577916,1713.87580584221,1615,2807,1943,8113,0.000320627059049309,0.00327767797045009,0.0211976310586724,0.0514419223088363,0.155933807583383,0.0105017569074866,1,0,0
DEUTNP,2015,21,f,28.9165523889696,834.08344761103,951,2464,3939,8217,0.000286914540091248,0.00163582442124613,0.0111961203497148,0.0336261559760946,0.13455633651588,0.0102949200679235,1,0,0
DEUTNP,2015,21,b,63.0407465467612,2547.95925345324,2566,5271,5882,16330,0.000304230004026693,0.00246709057400067,0.015925237425687,0.0412303617475486,0.140938893204472,0.0103966513939497,1,0,0
DEUTNP,2015,22,m,31.5557064254847,1726.44429357452,1615,2846,1839,8058,0.000296493839550974,0.00330171440017366,0.0211976310586724,0.0521566479839502,0.147587376297396,0.0104305629434891,1,0,0
DEUTNP,2015,22,f,28.9165523889696,827.08344761103,922,2415,3949,8142,0.000286914540091248,0.0016220958537011,0.0108547034305331,0.0329574540106609,0.134897936760906,0.0102009540213014,1,0,0
DEUTNP,2015,22,b,60.4722588144543,2553.52774118555,2537,5261,5788,16200,0.000291834671230902,0.00247248232568477,0.0157452561765268,0.0411521406097237,0.138686554550745,0.010313885644947,1,0,0
DEUTNP,2015,23,m,38.5273159846034,1801.4726840154,1583,2879,1991,8293,0.000361998292475026,0.00344520140294722,0.0207776160779433,0.0527614158628927,0.159786006638453,0.0107347553351148,1,0,0
DEUTNP,2015,23,f,27.8455689671559,890.154431032844,1010,2499,4057,8484,0.000276288075643424,0.00174579217599225,0.0118907271852912,0.0341038002371187,0.138587219407191,0.0106294391938984,1,0,0
DEUTNP,2015,23,b,66.3728849517593,2691.62711504824,2593,5378,6048,16777,0.000320310658776207,0.0026061986176821,0.016092806174905,0.042067327922276,0.144916427422755,0.0106812382385973,1,0,0
DEUTNP,2015,24,m,39.6280964413063,1725.37190355869,1654,2760,1883,8062,0.000372341100831455,0.00329966352278885,0.021709524316436,0.0505805862388273,0.151118558764544,0.0104357406863253,1,0,0
DEUTNP,2015,24,f,28.3810606780628,875.618939321937,1002,2350,3954,8210,0.000281601307867336,0.00171728482174176,0.0117965432075859,0.0320704003830448,0.13506873688342,0.0102861499035721,1,0,0
DEUTNP,2015,24,b,68.0091571193691,2600.99084288063,2656,5110,5837,16272,0.000328207187853181,0.00251843901460986,0.0164837999230805,0.0399710014285664,0.139860645976624,0.0103597251367023,1,0,0
DEUTNP,2015,25,m,36.3257550711975,1665.6742449288,1545,2654,1802,7703,0.000341312675762167,0.00318549556504555,0.0202788482883275,0.0486379985064665,0.144617972859112,0.00997103826677794,1,0,0
DEUTNP,2015,25,f,30.5230275216901,863.47697247831,1016,2340,3666,7916,0.000302854236762984,0.00169347170575,0.0119613651685701,0.0319339305941808,0.125230649826661,0.00991780300081326,1,0,0
DEUTNP,2015,25,b,66.8487825928876,2529.15121740711,2561,4994,5468,15619,0.000322607305773706,0.00244887947883422,0.0158942061758318,0.0390636362297966,0.131019018708271,0.00994398641286587,1,0,0
DEUTNP,2015,26,m,37.0596087089995,1634.940391291,1707,2699,1848,7926,0.00034820788133312,0.00312671903370514,0.0224051741282686,0.0494626819777517,0.148309663620222,0.0102596974298951,1,0,0
DEUTNP,2015,26,f,33.7359777871312,921.264022212869,1008,2510,3753,8226,0.000334733630106457,0.00180680505082274,0.0118671811908649,0.0342539170048691,0.12820257195839,0.0103061959935182,1,0,0
DEUTNP,2015,26,b,70.7955864961307,2556.20441350387,2715,5209,5601,16152,0.000341654290988032,0.00247507404415015,0.0168499686713718,0.0407453906930338,0.1342058382928,0.0102833259837768,1,0,0
DEUTNP,2015,27,m,42.5635109925142,1945.43648900749,1846,3318,2289,9441,0.000399921923115267,0.00372052298141647,0.0242296142008107,0.0608066612827641,0.183701742438684,0.0122207675290991,1,0,0
DEUTNP,2015,27,f,32.6649943653175,987.335005634682,1123,2842,4826,9811,0.000324107165658633,0.00193638504491891,0.0132210758703782,0.0387847139951546,0.164856278249717,0.0122920117787998,1,0,0
DEUTNP,2015,27,b,75.2285053578317,2932.77149464217,2969,6160,7115,19252,0.000363047231221456,0.00283968941038733,0.0184263561640158,0.0481842209001897,0.170482867247504,0.0122569707676864,1,0,0
DEUTNP,2015,28,m,36.3257550711975,1757.6742449288,1768,2952,2015,8529,0.000341312675762167,0.00336143968669866,0.0232058276852835,0.0540992357163109,0.161712106165989,0.0110402421624496,1,0,0
DEUTNP,2015,28,f,32.6649943653175,893.335005634682,1070,2530,4306,8832,0.000324107165658633,0.00175202999502845,0.0125971070180808,0.0345268565825972,0.147093065508347,0.0110654416502252,1,0,0
DEUTNP,2015,28,b,68.990749436515,2651.00925056348,2838,5482,6321,17361,0.000332944280145963,0.00256686990766816,0.0176133374178097,0.0428808277556558,0.151457793938366,0.0110530474495015,1,0,0
DEUTNP,2015,29,m,34.4911209766926,1719.50887902331,1631,2772,1886,8043,0.000324074661834785,0.00328845086298331,0.021407638549037,0.05080050183117,0.151359321205486,0.0104111464078534,1,0,0
DEUTNP,2015,29,f,25.1681104126217,906.831889587378,974,2502,3996,8404,0.000249721914523864,0.00177850040688446,0.0114668992856174,0.0341447411737779,0.13650345791253,0.0105292087441681,1,0,0
DEUTNP,2015,29,b,59.6592313893143,2626.34076861069,2605,5274,5882,16447,0.000287911060703214,0.00254298436898925,0.0161672811745575,0.0412538280888961,0.140938893204472,0.0104711405680521,1,0,0
DEUTNP,2015,30,m,35.5919014333955,1649.4080985666,1630,2816,1857,7988,0.000334417470191215,0.00315438759945449,0.0213945130808892,0.0516068590030933,0.149031950943048,0.0103399524438559,1,0,0
DEUTNP,2015,30,f,26.7745855453422,874.225414454658,963,2498,3922,8284,0.0002656616111956,0.00171455180741803,0.0113373963162727,0.0340901532582323,0.133975616099335,0.0103788630695726,1,0,0
DEUTNP,2015,30,b,62.3664869787377,2523.63351302126,2593,5314,5779,16272,0.000300976076966317,0.00244353689870387,0.016092806174905,0.0415667126401961,0.138470905105176,0.0103597251367023,1,0,0
DEUTNP,2015,31,m,36.3257550711975,1554.6742449288,1499,2680,1738,7508,0.000341312675762167,0.00297321515739888,0.0196750767535294,0.0491144822898758,0.139481707452352,0.00971862330351405,1,0,0
DEUTNP,2015,31,f,31.058519232597,832.941480767403,1035,2367,3658,7924,0.000308167468986896,0.00163358476853943,0.0121850521156202,0.0323023990241136,0.12495736963064,0.00992782604578629,1,0,0
DEUTNP,2015,31,b,67.3842743037945,2387.6157256962,2534,5047,5396,15432,0.000325191549366771,0.00231183612658544,0.0157266374266137,0.039478208260269,0.129293823143715,0.00982493106622358,1,0,0
DEUTNP,2015,32,m,35.5919014333955,1740.4080985666,1571,2828,1938,8113,0.000334417470191215,0.00332841928500267,0.0206201104601699,0.0518267745954361,0.155532536848479,0.0105017569074866,1,0,0
DEUTNP,2015,32,f,27.8455689671559,872.154431032844,1043,2530,4065,8538,0.000276288075643424,0.00171049014516217,0.0122792360933254,0.0345268565825972,0.138860499603212,0.0106970947474663,1,0,0
DEUTNP,2015,32,b,63.4374704005514,2612.56252959944,2614,5358,6003,16651,0.000306144564152445,0.00252964343210225,0.0162231374242968,0.041910885646626,0.143838180194907,0.0106010191280255,1,0,0
DEUTNP,2015,33,m,40.7288768980093,1656.27112310199,1653,2870,1954,8174,0.000382683909187885,0.00316751269536495,0.0216963988482882,0.0525964791686356,0.15681660320017,0.0105807174857384,1,0,0
DEUTNP,2015,33,f,27.8455689671559,871.154431032844,991,2622,4195,8707,0.000276288075643424,0.00170852892122716,0.0116670402382411,0.0357823786401461,0.143301302788555,0.0109088315725216,1,0,0
DEUTNP,2015,33,b,68.5744458651652,2527.42555413483,2644,5492,6149,16881,0.000330935229744028,0.00244720858571175,0.016409324923428,0.0429590488934808,0.147336493423036,0.0107474508377994,1,0,0
DEUTNP,2015,34,m,36.6926818900985,1697.3073181099,1491,2584,1767,7576,0.000344760278547644,0.00324599179630682,0.0195700730083471,0.0473551575511339,0.14180907771479,0.00980664493172915,1,0,0
DEUTNP,2015,34,f,30.5230275216901,836.47697247831,907,2273,3610,7657,0.000302854236762984,0.00164051865950487,0.0106781084723357,0.0310195830087918,0.123317688454513,0.00959330691981141,1,0,0
DEUTNP,2015,34,b,67.2157094117886,2533.78429058821,2398,4857,5377,15233,0.000324378067601677,0.00245336550472269,0.0148825874305523,0.0379920066415943,0.128838563203068,0.00969823580428874,1,0,0
DEUTNP,2015,35,m,35.2249746144945,1546.77502538551,1640,2706,1888,7816,0.000330969867405738,0.00295810840474355,0.021525767762367,0.049590966073285,0.151519829499447,0.0101173095019001,1,0,0
DEUTNP,2015,35,f,32.1295026544107,868.870497345589,964,2440,3996,8301,0.00031879393343472,0.00170404961581375,0.0113491693134858,0.033298628482821,0.13650345791253,0.0104001620401403,1,0,0
DEUTNP,2015,35,b,67.3544772689052,2415.6455227311,2604,5146,5884,16117,0.000325047751068988,0.00233897629688535,0.0161610749245865,0.0402525975247364,0.140986815303487,0.0102610428975068,1,0,0
DEUTNP,2015,36,m,28.6202918742768,1575.37970812572,1555,2649,1820,7628,0.000268913017267162,0.00301281303278587,0.0204101029698053,0.048546367009657,0.146062547504764,0.00987395558859952,1,0,0
DEUTNP,2015,36,f,24.6326187017149,882.367381298285,946,2416,3757,8026,0.000244408682299952,0.00173052002766976,0.011137255363649,0.0329711009895473,0.1283392120564,0.0100556198691924,1,0,0
DEUTNP,2015,36,b,53.2529105759917,2457.74708942401,2501,5065,5577,15654,0.000256994627862627,0.00237974161846495,0.0155218311775694,0.039619006308354,0.133630773104614,0.00996626949913582,1,0,0
DEUTNP,2015,37,m,35.2249746144945,1700.77502538551,1585,2638,1908,7867,0.000330969867405738,0.003252623564902,0.0208038670142389,0.0483447777166762,0.15312491243906,0.0101833257230614,1,0,0
DEUTNP,2015,37,f,27.3100772562491,853.689922743751,999,2449,3756,8085,0.000270974843419512,0.0016742771095575,0.0117612242159464,0.0334214512927986,0.128305052031898,0.0101295398258685,1,0,0
DEUTNP,2015,37,b,62.5350518707436,2554.46494812926,2584,5087,5664,15952,0.000301789558731411,0.00247338978698486,0.0160369499251657,0.039791092811569,0.135715384411787,0.0101559940622342,1,0,0
DEUTNP,2015,38,m,35.5919014333955,1579.4080985666,1570,2772,1870,7827,0.000334417470191215,0.00302051707210974,0.0206069849920221,0.05080050183117,0.150075254853796,0.0101315482946996,1,0,0
DEUTNP,2015,38,f,28.3810606780628,947.618939321937,961,2333,3937,8207,0.000281601307867336,0.00185849294506211,0.0113138503218464,0.031838401741976,0.134488016466875,0.0102823912617072,1,0,0
DEUTNP,2015,38,b,63.9729621114583,2527.02703788854,2531,5105,5807,16034,0.00030872880774551,0.0024468227178163,0.0157080186767006,0.0399318908596539,0.139141814491392,0.0102082001500667,1,0,0
DEUTNP,2015,39,m,36.3257550711975,1579.6742449288,1573,2685,1822,7696,0.000341312675762167,0.003021026060022,0.0206463613964654,0.0492061137866852,0.146223055798725,0.00996197721681462,1,0,0
DEUTNP,2015,39,f,31.058519232597,814.941480767403,949,2462,3714,7971,0.000308167468986896,0.00159828273770934,0.0111725743552884,0.0335988620183218,0.126870331002787,0.00998671143500284,1,0,0
DEUTNP,2015,39,b,67.3842743037945,2394.6157256962,2522,5147,5536,15667,0.000325191549366771,0.0023186139563308,0.0156521624269612,0.0402604196385189,0.132648370074797,0.00997454607403609,1,0,0
DEUTNP,2015,40,m,27.5195114175739,1683.48048858243,1604,2720,2010,8045,0.000258570208910733,0.00321954886830184,0.0210532509090468,0.0498475342643515,0.161310835431085,0.0104137352792715,1,0,0
DEUTNP,2015,40,f,25.7036021235285,937.296397876471,1025,2461,3935,8384,0.000255035146747776,0.00183824812970918,0.0120673221434886,0.0335852150394354,0.13441969641787,0.0105041511317355,1,0,0
DEUTNP,2015,40,b,53.2231135411024,2620.7768864589,2629,5181,5945,16429,0.000256850829564844,0.00253759707671096,0.0163162311738624,0.0405263715071238,0.142448439323459,0.0104596806951132,1,0,0
DEUTNP,2015,41,m,34.1241941577916,1681.87580584221,1642,2942,1981,8281,0.000320627059049309,0.00321648001509249,0.0215520186986626,0.053915972722692,0.158983465168647,0.0107192221066063,1,0,0
DEUTNP,2015,41,f,34.2714694980381,920.728530501962,957,2498,4085,8495,0.000340046862330369,0.00180575483166231,0.0112667583329937,0.0340901532582323,0.139543700093265,0.0106432208807363,1,0,0
DEUTNP,2015,41,b,68.3956636558297,2602.60433634417,2599,5440,6066,16776,0.000330072439957335,0.00252000129803717,0.0161300436747313,0.0425522989767909,0.145347726313894,0.0106806015789896,1,0,0
DEUTNP,2015,42,m,36.6926818900985,1633.3073181099,1608,2946,2023,8247,0.000344760278547644,0.00312359588559162,0.0211057527816379,0.0539892779201395,0.162354139341834,0.0106752112924987,1,0,0
DEUTNP,2015,42,f,34.8069612089449,894.193038791055,1047,2509,4116,8601,0.000345360094554281,0.00175371279019175,0.0123263280821781,0.0342402700259827,0.140602660852847,0.010776026226629,1,0,0
DEUTNP,2015,42,b,71.4996430990434,2527.50035690096,2655,5455,6139,16848,0.00034505201634619,0.00244728101434222,0.0164775936731095,0.0426696306835283,0.147096882927959,0.0107264410707449,1,0,0
DEUTNP,2015,43,m,32.2895600632867,1722.71043993671,1640,2993,2151,8539,0.000303389045121927,0.00329457364366623,0.021525767762367,0.0548506139901486,0.172626670155356,0.01105318651954,1,0,0
DEUTNP,2015,43,f,34.2714694980381,910.728530501962,1036,2606,4215,8802,0.000340046862330369,0.00178614259231226,0.0121968251128333,0.0355640269779637,0.143984503278607,0.0110278552315763,1,0,0
DEUTNP,2015,43,b,66.5610295613248,2633.43897043867,2676,5599,6366,17341,0.000321218630817484,0.00254985728377328,0.0166079249225013,0.0437960150682081,0.152536041166213,0.0110403142573473,1,0,0
DEUTNP,2015,44,m,35.9588282522965,1664.0411717477,1565,2892,2066,8223,0.000337865072976691,0.00318237241693204,0.0205413576512832,0.0529996577545973,0.165805067662001,0.0106441448354816,1,0,0
DEUTNP,2015,44,f,32.6649943653175,924.335005634682,1011,2475,4129,8572,0.000324107165658633,0.0018128279370136,0.0119025001825043,0.0337762727438451,0.141046741171381,0.0107396926886017,1,0,0
DEUTNP,2015,44,b,68.623822617614,2588.37617738238,2576,5367,6195,16795,0.000331173518317993,0.00250622472103248,0.0159872999253974,0.0419812846706685,0.148438701700392,0.0106926981115361,1,0,0
DEUTNP,2015,45,m,35.2249746144945,1628.77502538551,1665,3022,2001,8352,0.000330969867405738,0.0031149281653474,0.0218539044660617,0.0553820766716435,0.16058854810826,0.0108111270419485,1,0,0
DEUTNP,2015,45,f,28.9165523889696,883.08344761103,986,2586,4188,8672,0.000286914540091248,0.00173192439406137,0.0116081752521754,0.0352910874002357,0.143062182617036,0.0108649807507646,1,0,0
DEUTNP,2015,45,b,64.1415270034641,2511.85847299654,2651,5608,6189,17024,0.000309542289510603,0.0024321355820564,0.0164527686732253,0.0438664140922506,0.148294935403345,0.0108384931617023,1,0,0
DEUTNP,2015,46,m,36.6926818900985,1610.3073181099,1618,2867,1998,8130,0.000344760278547644,0.00307960985517835,0.0212370074631158,0.0525415002705499,0.160347785667318,0.0105237623145404,1,0,0
DEUTNP,2015,46,f,31.5940109435038,876.405989056496,982,2525,4073,8488,0.000313480701210808,0.00171882840251922,0.0115610832633227,0.0344586216881652,0.139133779799233,0.0106344507163849,1,0,0
DEUTNP,2015,46,b,68.2866928336023,2486.7133071664,2600,5392,6071,16618,0.000329546554787805,0.00240778848878277,0.0161362499247023,0.0421768375152309,0.145467531561433,0.0105800093609709,1,0,0
DEUTNP,2015,47,m,35.9588282522965,1625.0411717477,1700,2958,2069,8388,0.000337865072976691,0.00310778740883996,0.0223132958512341,0.0542091935124823,0.166045830102943,0.0108577267274741,1,0,0
DEUTNP,2015,47,f,29.9875358107833,827.012464189217,1003,2464,4137,8461,0.000297541004539072,0.00162195663931525,0.0118083162047991,0.0336261559760946,0.141320021367402,0.0106006229396009,1,0,0
DEUTNP,2015,47,b,65.9463640630798,2452.05363593692,2703,5422,6206,16849,0.000318252300352672,0.00237422886726515,0.0167754936717193,0.0424115009287059,0.148702273244977,0.0107270777303526,1,0,0
DEUTNP,2015,48,m,31.5557064254847,1648.44429357452,1638,2870,2029,8217,0.000296493839550974,0.00315254438398951,0.0214995168260715,0.0525964791686356,0.162835664223718,0.0106363782212274,1,0,0
DEUTNP,2015,48,f,27.8455689671559,922.154431032844,969,2614,4052,8585,0.000276288075643424,0.00180855134191241,0.0114080342995516,0.0356732028090549,0.138416419284678,0.0107559801366829,1,0,0
DEUTNP,2015,48,b,59.4012753926406,2570.59872460736,2607,5484,6081,16802,0.000286666184044773,0.00248901149985889,0.0161796936744996,0.0428964719832208,0.14570714205651,0.0106971547287901,1,0,0
DEUTNP,2015,49,m,35.5919014333955,1697.4080985666,1622,2935,2083,8373,0.000334417470191215,0.00324618453249089,0.0212895093357069,0.0537876886271587,0.167169388160672,0.0108383101918385,1,0,0
DEUTNP,2015,49,f,30.5230275216901,838.47697247831,974,2658,4135,8636,0.000302854236762984,0.00164444110737488,0.0114668992856174,0.0362736698800566,0.141251701318397,0.010819877048386,1,0,0
DEUTNP,2015,49,b,66.1149289550856,2535.88507104491,2596,5593,6218,17009,0.000319065782117766,0.00245539960933239,0.0161114249248181,0.0437490823855131,0.148989805839069,0.0108289432675866,1,0,0
DEUTNP,2015,50,m,33.7572673388906,1592.24273266111,1672,2912,2096,8306,0.000317179456263832,0.00304506248974557,0.0219457827430961,0.0533661837418352,0.16821269207142,0.0107515829993324,1,0,0
DEUTNP,2015,50,f,29.9875358107833,960.012464189217,1019,2593,4146,8748,0.000297541004539072,0.0018827994226709,0.0119966841602096,0.0353866162524405,0.141627461587926,0.0109601996780084,1,0,0
DEUTNP,2015,50,b,63.7448031496739,2552.25519685033,2691,5505,6242,17054,0.000307627729384851,0.00247125017013512,0.0167010186720669,0.0430607363726533,0.149564871027255,0.0108575929499337,1,0,0
DEUTNP,2015,51,m,39.2611696224054,1638.73883037759,1707,2958,2155,8498,0.000368893498045979,0.0031339833057567,0.0224051741282686,0.0542091935124823,0.172947686743278,0.0110001146554692,1,0,0
DEUTNP,2015,51,f,28.3810606780628,921.618939321937,1034,2632,4294,8910,0.000281601307867336,0.00180750112275198,0.012173279118407,0.0359188484290102,0.146683145214316,0.0111631663387122,1,0,0
DEUTNP,2015,51,b,67.6422303004682,2560.35776969953,2741,5590,6449,17408,0.000326436426025212,0.00247909557860243,0.0170113311706188,0.0437256160441656,0.154524808275355,0.011082970451064,1,0,0
DEUTNP,2015,52,m,31.5557064254847,1615.44429357452,1639,2889,2140,8315,0.000296493839550974,0.00308943399252699,0.0215126422942192,0.0529446788565116,0.171743874538569,0.0107632329207138,1,0,0
DEUTNP,2015,52,f,27.3100772562491,884.689922743751,1036,2636,4277,8861,0.000270974843419512,0.00173507505154265,0.0121968251128333,0.0359734363445558,0.146102424797771,0.0111017751882524,1,0,0
DEUTNP,2015,52,b,58.8657836817338,2500.13421631827,2675,5525,6417,17176,0.000284081940451709,0.00242078343696267,0.0166017186725302,0.0432171786483032,0.153758054691108,0.0109352654220747,1,0,0
DEUTNP,2015,53,m,34.8580477955935,1627.14195220441,1652,3036,2109,8459,0.000327522264620262,0.00311180501723388,0.0216832733801404,0.05563864486271,0.169255995982169,0.0109496316628164,1,0,0
DEUTNP,2015,53,f,31.058519232597,953.941480767403,990,2493,4283,8751,0.000308167468986896,0.00187089286467502,0.011655267241028,0.0340219183638003,0.146307384944787,0.0109639583198733,1,0,0
DEUTNP,2015,53,b,65.9165670281905,2581.08343297181,2642,5529,6392,17210,0.00031810850205489,0.00249916343817659,0.016396912423486,0.0432484671034332,0.153159028453414,0.0109569118487369,1,0,0
DEUTNP,2016,1,m,38.4765190678695,1819.52348093213,1758,3132,2268,9016,0.000355261510097288,0.00345259055970632,0.0233579325752413,0.0548332237419657,0.172876293960246,0.0115470048126297,1,0,0
DEUTNP,2016,1,f,29.1905055949782,964.809494405022,1072,2753,4632,9451,0.000285129802487539,0.00188835270553087,0.0127977785299909,0.0362414690175522,0.156382996035813,0.0117747526113501,1,0,0
DEUTNP,2016,1,b,67.6670246628477,2784.33297533715,2830,5885,6900,18467,0.000321182412054453,0.00268258540596388,0.0177956029630835,0.0442210690933032,0.161445819971463,0.0116624494019752,1,0,0
DEUTNP,2016,2,m,38.0715030776814,1799.92849692232,1707,3159,2318,9022,0.000351521915254159,0.00341540859557184,0.0226803133708401,0.0553059239466378,0.176687499735384,0.0115546891547854,1,0,0
DEUTNP,2016,2,f,31.4799570141921,975.520042985808,1083,2717,4610,9417,0.000307492924251268,0.00190931569719662,0.0129290990186382,0.0357675522414418,0.155640244327525,0.0117323929045692,1,0,0
DEUTNP,2016,2,b,69.5514600918735,2775.44853990813,2790,5876,6928,18439,0.000330126909310997,0.00267402563346783,0.0175440750060081,0.0441534412901019,0.162100962429318,0.0116447665848823,1,0,0
DEUTNP,2016,3,m,34.0213431758004,1708.9786568242,1793,3287,2347,9170,0.000314125966822865,0.00324282903690151,0.0238229653625755,0.0575468730650834,0.178897999084964,0.0117442362612926,1,0,0
DEUTNP,2016,3,f,23.4668770469432,926.533122953057,1090,2699,4718,9457,0.000229221998078218,0.00181343709782969,0.0130126666023228,0.0355305938533866,0.159286479986391,0.0117822278537232,1,0,0
DEUTNP,2016,3,b,57.4882202227436,2635.51177977726,2883,5986,7065,18627,0.000272868584481978,0.00253920256675488,0.0181288775062084,0.0449800033292291,0.165306480883824,0.0117634940710777,1,0,0
DEUTNP,2016,4,m,42.9316949599386,1792.06830504006,1784,3180,2278,9077,0.000396397053371711,0.0034004936881389,0.0237033855029753,0.0556735796613828,0.173638535115274,0.0116251289578793,1,0,0
DEUTNP,2016,4,f,30.9075941593886,925.092405840611,1098,2811,4765,9630,0.000301902143810336,0.0018106172851382,0.0131081724122481,0.0370050016012856,0.160873267726824,0.011997764008814,1,0,0
DEUTNP,2016,4,b,73.8392891193272,2717.16071088067,2882,5991,7043,18707,0.000350479145520236,0.00261786781007552,0.0181225893072815,0.0450175743310076,0.164791726095509,0.011814016405629,1,0,0
DEUTNP,2016,5,m,38.4765190678695,1760.52348093213,1768,3200,2280,9047,0.000355261510097288,0.00334063660848921,0.0234907990859082,0.0560237279611399,0.173790983346279,0.0115867072471008,1,0,0
DEUTNP,2016,5,f,35.4864969978166,966.513503002183,1109,2776,4559,9446,0.000346628387337793,0.00189168783983806,0.0132394929008954,0.0365442491800671,0.153918410821949,0.0117685232427059,1,0,0
DEUTNP,2016,5,b,73.9630160656861,2727.03698393431,2877,5976,6839,18493,0.000351066417079251,0.00262738317558449,0.0180911483126471,0.0449048613256721,0.160018545331136,0.0116788691607044,1,0,0
DEUTNP,2016,6,m,38.4765190678695,1835.52348093213,1690,3080,2327,8971,0.000355261510097288,0.00348295095325673,0.0224544403027064,0.0539228381625972,0.177373516774909,0.011489372246462,1,0,0
DEUTNP,2016,6,f,40.0653998362445,1012.93460016376,1120,2776,4621,9570,0.00039135463086525,0.00198254453738002,0.0133708133895427,0.0365442491800671,0.156011620181669,0.0119230115850831,1,0,0
DEUTNP,2016,6,b,78.541918904114,2848.45808109589,2810,5856,6948,18541,0.000372800238915469,0.00274436719513493,0.0176698389845458,0.0440031572829879,0.162568921327786,0.0117091825614351,1,0,0
DEUTNP,2016,7,m,34.8313751561766,1785.16862484382,1800,3217,2207,9044,0.000321605156509124,0.00338740137525579,0.0239159719200423,0.0563213540159335,0.168226622914578,0.011582865076023,1,0,0
DEUTNP,2016,7,f,34.3417712882096,935.65822871179,1095,2795,4579,9439,0.000335446826455929,0.00183129701551052,0.0130723577335262,0.0367943719230143,0.154593639647665,0.0117598021266039,1,0,0
DEUTNP,2016,7,b,69.1731464443862,2720.82685355561,2895,6012,6786,18483,0.000328331238666122,0.00262139998130758,0.018204335893331,0.0451753725384773,0.158778454250195,0.0116725538688854,1,0,0
DEUTNP,2016,8,m,42.9316949599386,1848.06830504006,1734,3246,2243,9114,0.000396397053371711,0.00350675506556532,0.0230390529496407,0.0568290690505813,0.170970691072677,0.0116725157345061,1,0,0
DEUTNP,2016,8,f,26.9010541757642,923.098945824236,1064,2676,4671,9361,0.000262766680723811,0.00180671562824415,0.0127022727200656,0.0352278136908716,0.157699692245959,0.0116626239757537,1,0,0
DEUTNP,2016,8,b,69.8327491357028,2771.1672508643,2798,5922,6914,18475,0.000331462051413546,0.00266990079509202,0.0175943805974232,0.0444990945064642,0.161773391200391,0.0116675016354303,1,0,0
DEUTNP,2016,9,m,36.8564551071171,1793.14354489288,1808,3361,2359,9358,0.000340303130724771,0.0034025339822072,0.0240222651285758,0.0588424217741848,0.179812688470997,0.0119850123155045,1,0,0
DEUTNP,2016,9,f,39.493036981441,984.506963018559,1125,2754,4665,9568,0.000385763850424318,0.00192690515382681,0.013430504520746,0.0362546333724441,0.157497123598244,0.0119205198376254,1,0,0
DEUTNP,2016,9,b,76.3494920885581,2777.65050791144,2933,6115,7024,18926,0.000362393856539686,0.00267614713519999,0.0184432874525526,0.0459493351751146,0.164347165141965,0.011952321296463,1,0,0
DEUTNP,2016,10,m,32.401279215048,1789.59872078495,1818,3157,2293,9090,0.000299167587450348,0.00339580759127071,0.0241551316392427,0.0552709091166621,0.174781896847815,0.0116417783658833,1,0,0
DEUTNP,2016,10,f,38.3483112718341,1018.65168872817,1163,2876,4702,9798,0.000374582289542454,0.00199373418644646,0.0138841571178912,0.0378606846692626,0.158746296925818,0.0122070707952606,1,0,0
DEUTNP,2016,10,b,70.7495904868821,2808.25040951312,2981,6033,6995,18888,0.00033581385080343,0.00270562882801033,0.0187451210010431,0.0453331707459471,0.163668624739186,0.0119283231875512,1,0,0
DEUTNP,2016,11,m,43.3367109501267,1749.66328904987,1780,3376,2311,9260,0.00040013664821484,0.00332002912726557,0.0236502388987085,0.0591050329990026,0.176153930926865,0.0118595013936281,1,0,0
DEUTNP,2016,11,f,34.3417712882096,1027.65822871179,1058,2861,4730,9711,0.000335446826455929,0.00201136204380502,0.0126306433626216,0.0376632193458833,0.159691617281821,0.0120986797808508,1,0,0
DEUTNP,2016,11,b,77.6784822383363,2777.32151776166,2838,6237,7041,18971,0.000368701925558963,0.00267583016730056,0.0178459085544986,0.0468660676185102,0.164744930205663,0.0119807401096481,1,0,0
DEUTNP,2016,12,m,42.9316949599386,1843.06830504006,1764,3289,2253,9192,0.000396397053371711,0.00349726744258081,0.0234376524816414,0.0575818878950592,0.171732932227705,0.0117724121825302,1,0,0
DEUTNP,2016,12,f,38.9206741266376,956.079325873362,1122,2847,4670,9634,0.000380173069983386,0.0018712657702736,0.0133946898420241,0.0374789183773959,0.157665930804673,0.0120027475037294,1,0,0
DEUTNP,2016,12,b,81.8523690865762,2799.14763091342,2886,6136,6923,18826,0.000388513333733617,0.00269685869123374,0.018147742102989,0.0461071333825843,0.161983972704701,0.011889168378274,1,0,0
DEUTNP,2016,13,m,45.7668068912553,1814.23319310874,1800,3143,2304,9107,0.000422574217273617,0.00344255210843677,0.0239159719200423,0.0550258053068321,0.175620362118345,0.0116635506686578,1,0,0
DEUTNP,2016,13,f,37.7759484170306,956.224051582969,1102,2811,4603,9510,0.000368991509101522,0.00187154903156702,0.0131559253172108,0.0370050016012856,0.155403914238524,0.0118482591613522,1,0,0
DEUTNP,2016,13,b,83.5427553082859,2770.45724469171,2902,5954,6907,18617,0.00039653677390551,0.00266921673459581,0.0182483532858192,0.0447395489178466,0.161609605585927,0.0117571787792588,1,0,0
DEUTNP,2016,14,m,38.0715030776814,1785.92849692232,1734,3119,2208,8885,0.000351521915254159,0.00338884325121523,0.0230390529496407,0.0546056273471236,0.168302847030081,0.0113792300088969,1,0,0
DEUTNP,2016,14,f,26.9010541757642,900.098945824236,1061,2694,4677,9359,0.000262766680723811,0.00176169937117052,0.0126664580413436,0.0354647720789268,0.157902260893673,0.011660132228296,1,0,0
DEUTNP,2016,14,b,64.9725572534456,2686.02744274656,2795,5813,6885,18244,0.00030839308747478,0.00258787224148645,0.0175755160006425,0.0436800466676927,0.161094850797612,0.0115216183944136,1,0,0
DEUTNP,2016,15,m,37.2614710973052,1740.73852890269,1740,3119,2137,8774,0.0003440427255679,0.00330309417536486,0.0231187728560409,0.0546056273471236,0.162890934829385,0.0112370696790165,1,0,0
DEUTNP,2016,15,f,24.6116027565502,883.38839724345,1040,2577,4413,8938,0.000240403558960082,0.00172899300809427,0.0124157552902897,0.0339245425565681,0.148989240394223,0.0111356193884507,1,0,0
DEUTNP,2016,15,b,61.8730738538554,2624.12692614614,2780,5696,6550,17712,0.000293681349233543,0.00252823374856022,0.0174811930167393,0.0428008852260757,0.153256539248273,0.0111856448696477,1,0,0
DEUTNP,2016,16,m,41.7166469893743,1680.28335301063,1637,2962,2036,8357,0.000385178268842323,0.00318837899209973,0.0217502477961718,0.0518569631940302,0.155192299163607,0.0107030078991955,1,0,0
DEUTNP,2016,16,f,26.9010541757642,898.098945824236,948,2479,4066,8418,0.000262766680723811,0.00175778491403369,0.0113174384761487,0.0326344357771565,0.137274020268051,0.0104877650494493,1,0,0
DEUTNP,2016,16,b,68.6177011651385,2578.38229883487,2585,5441,6102,16775,0.000325694810428854,0.00248416076206276,0.0162549942259968,0.0408847641353718,0.142774259922589,0.0105939020262162,1,0,0
DEUTNP,2016,17,m,38.8815350580576,1664.11846494194,1636,3052,2163,8554,0.000359001104940418,0.00315770571938326,0.0217369611451051,0.0534326305429372,0.164872761832457,0.0109553104666409,1,0,0
DEUTNP,2016,17,f,27.4734170305677,884.526582969432,958,2489,4140,8499,0.000268357461164743,0.00173122069771332,0.0114368207385553,0.032766079326076,0.1397723669232,0.010588680821486,1,0,0
DEUTNP,2016,17,b,66.3549520886253,2548.64504791137,2594,5541,6303,17053,0.000314954642527435,0.00245551019618308,0.0163115880163387,0.0416361841709419,0.147477246852193,0.0107694671387818,1,0,0
DEUTNP,2016,18,m,46.5768388716315,1672.42316112837,1592,2977,2124,8412,0.000430053406959875,0.00317346408466679,0.0211523484981707,0.052119574418848,0.16190002132785,0.0107734477022894,1,0,0
DEUTNP,2016,18,f,27.4734170305677,884.526582969432,991,2475,4111,8489,0.000268357461164743,0.00173122069771332,0.0118307822044972,0.0325817783575887,0.138793285125912,0.0105762220841975,1,0,0
DEUTNP,2016,18,b,74.0502559021992,2556.9497440978,2583,5452,6235,16901,0.000351480502097148,0.00246351141478302,0.016242417828143,0.0409674203392845,0.145886186597402,0.0106734747031344,1,0,0
DEUTNP,2016,19,m,43.3367109501267,1715.66328904987,1644,3065,2158,8626,0.00040013664821484,0.00325551329097096,0.0218432543536386,0.0536602269377794,0.164491641254943,0.0110475225725093,1,0,0
DEUTNP,2016,19,f,32.0523198689956,969.947680131004,1038,2655,4308,9003,0.0003130837046922,0.0018984093094236,0.0123918788378084,0.0349513622381406,0.145444289059214,0.0112166011808258,1,0,0
DEUTNP,2016,19,b,75.3890308191223,2685.61096918087,2682,5720,6466,17629,0.000357835014640854,0.00258747098706782,0.0168649495219046,0.0429812260346125,0.151291111874707,0.0111332279475508,1,0,0
DEUTNP,2016,20,m,40.0965830286219,1610.90341697138,1638,2917,2057,8263,0.000370219889469806,0.00305672885693389,0.0217635344472385,0.0510691295195766,0.156793005589165,0.0105826198720895,1,0,0
DEUTNP,2016,20,f,36.0588598526201,838.94114014738,991,2460,4012,8338,0.000352219167778725,0.001641999566718,0.0118307822044972,0.0323843130342093,0.135450902438618,0.0103880951511414,1,0,0
DEUTNP,2016,20,b,76.155442881242,2449.84455711876,2629,5377,6069,16601,0.000361472799455034,0.00236032016070601,0.0165316749787797,0.0404038553126069,0.142002127740117,0.0104840159485672,1,0,0
DEUTNP,2016,21,m,40.50159901881,1554.49840098119,1555,2743,2043,7936,0.000373959484312935,0.00294969895170395,0.0206607424087032,0.0480228393116897,0.155725867972126,0.010163823224604,1,0,0
DEUTNP,2016,21,f,33.1970455786026,874.802954421397,995,2485,3962,8350,0.000324265265574064,0.00171218933413042,0.0118785351094598,0.0327134219065082,0.133762830374328,0.0104030456358876,1,0,0
DEUTNP,2016,21,b,73.6986445974126,2429.30135540259,2550,5228,6005,16286,0.000349811574468962,0.00234052766691891,0.0160349072635558,0.0392842394596074,0.14050465926502,0.0102850842562716,1,0,0
DEUTNP,2016,22,m,40.0965830286219,1659.90341697138,1521,2870,2007,8098,0.000370219889469806,0.003149707562182,0.0202089962724357,0.0502462810151474,0.152981799814027,0.0103713004628078,1,0,0
DEUTNP,2016,22,f,29.7628684497817,901.237131550218,943,2471,3903,8248,0.000290720582928472,0.00176392706078958,0.0112577473449454,0.0325291209380209,0.131770905338466,0.010275966515545,1,0,0
DEUTNP,2016,22,b,69.8594514784036,2561.1405485216,2464,5341,5910,16346,0.000331588794430235,0.00246754907510817,0.0154941221558437,0.0401333440998016,0.138281854497297,0.0103229760071851,1,0,0
DEUTNP,2016,23,m,45.7668068912553,1621.23319310874,1491,2765,1950,7873,0.000422574217273617,0.00307632986123501,0.019810396740435,0.0484080024414225,0.14863702523037,0.0100831376319691,1,0,0
DEUTNP,2016,23,f,28.0457798853712,883.954220114629,884,2355,3775,7926,0.000273948241605675,0.0017301004527824,0.0105533919967462,0.0310020557705541,0.127449440853884,0.00987479517485567,1,0,0
DEUTNP,2016,23,b,73.8125867766265,2505.18741322337,2375,5120,5725,15799,0.000350352402503547,0.00241364062899253,0.014934472451351,0.0384727058211916,0.133953234686468,0.00997752954469086,1,0,0
DEUTNP,2016,24,m,34.8313751561766,1535.16862484382,1551,2807,1932,7860,0.000321605156509124,0.00291302022603072,0.0206075958044364,0.0491433138709124,0.147264991151321,0.0100664882239651,1,0,0
DEUTNP,2016,24,f,33.1970455786026,849.802954421397,906,2333,3735,7857,0.000324265265574064,0.00166325861991996,0.0108160329740408,0.0307124399629311,0.126098983202452,0.0097888298875651,1,0,0
DEUTNP,2016,24,b,68.0284207347792,2384.97157926522,2457,5140,5667,15717,0.000322897783207068,0.0022978178288467,0.0154501047633555,0.0386229898283056,0.13259615388091,0.00992574415177583,1,0,0
DEUTNP,2016,25,m,40.50159901881,1752.49840098119,1697,2906,1955,8351,0.000373959484312935,0.00332540882189021,0.0225474468601732,0.0508765479547102,0.149018145807884,0.0106953235570398,1,0,0
DEUTNP,2016,25,f,21.7497884825327,958.250211517467,999,2526,4054,8559,0.000212449656755422,0.00187551468967501,0.0119262880144225,0.0332531604570784,0.136868882972622,0.010663433245217,1,0,0
DEUTNP,2016,25,b,62.2513875013427,2710.74861249866,2696,5432,6009,16910,0.000295477019878418,0.00261169002828952,0.016952984306881,0.0408171363321705,0.140598251044713,0.0106791584657714,1,0,0
DEUTNP,2016,26,m,44.9567749108791,1540.04322508912,1504,2800,1892,7781,0.000415095027587358,0.00292226989989623,0.019983123204302,0.0490207619659975,0.144216026531211,0.00996531105224841,1,0,0
DEUTNP,2016,26,f,33.1970455786026,854.802954421397,958,2367,3705,7918,0.000324265265574064,0.00167304476276205,0.0114368207385553,0.0311600280292575,0.125086139963879,0.00986482818502488,1,0,0
DEUTNP,2016,26,b,78.1538204894817,2394.84617951052,2462,5167,5597,15699,0.000370958124746164,0.00230733158267658,0.01548154575799,0.0388258732379096,0.130958297736272,0.00991437662650179,1,0,0
DEUTNP,2016,27,m,43.3367109501267,1734.66328904987,1550,2829,1912,8069,0.00040013664821484,0.00329156625831206,0.0205943091533698,0.0495284770006453,0.145740508841266,0.0103341594757219,1,0,0
DEUTNP,2016,27,f,33.7694084334061,894.230591566594,962,2378,3892,8160,0.000329856046014997,0.00175021366056787,0.011484573643518,0.031304835933069,0.131399529484323,0.0101663296274063,1,0,0
DEUTNP,2016,27,b,77.1061193835328,2628.89388061646,2512,5207,5804,16229,0.000365985197829436,0.00253282650474501,0.0157959557043342,0.0391264412521376,0.135801672335416,0.0102490870929039,1,0,0
DEUTNP,2016,28,m,38.4765190678695,1581.52348093213,1542,2787,2017,7966,0.000355261510097288,0.00300097970564406,0.0204880159448362,0.0487931655711553,0.153744040969055,0.0102022449353824,1,0,0
DEUTNP,2016,28,f,34.3417712882096,903.65822871179,927,2461,3880,8206,0.000335446826455929,0.00176866570132113,0.0110667357250947,0.0323974773891013,0.130994392188893,0.0102236398189333,1,0,0
DEUTNP,2016,28,b,72.8182903560791,2485.18170964392,2469,5248,5897,16172,0.000345632961620197,0.00239436599160769,0.0155255631504782,0.0394345234667214,0.137977681213292,0.0102130899295361,1,0,0
DEUTNP,2016,29,m,49.0069348127601,1701.99306518724,1700,2934,2077,8462,0.000452490976018651,0.00322957370494648,0.0225873068133733,0.0513667555743702,0.15831748789922,0.0108374838869202,1,0,0
DEUTNP,2016,29,f,32.0523198689956,909.947680131004,999,2463,4119,8523,0.0003130837046922,0.00178097559531849,0.0119262880144225,0.0324238060988852,0.139063376656199,0.0106185817909784,1,0,0
DEUTNP,2016,29,b,81.0592546817557,2611.94074531824,2699,5397,6196,16985,0.000384748805902748,0.00251649288597916,0.0169718489036616,0.0405541393197209,0.144973666745389,0.0107265231544132,1,0,0
DEUTNP,2016,30,m,40.9066150089981,1664.093384991,1630,2731,1965,8031,0.000377699079156064,0.00315765812955946,0.021657241238705,0.0478127503318354,0.149780386962912,0.0102854919754025,1,0,0
DEUTNP,2016,30,f,30.3352313045851,800.664768695415,939,2438,3918,8126,0.000296311363369404,0.00156708395901682,0.0112099944399827,0.0320946972265863,0.132277326957753,0.0101239699206254,1,0,0
DEUTNP,2016,30,b,71.2418463135832,2464.75815368641,2569,5169,5883,16157,0.00033815034948289,0.00237468877137765,0.0161543830431666,0.038840901638621,0.137650109984365,0.0102036169918077,1,0,0
DEUTNP,2016,31,m,42.5266789697505,1521.47332103025,1579,2619,1838,7600,0.000392657458528582,0.00288703305018245,0.0209796220343038,0.0458519198531955,0.140099924294062,0.00973350006388483,1,0,0
DEUTNP,2016,31,f,29.1905055949782,807.809494405022,855,2363,3784,7839,0.000285129802487539,0.00158106782028917,0.010207183435767,0.0311073706096897,0.127753293825457,0.00976640416044582,1,0,0
DEUTNP,2016,31,b,71.7171845647287,2329.28281543527,2434,4982,5622,15439,0.000340406548670091,0.00224416409330227,0.0153054761880372,0.0374357461721048,0.131543246359357,0.00975017903921022,1,0,0
DEUTNP,2016,32,m,36.0464231267409,1589.95357687326,1535,2610,1858,7629,0.000332823941038512,0.00301697602004658,0.0203950093873694,0.0456943531183048,0.141624406604117,0.00977064105097071,1,0,0
DEUTNP,2016,32,f,28.0457798853712,857.954220114629,953,2316,3703,7858,0.000273948241605675,0.00167921251000352,0.011377129607352,0.0304886459297678,0.125018617081307,0.00979007576129395,1,0,0
DEUTNP,2016,32,b,64.0922030121121,2447.90779698789,2488,4926,5561,15487,0.000304214474626015,0.00235845417538459,0.015645038930089,0.0370149509521855,0.13011597171903,0.00978049243994097,1,0,0
DEUTNP,2016,33,m,37.2614710973052,1641.73852890269,1553,2842,1995,8069,0.0003440427255679,0.00311523924027173,0.0206341691065698,0.0497560733954874,0.152067110427994,0.0103341594757219,1,0,0
DEUTNP,2016,33,f,26.3286913209607,884.671308679039,919,2402,3957,8189,0.000257175900282879,0.00173150395900675,0.0109712299151694,0.031620780450476,0.133594023167899,0.0102024599655429,1,0,0
DEUTNP,2016,33,b,63.5901624182659,2526.40983758173,2472,5244,5952,16258,0.000301831532422125,0.00243408752466456,0.0155444277472588,0.0394044666652986,0.139264568184079,0.0102674014391787,1,0,0
DEUTNP,2016,34,m,44.9567749108791,1696.04322508912,1642,2982,2076,8441,0.000415095027587358,0.00321828373701267,0.0218166810515052,0.0522071114937873,0.158241263783717,0.0108105886893752,1,0,0
DEUTNP,2016,34,f,30.9075941593886,882.092405840611,921,2647,4225,8706,0.000301902143810336,0.00172645645669621,0.0109951063676508,0.0348460473990049,0.142642089432493,0.0108465766833577,1,0,0
DEUTNP,2016,34,b,75.8643690702677,2578.13563092973,2563,5629,6301,17147,0.000360091213828055,0.00248392310811537,0.0161166538496053,0.0422974338022437,0.147430450962346,0.0108288308818795,1,0,0
DEUTNP,2016,35,m,46.9818548618196,1626.01814513818,1590,2815,1883,7961,0.000433793001803005,0.00308540942540586,0.0211257751960374,0.0492833731908153,0.143530009491686,0.0101958413169194,1,0,0
DEUTNP,2016,35,f,34.3417712882096,830.65822871179,962,2503,3810,8140,0.000335446826455929,0.00162578801582658,0.011484573643518,0.0329503802945634,0.128631091298887,0.0101414121528293,1,0,0
DEUTNP,2016,35,b,81.3236261500292,2456.67637384997,2552,5318,5693,16101,0.000386003648513038,0.00236690232312038,0.0160474836614096,0.0399605174916205,0.133204500448919,0.0101682513576218,1,0,0
DEUTNP,2016,36,m,41.7166469893743,1613.28335301063,1521,2857,1907,7940,0.000385178268842323,0.00306124484410741,0.0202089962724357,0.0500186846203053,0.145359388263752,0.0101689461193744,1,0,0
DEUTNP,2016,36,f,33.1970455786026,890.802954421397,907,2334,4011,8176,0.000324265265574064,0.00174350499122512,0.0108279712002815,0.030725604317823,0.135417140997333,0.0101862636070679,1,0,0
DEUTNP,2016,36,b,74.9136925679769,2504.08630743203,2428,5191,5918,16116,0.000355578815453653,0.00241257976078731,0.0152677469944759,0.0390062140464464,0.138469038056684,0.0101777242953502,1,0,0
DEUTNP,2016,37,m,44.1467429305029,1617.8532570695,1555,2788,1995,8000,0.000407615837901099,0.00306991634946459,0.0206607424087032,0.0488106729861432,0.152067110427994,0.0102457895409314,1,0,0
DEUTNP,2016,37,f,32.6246827237991,876.375317276201,935,2491,4037,8372,0.000318674485133132,0.00171526680762976,0.01116224153502,0.0327924080358599,0.136294938470763,0.0104304548579222,1,0,0
DEUTNP,2016,37,b,76.771425654302,2494.2285743457,2490,5279,6032,16372,0.000364396569693509,0.0024030822577417,0.0156576153279427,0.0396674636777481,0.141136403777951,0.0103393957659142,1,0,0
DEUTNP,2016,38,m,42.9316949599386,1522.06830504006,1520,2634,1903,7622,0.000396397053371711,0.00288816204697583,0.020195709621369,0.0461145310780133,0.145054491801741,0.0097616759851224,1,0,0
DEUTNP,2016,38,f,26.9010541757642,822.098945824236,962,2334,3839,7984,0.000262766680723811,0.00160903554283389,0.011484573643518,0.030725604317823,0.129610173096175,0.0099470558511289,1,0,0
DEUTNP,2016,38,b,69.8327491357028,2344.1672508643,2482,4968,5742,15606,0.000331462051413546,0.00225850460846751,0.0156073097365277,0.037330547367125,0.134350999750165,0.00985564441258596,1,0,0
DEUTNP,2016,39,m,40.0965830286219,1631.90341697138,1503,2866,2046,8087,0.000370219889469806,0.00309657687346879,0.0199698365532353,0.050176251355196,0.155954540318635,0.010357212502189,1,0,0
DEUTNP,2016,39,f,35.4864969978166,863.513503002183,972,2418,3960,8249,0.000346628387337793,0.00169009329729096,0.0116039559059246,0.0318314101287472,0.133695307491757,0.0102772123892738,1,0,0
DEUTNP,2016,39,b,75.5830800264385,2495.41691997356,2475,5284,6006,16336,0.000358756071725507,0.00240422717778782,0.0155632923440395,0.0397050346795266,0.140528057209943,0.0103166607153662,1,0,0
DEUTNP,2016,40,m,40.0965830286219,1651.90341697138,1508,2862,2069,8131,0.000370219889469806,0.0031345273654068,0.0200362698085688,0.0501062216952445,0.157707694975198,0.0104135643446642,1,0,0
DEUTNP,2016,40,f,32.6246827237991,903.375317276201,990,2414,3881,8221,0.000318674485133132,0.00176811197897706,0.0118188439782565,0.0317787527091794,0.131028153630179,0.0102423279248661,1,0,0
DEUTNP,2016,40,b,72.721265752421,2555.27873424758,2498,5276,5950,16352,0.000345172433077871,0.00246190146845938,0.0157079209193578,0.039644921076681,0.139217772294233,0.0103267651822764,1,0,0
DEUTNP,2016,41,m,50.2219827833244,1672.77801721668,1670,3057,2245,8695,0.00046370976054804,0.00317413743282271,0.0221887072813726,0.0535201676178765,0.171123139303683,0.0111358925072998,1,0,0
DEUTNP,2016,41,f,38.9206741266376,892.079325873362,976,2561,4264,8732,0.000380173069983386,0.00174600314189482,0.0116517088108872,0.0337139128782968,0.143958785642639,0.0108789694003078,1,0,0
DEUTNP,2016,41,b,89.142656909962,2564.85734309004,2646,5618,6509,17427,0.000423116779641766,0.00247113004726724,0.0166385743605367,0.0422147775983309,0.152297223506413,0.0110056590528089,1,0,0
DEUTNP,2016,42,m,38.4765190678695,1680.52348093213,1672,3149,2280,8820,0.000355261510097288,0.00318883464073719,0.022215280583506,0.0551308497967593,0.173790983346279,0.0112959829688769,1,0,0
DEUTNP,2016,42,f,30.9075941593886,869.092405840611,968,2605,4306,8779,0.000301902143810336,0.00170101248530677,0.0115562030009619,0.0342931444935428,0.145376766176643,0.0109375254655637,1,0,0
DEUTNP,2016,42,b,69.3841132272581,2549.61588677274,2640,5754,6586,17599,0.000329332595243034,0.00245644555778822,0.0166008451669754,0.0432367088467063,0.154098865265515,0.0111142820720941,1,0,0
DEUTNP,2016,43,m,30.3761992641075,1666.62380073589,1625,3095,2184,8601,0.000280469613234701,0.00316245965567578,0.0215908079833715,0.054185449387415,0.166473468258015,0.0110155044801939,1,0,0
DEUTNP,2016,43,f,29.1905055949782,928.809494405022,982,2660,4385,8985,0.000285129802487539,0.0018178924770678,0.0117233381683312,0.0350171840126004,0.148043920038221,0.0111941754537066,1,0,0
DEUTNP,2016,43,b,59.5667048590857,2595.43329514091,2607,5755,6569,17586,0.000282734138823175,0.00250058866571254,0.0163933346023882,0.043244223047062,0.153701100201818,0.0111060721927295,1,0,0
DEUTNP,2016,44,m,38.4765190678695,1720.52348093213,1651,3164,2130,8704,0.000355261510097288,0.0032647356246132,0.0219362609111055,0.0553934610215771,0.162357366020866,0.0111474190205334,1,0,0
DEUTNP,2016,44,f,34.9141341430131,866.085865856987,977,2588,4410,8876,0.000341037606896861,0.00169512799935872,0.0116636470371279,0.0340693504603796,0.148887956070366,0.011058375217262,1,0,0
DEUTNP,2016,44,b,73.3906532108826,2586.60934678912,2628,5752,6540,17580,0.000348349689349724,0.0024920871699212,0.0165253867798528,0.0432216804459949,0.153022559799039,0.0111022830176382,1,0,0
DEUTNP,2016,45,m,42.5266789697505,1732.47332103025,1625,3138,2294,8832,0.000392657458528582,0.0032874107401284,0.0215908079833715,0.0549382682318929,0.174858120963318,0.0113113516531883,1,0,0
DEUTNP,2016,45,f,32.0523198689956,860.947680131004,1028,2602,4427,8950,0.0003130837046922,0.00168507139546599,0.0122724965754017,0.034253651428867,0.149461900572224,0.0111505698731969,1,0,0
DEUTNP,2016,45,b,74.5789988387461,2593.42100116125,2653,5740,6721,17782,0.000353990187317727,0.00249864990676734,0.0166825917530249,0.0431315100417265,0.157257587830174,0.0112298519123801,1,0,0
DEUTNP,2016,46,m,44.1467429305029,1625.8532570695,1697,3232,2419,9018,0.000407615837901099,0.0030850965462398,0.0225474468601732,0.0565839652407513,0.184386135401162,0.0115495662600149,1,0,0
DEUTNP,2016,46,f,41.782488400655,991.217511599345,1025,2881,4634,9573,0.000408126972188047,0.00194003923121888,0.0122366818966797,0.0379265064437224,0.156450518918384,0.0119267492062697,1,0,0
DEUTNP,2016,46,b,85.9292313311579,2617.07076866884,2722,6113,7053,18591,0.000407864213365944,0.00252143544345863,0.01711647747898,0.0459343067744032,0.165025705544743,0.0117407590205296,1,0,0
DEUTNP,2016,47,m,36.8564551071171,1659.14354489288,1565,3128,2340,8729,0.000340303130724771,0.00314826568622256,0.0207936089193701,0.0547631940820143,0.178364430276444,0.0111794371128488,1,0,0
DEUTNP,2016,47,f,33.7694084334061,852.230591566594,1015,2763,4518,9182,0.000329856046014997,0.00166801006069429,0.0121172996342731,0.0363731125664717,0.152534191729232,0.0114396125782898,1,0,0
DEUTNP,2016,47,b,70.6258635405232,2511.37413645947,2580,5891,6858,17911,0.000335226579244414,0.00241960127149144,0.0162235532313623,0.0442661542954374,0.16046310628468,0.011311319176844,1,0,0
DEUTNP,2016,48,m,40.0965830286219,1746.90341697138,1603,3115,2414,8919,0.000370219889469806,0.00331479220211233,0.0212985016599043,0.0545355976871722,0.184005014823648,0.0114227746144459,1,0,0
DEUTNP,2016,48,f,28.6181427401747,942.381857259825,1048,2789,4419,9227,0.000279539022046607,0.00184445669338817,0.012511261100215,0.0367153857936625,0.149191809041938,0.011495676896088,1,0,0
DEUTNP,2016,48,b,68.7147257687966,2689.28527423121,2651,5904,6833,18146,0.000326155338971181,0.00259101102239851,0.0166700153551712,0.0443638389000616,0.159878157661595,0.0114597285345883,1,0,0
DEUTNP,2016,49,m,39.6915670384338,1728.30843296157,1669,3331,2473,9241,0.000366480294626676,0.00327950776257474,0.0221754206303059,0.0583171993245491,0.188502237638311,0.0118351676434684,1,0,0
DEUTNP,2016,49,f,29.1905055949782,926.809494405022,1101,2789,4706,9552,0.000285129802487539,0.00181397801993097,0.0131439870909701,0.0367153857936625,0.158881342690962,0.0119005858579638,1,0,0
DEUTNP,2016,49,b,68.882072633412,2655.11792736659,2770,6120,7179,18793,0.000326949653039144,0.00255809224907959,0.0174183110274704,0.0459869061768931,0.167973846605092,0.0118683279152716,1,0,0
DEUTNP,2016,50,m,39.6915670384338,1639.30843296157,1737,3264,2503,9183,0.000366480294626676,0.00311062807345062,0.0230789129028408,0.0571442025203628,0.190788961103393,0.0117608856692966,1,0,0
DEUTNP,2016,50,f,38.9206741266376,946.079325873362,1075,2889,4753,9702,0.000380173069983386,0.00185169348458941,0.0128335932087129,0.038031821282858,0.160468130431394,0.0120874669172912,1,0,0
DEUTNP,2016,50,b,78.6122411650714,2585.38775883493,2812,6153,7256,18885,0.000373134024441106,0.00249091022231938,0.0176824153823996,0.0462348747886312,0.169775488364194,0.0119264286000055,1,0,0
DEUTNP,2016,51,m,36.451439116929,1726.54856088307,1779,3374,2525,9441,0.000336563535881642,0.0032761683620184,0.0236369522476418,0.0590700181690269,0.192465891644454,0.0120913123819917,1,0,0
DEUTNP,2016,51,f,33.7694084334061,940.230591566594,1060,3084,4817,9935,0.000329856046014997,0.00184024617471512,0.0126545198151029,0.0405988704867893,0.162628862673685,0.0123777554961129,1,0,0
DEUTNP,2016,51,b,70.2208475503351,2666.77915244966,2839,6458,7342,19376,0.00033330416558285,0.00256932733931506,0.0178521967534255,0.0485267058971202,0.171787711627606,0.0122365094283138,1,0,0
DEUTNP,2016,52,m,41.3116309991862,1692.68836900081,1819,3380,2659,9592,0.000381438673999194,0.00321191781506605,0.0241684182903094,0.0591750626589541,0.202679923121823,0.0122847016595768,1,0,0
DEUTNP,2016,52,f,31.4799570141921,907.520042985808,1108,2995,5110,10152,0.000307492924251268,0.00177622415454416,0.0132275546746548,0.0394272429014053,0.172520964970424,0.0126481100952731,1,0,0
DEUTNP,2016,52,b,72.7915880133783,2600.20841198662,2927,6375,7769,19744,0.000345506218603508,0.00250518928599593,0.0184055582589913,0.047903027267597,0.181778634109898,0.0124689121672496,1,0,0
DEUTNP,2017,1,m,42.2909072875598,1845.70909271244,1831,3620,2761,10100,0.000385238629506538,0.00350494059667723,0.0242924325980907,0.0617105305061773,0.203103285470649,0.0128825070481596,1,0,0
DEUTNP,2017,1,f,34.3501470098746,986.649852990125,1089,3145,5563,10818,0.000330869867373368,0.00193285706026971,0.0129767471322674,0.0405664843712997,0.187271579553798,0.0134313099955288,1,0,0
DEUTNP,2017,1,b,76.6410542974344,2832.35894570257,2920,6765,8324,20918,0.000358812876166745,0.00273113229591915,0.0183310458564509,0.0496739690621503,0.192242002928341,0.0131606069264776,1,0,0
DEUTNP,2017,2,m,43.4992189243472,1858.50078107565,1911,3826,3076,10715,0.000396245447492439,0.00352923159032367,0.0253538168732667,0.0652222347283521,0.226275156141875,0.0136669369327753,1,0,0
DEUTNP,2017,2,f,35.4763813380672,978.523618661933,1218,3274,5849,11355,0.000341718059746265,0.00191693768487321,0.0145139375639134,0.0422304196602974,0.19689941916415,0.0140980333702375,1,0,0
DEUTNP,2017,2,b,78.9756002624144,2837.02439973758,3129,7100,8925,22070,0.000369742594708808,0.00273563100968899,0.0196430967413819,0.0521338034502982,0.206122041823095,0.013885390327343,1,0,0
DEUTNP,2017,3,m,38.6659723771975,1786.3340276228,1850,3719,2865,10259,0.000352218175548834,0.00339218930944312,0.024544511363445,0.0633981941857662,0.210753680866863,0.0130853108719871,1,0,0
DEUTNP,2017,3,f,34.3501470098746,984.649852990125,1180,3089,5689,10977,0.000330869867373368,0.00192893904000262,0.0140611217778471,0.0398441558737503,0.191513215186331,0.013628719709828,1,0,0
DEUTNP,2017,3,b,73.0161193870721,2770.98388061293,3030,6808,8554,21236,0.00034184190241087,0.00267195073537408,0.019021598953783,0.0499897089985394,0.197553831457115,0.0133606773444248,1,0,0
DEUTNP,2017,4,m,45.1103011067305,1769.88969889327,1847,3857,2992,10511,0.000410921204806973,0.00336096207240083,0.0245047094531259,0.0657506950724658,0.220095990629548,0.0134067358003174,1,0,0
DEUTNP,2017,4,f,32.6607955175857,991.339204482414,1155,3328,6065,11572,0.000314597578814022,0.00194204354736286,0.0137632166554351,0.0429269507115057,0.204170794534206,0.0143674541752874,1,0,0
DEUTNP,2017,4,b,77.7710966243162,2761.22890337568,3002,7185,9057,22083,0.000364103431486157,0.00266254439462091,0.0188458218017348,0.0527579405338581,0.209170569500479,0.013893569306693,1,0,0
DEUTNP,2017,5,m,41.888136741964,1888.11186325804,2029,3978,3240,11177,0.000381569690177904,0.00358546205722789,0.0269193586791513,0.0678133951252965,0.238339241189751,0.0142562159680475,1,0,0
DEUTNP,2017,5,f,29.2820925330079,973.717907466992,1277,3617,6566,12463,0.00028205300169533,0.00190752324794342,0.0152169936528057,0.0466546817077873,0.221036345739752,0.0154736935176812,1,0,0
DEUTNP,2017,5,b,71.1702292749719,2861.82977072503,3306,7595,9806,23640,0.000333199939610619,0.00275954985299763,0.0207542594525434,0.0557684841133824,0.226468654578966,0.0148731593719252,1,0,0
DEUTNP,2017,6,m,37.0548901948143,1861.94510980519,1931,3932,3103,10865,0.0003375424182343,0.00353577225680254,0.0256191629420607,0.0670292281630634,0.228261316485123,0.0138582612948767,1,0,0
DEUTNP,2017,6,f,31.5345611893931,972.465438810607,1197,3457,6221,11879,0.000303749386441124,0.00190506964915361,0.0142636972610873,0.0445908860005034,0.209422343412579,0.0147486163280538,1,0,0
DEUTNP,2017,6,b,68.5894513842074,2834.4105486158,3128,7389,9324,22744,0.000321117429182997,0.00273311057589077,0.0196368189859516,0.0542558695344019,0.215336909575186,0.0143094389490299,1,0,0
DEUTNP,2017,7,m,39.874284013985,1857.12571598601,1843,4019,3083,10842,0.000363224993534735,0.00352662038714178,0.0244516402393671,0.0685123265481566,0.226790086601236,0.0138289248926878,1,0,0
DEUTNP,2017,7,f,30.9714440252968,1007.0285559747,1192,3443,6168,11841,0.000298325290254676,0.00197277914592503,0.0142041162366049,0.044410303876116,0.207638163344927,0.0147014366479069,1,0,0
DEUTNP,2017,7,b,70.8457280392818,2864.15427196071,3035,7462,9251,22683,0.000331680711792513,0.00276179127808476,0.0190529877309345,0.0547918931473416,0.213650981389967,0.0142710606613104,1,0,0
DEUTNP,2017,8,m,42.2909072875598,1834.70909271244,1910,3776,3021,10584,0.000385238629506538,0.00348405196004664,0.025340549569827,0.0643698793346204,0.222229273961185,0.0134998469898734,1,0,0
DEUTNP,2017,8,f,39.4182014867414,963.581798513259,1230,3332,6117,11682,0.000379686733051405,0.00188766650778833,0.0146569320226711,0.0429785456041878,0.205921310826997,0.0145040269336076,1,0,0
DEUTNP,2017,8,b,81.7091087743012,2798.2908912257,3140,7108,9138,22266,0.000382540148972218,0.00269828181134971,0.0197121520511151,0.052192545764045,0.211041256938873,0.0140087041698514,1,0,0
DEUTNP,2017,9,m,38.6659723771975,1741.3340276228,1810,3655,2800,10045,0.000352218175548834,0.00330673579595433,0.024013819225857,0.0623071792817896,0.20597218374423,0.0128123547820558,1,0,0
DEUTNP,2017,9,f,32.6607955175857,943.339204482414,1114,3224,5571,10885,0.000314597578814022,0.00184801106095264,0.0132746522546794,0.0415854835017711,0.187540889752689,0.0135144952210511,1,0,0
DEUTNP,2017,9,b,71.3267678947832,2684.67323210521,2924,6879,8371,20930,0.000333932811475713,0.00258872477279657,0.0183561568781721,0.0505110470330424,0.193327463540743,0.01316815675357,1,0,0
DEUTNP,2017,10,m,40.6798251051766,1684.32017489482,1740,3284,2509,9258,0.000370562872192003,0.00319846837299571,0.023085107985078,0.0559827022603001,0.184565788933669,0.0118085396288972,1,0,0
DEUTNP,2017,10,f,30.9714440252968,933.028555974703,1069,2863,4948,9844,0.000298325290254676,0.0018278123960426,0.0127384230343378,0.0369290444372118,0.166568358014056,0.0122220202991297,1,0,0
DEUTNP,2017,10,b,71.6512691304734,2617.34873086952,2809,6147,7457,19102,0.000335452039293819,0.00252380640504857,0.0176342150036886,0.0451361253252089,0.172218718865526,0.0120180664265023,1,0,0
DEUTNP,2017,11,m,42.6936778331556,1713.30632216684,1692,3258,2393,9099,0.000388907568835171,0.00325351210914899,0.0224482774199724,0.0555394774555596,0.176032655607122,0.0116057358050697,1,0,0
DEUTNP,2017,11,f,35.4763813380672,919.523618661933,1000,2897,4714,9566,0.000341718059746265,0.00180135608699397,0.0119162048964806,0.0373676010250096,0.158691034696495,0.0118768636917386,1,0,0
DEUTNP,2017,11,b,78.1700591712228,2632.82994082877,2692,6155,7107,18665,0.000365971267207503,0.00253873432672452,0.0168997176183445,0.0451948676389557,0.16413550153913,0.0117431268898893,1,0,0
DEUTNP,2017,12,m,37.8604312860059,1673.13956871399,1651,3220,2138,8720,0.000344880296891567,0.0031772367711938,0.0219043179789447,0.0548916873563235,0.157274474587558,0.0111223229168269,1,0,0
DEUTNP,2017,12,f,24.2140380561411,860.785961943859,944,2590,4501,8920,0.000233236136017292,0.0016862884222625,0.0112488974222777,0.0334076930116586,0.151520650651024,0.0110748091292399,1,0,0
DEUTNP,2017,12,b,62.074469342147,2533.92553065785,2595,5810,6639,17640,0.000290616029298618,0.00244336469526008,0.0162907753416062,0.0426616053586243,0.153327085228406,0.0110982458257513,1,0,0
DEUTNP,2017,13,m,38.2632018316017,1646.7367981684,1605,3240,2322,8852,0.000348549236220201,0.00312709878210581,0.0212940220207185,0.0552326295138162,0.170809789519322,0.0112906883554761,1,0,0
DEUTNP,2017,13,f,28.1558582048153,841.844141795185,992,2644,4373,8879,0.000271204809322432,0.00164918120464343,0.0118208752573088,0.0341042240628669,0.147211687468768,0.0110239047375023,1,0,0
DEUTNP,2017,13,b,66.419060036417,2488.58093996359,2597,5884,6695,17731,0.000310956238564639,0.00239964069047664,0.0163033308524668,0.0432049717607823,0.15462040000063,0.0111554986812016,1,0,0
DEUTNP,2017,14,m,41.4853661963682,1630.51463380363,1606,2976,2177,8431,0.00037790075084927,0.00309629342785332,0.0213072893241582,0.0507321930349127,0.160143372861138,0.0107537046458449,1,0,0
DEUTNP,2017,14,f,27.592741040719,837.407258959281,996,2552,4184,8597,0.000265780713135984,0.00164048930620654,0.0118685400768947,0.0329175415311786,0.14084923401997,0.0106737818479905,1,0,0
DEUTNP,2017,14,b,69.0781072370872,2467.92189276291,2602,5528,6361,17028,0.000323405184924809,0.00237971998406395,0.0163347196296183,0.0405909387990491,0.146906701180583,0.0107132046440415,1,0,0
DEUTNP,2017,15,m,33.429955284452,1650.57004471555,1541,2955,2081,8261,0.000304521964276596,0.00313437799067298,0.0204449146005777,0.0503742037695453,0.153081469418479,0.0105368703687967,1,0,0
DEUTNP,2017,15,f,30.9714440252968,912.028555974703,947,2621,4129,8640,0.000298325290254676,0.00178667318323812,0.0112846460369671,0.0338075534299448,0.138997726402594,0.0107271693807884,1,0,0
DEUTNP,2017,15,b,64.4013993097488,2562.59860069025,2488,5576,6210,16901,0.000301510091782069,0.00247101300858826,0.0156190555105651,0.04094339268153,0.14341937027691,0.0106333023073142,1,0,0
DEUTNP,2017,16,m,39.0687429227934,1540.93125707721,1541,2948,2129,8198,0.000355887114877468,0.00292617755470971,0.0204449146005777,0.0502548740144229,0.156612421139809,0.0104565141367141,1,0,0
DEUTNP,2017,16,f,38.8550843226451,872.144915677355,997,2508,4023,8439,0.000374262636864957,0.0017085407277329,0.0118804562817912,0.0323499977116756,0.135429366267289,0.0104776137042214,1,0,0
DEUTNP,2017,16,b,77.9238272454385,2413.07617275457,2538,5456,6152,16637,0.000364818475321944,0.00232683441409232,0.0159329432820796,0.0400622579753277,0.142079865691393,0.0104672061112825,1,0,0
DEUTNP,2017,17,m,37.4576607404101,1773.54233925959,1680,3101,2222,8814,0.000341211357562933,0.00336789831579667,0.022289069778696,0.052863081519242,0.163453640099885,0.0112422195170771,1,0,0
DEUTNP,2017,17,f,30.9714440252968,935.028555974703,1006,2607,4241,8820,0.000298325290254676,0.00183173041630969,0.0119877021258595,0.0336269713055575,0.142768069187068,0.0109506520762215,1,0,0
DEUTNP,2017,17,b,68.4291047657069,2708.57089523429,2686,5708,6463,17634,0.000320366729288597,0.00261176834912995,0.0168620510857628,0.0419126408583524,0.149262381658562,0.0110944709122051,1,0,0
DEUTNP,2017,18,m,36.2493491036227,1683.75065089638,1632,2947,2167,8466,0.000330204539577032,0.00319738686573608,0.0216522392135904,0.0502378269065482,0.159407757919195,0.0107983469970019,1,0,0
DEUTNP,2017,18,f,34.3501470098746,897.649852990125,956,2603,4172,8663,0.000330869867373368,0.00175850515838408,0.0113918918810355,0.0335753764128754,0.140445268721633,0.0107557255029826,1,0,0
DEUTNP,2017,18,b,70.5994961134973,2581.40050388651,2588,5550,6339,17129,0.000330527919906954,0.00248914294410436,0.0162468310535942,0.0407524801618528,0.146398613234353,0.0107767490220688,1,0,0
DEUTNP,2017,19,m,33.429955284452,1664.57004471555,1618,3106,2173,8595,0.000304521964276596,0.00316096352820283,0.0214664969654346,0.0529483170586151,0.159849126884361,0.0109628859484091,1,0,0
DEUTNP,2017,19,f,25.3402723843337,931.659727615666,1001,2636,4154,8748,0.000244084328390189,0.00182513084741616,0.0119281211013771,0.0340010342775027,0.139839320774129,0.0108612589980482,1,0,0
DEUTNP,2017,19,b,58.7702276687857,2596.22977233122,2619,5742,6327,17343,0.000275146455331543,0.00250344222422761,0.0164414414719332,0.0421622956917764,0.146121474354591,0.0109113876052157,1,0,0
DEUTNP,2017,20,m,35.4438080124311,1652.55619198757,1619,2985,2215,8507,0.000322866660919765,0.00313814961873299,0.0214797642688743,0.0508856170057844,0.162938709640524,0.010850642322643,1,0,0
DEUTNP,2017,20,f,38.2919671585488,865.708032841451,959,2580,4129,8572,0.000368838540678508,0.00169593080902891,0.0114276404957249,0.0332787057799533,0.138997726402594,0.0106427425847359,1,0,0
DEUTNP,2017,20,b,73.7357751709799,2518.26422482902,2578,5565,6344,17079,0.000345211137921017,0.00242826311422274,0.0161840534992913,0.0408626220001281,0.146514087767587,0.010745291409184,1,0,0
DEUTNP,2017,21,m,40.6798251051766,1633.32017489482,1534,2885,2077,8170,0.000370562872192003,0.00310162105770842,0.0203520434764998,0.0491809062183209,0.152787223441702,0.0104208002557885,1,0,0
DEUTNP,2017,21,f,33.223912681682,859.776087318318,972,2511,3905,8281,0.00032002167500047,0.00168431006763745,0.0115825511593791,0.0323886938811871,0.131457040833648,0.0102814455604524,1,0,0
DEUTNP,2017,21,b,73.9037377868586,2493.09626221314,2506,5396,5982,16451,0.000345997493874029,0.00240399463807249,0.0157320551083103,0.0396216906222266,0.138153731561429,0.0103501837913511,1,0,0
DEUTNP,2017,22,m,37.8604312860059,1681.13956871399,1597,2963,2099,8378,0.000344880296891567,0.00319242850692514,0.0211878835932009,0.0505105806325424,0.154405576313978,0.0106861033712358,1,0,0
DEUTNP,2017,22,f,25.90338954843,873.09661045157,934,2595,4096,8524,0.000249508424576638,0.00171040510743963,0.0111297353733129,0.0334721866275112,0.137886821832169,0.0105831471992871,1,0,0
DEUTNP,2017,22,b,63.7638208344359,2554.23617916556,2531,5558,6195,16902,0.000298525120233776,0.00246294945452043,0.0158889989940676,0.0408112224755996,0.143072946677207,0.0106339314595719,1,0,0
DEUTNP,2017,23,m,41.0825956507724,1646.91740434923,1493,2731,2009,7921,0.000374231811520636,0.00312744174727714,0.0198080840354721,0.0465556516056272,0.147785041836485,0.0101032018147002,1,0,0
DEUTNP,2017,23,f,33.223912681682,863.776087318318,887,2395,3746,7925,0.00032002167500047,0.00169214610817163,0.0105696737431783,0.0308924419934063,0.12610450063069,0.00983944645170693,1,0,0
DEUTNP,2017,23,b,74.3065083324544,2510.69349166755,2380,5126,5755,15846,0.000347883157624682,0.00242096295409563,0.0149410579240936,0.0376391375332716,0.132911187752595,0.00996954667544528,1,0,0
DEUTNP,2017,24,m,37.8604312860059,1559.13956871399,1451,2867,2036,7951,0.000344880296891567,0.00296075453702221,0.0192508572910047,0.0488740582765775,0.149771202179733,0.0101414666871205,1,0,0
DEUTNP,2017,24,f,27.0296238766227,893.970376123377,924,2404,3887,8136,0.000260356616949535,0.00175129702591597,0.0110105733243481,0.031008530501941,0.130851092886143,0.0101014178335757,1,0,0
DEUTNP,2017,24,b,64.8900551626286,2453.10994483737,2375,5271,5923,16087,0.000303797847523882,0.00236543740543588,0.0149096691469421,0.0387038419699326,0.136791132069265,0.0101211723695499,1,0,0
DEUTNP,2017,25,m,37.8604312860059,1722.13956871399,1566,2936,2094,8356,0.000344880296891567,0.00327028615254825,0.0207765971865702,0.0500503087199273,0.154037768843006,0.0106580424647942,1,0,0
DEUTNP,2017,25,f,37.1657328303561,881.834267169644,1010,2541,3993,8463,0.000357990348305611,0.00172752226549379,0.0120353669454454,0.0327756555763029,0.134419453021448,0.0105074113969458,1,0,0
DEUTNP,2017,25,b,75.026164116362,2603.97383588363,2576,5477,6087,16819,0.000351252393134828,0.00251090952003126,0.0161714979884307,0.0402164565489131,0.140578696759348,0.0105817118221831,1,0,0
DEUTNP,2017,26,m,38.2632018316017,1548.7367981684,1574,2814,1979,7954,0.000348549236220201,0.0029410000193969,0.0208827356140878,0.0479705615592218,0.145578197010654,0.0101452931743625,1,0,0
DEUTNP,2017,26,f,32.6607955175857,840.339204482414,906,2456,3887,8122,0.000314597578814022,0.00164623301719736,0.0107960816362114,0.0316792641068083,0.130851092886143,0.0100840358461531,1,0,0
DEUTNP,2017,26,b,70.9239973491874,2389.07600265081,2480,5270,5866,16076,0.00033204714772506,0.00230369199431627,0.0155688334671227,0.0386964991807143,0.135474722390395,0.0101142516947153,1,0,0
DEUTNP,2017,27,m,41.4853661963682,1582.51463380363,1567,2910,2060,8161,0.00037790075084927,0.00300514301346529,0.0207898644900099,0.0496070839151868,0.151536678040397,0.0104093207940624,1,0,0
DEUTNP,2017,27,f,25.3402723843337,882.659727615666,969,2464,3922,8263,0.000244084328390189,0.00172913935087239,0.0115468025446897,0.0317824538921725,0.132029325006291,0.0102590972909091,1,0,0
DEUTNP,2017,27,b,66.8256385807019,2465.1743614193,2536,5374,5982,16424,0.000312859730344598,0.0023770706476873,0.015920387771219,0.0394601492594229,0.138153731561429,0.0103331966803934,1,0,0
DEUTNP,2017,28,m,34.6382669212395,1519.36173307876,1498,2714,1949,7715,0.000315528782262497,0.00288521774115532,0.0198744205526706,0.0462658507717584,0.143371352184823,0.00984044969074767,1,0,0
DEUTNP,2017,28,f,29.2820925330079,898.717907466992,915,2416,3629,7888,0.00028205300169533,0.00176059748792744,0.0109033274802797,0.0311633151799873,0.12216583897191,0.00979350834209013,1,0,0
DEUTNP,2017,28,b,63.9203594542474,2418.07964054575,2413,5130,5578,15603,0.00029925799209887,0.00233165906122853,0.0151482238532932,0.037668508690145,0.128823389276104,0.00981666267682523,1,0,0
DEUTNP,2017,29,m,33.429955284452,1612.57004471555,1617,2980,2021,8264,0.000304521964276596,0.00306221724594912,0.0214532296619949,0.0508003814664112,0.148667779766817,0.0105406968560387,1,0,0
DEUTNP,2017,29,f,26.4665067125263,858.533493287474,991,2450,3999,8325,0.000254932520763086,0.00168187581333914,0.0118089590524123,0.0316018717677851,0.134621435670616,0.0103360746637805,1,0,0
DEUTNP,2017,29,b,59.8964619969783,2471.10353800302,2608,5430,6020,16589,0.000280419182621648,0.00238278791939136,0.0163723861622,0.0398713454556506,0.139031338014009,0.0104370068029131,1,0,0
DEUTNP,2017,30,m,37.4576607404101,1585.54233925959,1492,2832,1972,7919,0.000341211357562933,0.00301089252611019,0.0197948167320324,0.0482774095009653,0.145063266551293,0.0101006508232055,1,0,0
DEUTNP,2017,30,f,30.9714440252968,879.028555974703,943,2468,3818,8139,0.000298325290254676,0.00172202584883109,0.0112369812173812,0.0318340487848546,0.128528292420708,0.0101051425451663,1,0,0
DEUTNP,2017,30,b,68.4291047657069,2464.57089523429,2435,5300,5790,16058,0.000320366729288597,0.00237648874898768,0.0152863344727596,0.0389167828572648,0.133719509485235,0.0101029269540768,1,0,0
DEUTNP,2017,31,m,34.2354963756437,1641.76450362436,1568,2881,2052,8177,0.000311859842933864,0.00311765655901938,0.0208031317934496,0.0491127177868224,0.150948186086843,0.0104297287260199,1,0,0
DEUTNP,2017,31,f,26.4665067125263,892.533493287474,949,2461,3988,8317,0.000254932520763086,0.00174848215787972,0.0113084784467601,0.0317437577226609,0.134251134147141,0.010326142099539,1,0,0
DEUTNP,2017,31,b,60.70200308817,2534.29799691183,2517,5342,6040,16494,0.000284190510122954,0.00244372384981461,0.0158011104180435,0.0392251800044356,0.139493236146946,0.0103772373384321,1,0,0
DEUTNP,2017,32,m,35.4438080124311,1532.55619198757,1533,2711,1845,7657,0.000322866660919765,0.0029102735827629,0.0203387761730601,0.0462147094481345,0.135720956788608,0.0097664709374018,1,0,0
DEUTNP,2017,32,f,37.7288499944525,842.271150005547,908,2437,3902,8127,0.000363414444492059,0.00165001771805464,0.0108199140460044,0.0314341883665683,0.131356049509063,0.0100902436988041,1,0,0
DEUTNP,2017,32,b,73.1726580068836,2374.82734199312,2441,5148,5747,15784,0.000342574774275964,0.00228995257143878,0.0153240010053414,0.0378006788960754,0.13272642849942,0.00993053923546815,1,0,0
DEUTNP,2017,33,m,39.4715134683892,1613.52848653161,1519,2761,1880,7813,0.000359556054206102,0.00306403729529705,0.0201530339249043,0.0470670648418662,0.138295609085411,0.00996544827398723,1,0,0
DEUTNP,2017,33,f,34.9132641739709,853.086735826029,1012,2486,3949,8335,0.000336293963559816,0.0016712055602772,0.0120591993552384,0.032066225801924,0.132938246927548,0.0103484903690823,1,0,0
DEUTNP,2017,33,b,74.3847776423601,2466.61522235764,2531,5247,5829,16148,0.000348249593557229,0.00237846001320137,0.0158889989940676,0.0385276150286922,0.134620210844462,0.0101595506572694,1,0,0
DEUTNP,2017,34,m,33.429955284452,1533.57004471555,1529,2746,1990,7832,0.000304521964276596,0.00291219885560214,0.0202857069593013,0.0468113582237467,0.146387373446792,0.00998968269318674,1,0,0
DEUTNP,2017,34,f,25.90338954843,885.09661045157,923,2321,3893,8048,0.000249508424576638,0.00173391322904219,0.0109986571194516,0.0299379364787875,0.131053075535311,0.00999215962691955,1,0,0
DEUTNP,2017,34,b,59.333344832882,2418.66665516712,2452,5067,5883,15880,0.000277782818976596,0.0023322250963326,0.0153930563150746,0.0372059129693889,0.135867335803391,0.00999093785220693,1,0,0
DEUTNP,2017,35,m,36.2493491036227,1542.75065089638,1520,2790,1990,7879,0.000330204539577032,0.00292963252347122,0.020166301228344,0.0475614309702306,0.146387373446792,0.0100496309933118,1,0,0
DEUTNP,2017,35,f,31.5345611893931,848.465438810607,927,2484,3894,8185,0.000303749386441124,0.00166215239259386,0.0110463219390375,0.032040428355583,0.131086739310173,0.0101622547895547,1,0,0
DEUTNP,2017,35,b,67.7839102930158,2391.21608970699,2447,5274,5884,16064,0.000317346101681691,0.00230575559606564,0.0153616675379231,0.0387258703375877,0.135890430710038,0.0101067018676229,1,0,0
DEUTNP,2017,36,m,31.416102556473,1595.58389744353,1463,2767,1991,7848,0.000286177267633428,0.00302996111339285,0.0194100649322811,0.047169347489114,0.146460934940986,0.0100100906251442,1,0,0
DEUTNP,2017,36,f,27.592741040719,821.407258959281,954,2366,3689,7858,0.000265780713135984,0.00160914514406979,0.0113680594712425,0.0305183790214611,0.124185665463592,0.00975626122618462,1,0,0
DEUTNP,2017,36,b,59.008843597192,2416.99115640281,2417,5133,5680,15706,0.00027626359115849,0.00233060947879446,0.0151733348750144,0.0376905370578001,0.131179069754082,0.00988146535936788,1,0,0
DEUTNP,2017,37,m,33.8327258300479,1510.16727416995,1541,2984,2016,8085,0.00030819090360523,0.00286775776741341,0.0204449146005777,0.0508685698979097,0.148299972295845,0.0103123831172644,1,0,0
DEUTNP,2017,37,f,35.4763813380672,857.523618661933,995,2414,3759,8061,0.000341718059746265,0.0016798974587141,0.0118566238719982,0.0311375177336462,0.126542129703888,0.0100083000438119,1,0,0
DEUTNP,2017,37,b,69.3091071681151,2367.69089283188,2536,5398,5775,16146,0.000324486664693143,0.00228307117428677,0.015920387771219,0.0396363762006633,0.133373085885532,0.010158292352754,1,0,0
DEUTNP,2017,38,m,35.0410374668353,1587.95896253316,1580,2856,2074,8133,0.000319197721591131,0.00301548161387699,0.020962339434726,0.0486865400899565,0.152566538959119,0.0103736069131368,1,0,0
DEUTNP,2017,38,f,37.1657328303561,895.834267169644,924,2518,3997,8372,0.000357990348305611,0.00175494840736343,0.0110105733243481,0.0324789849433808,0.134554108120894,0.0103944284786991,1,0,0
DEUTNP,2017,38,b,72.2067702971914,2483.7932297028,2504,5374,6071,16505,0.000338052746880259,0.0023950240898383,0.0157194995974497,0.0394601492594229,0.140209178252998,0.0103841580132667,1,0,0
DEUTNP,2017,39,m,37.8604312860059,1547.13956871399,1515,3041,2110,8251,0.000344880296891567,0.0029379669334252,0.0200999647111455,0.0518402550467639,0.155214752750116,0.0105241154113233,1,0,0
DEUTNP,2017,39,f,32.0976783534894,846.902321646511,987,2509,4121,8496,0.000309173482627573,0.00165909023022948,0.0117612942328263,0.0323628964348461,0.138728416203703,0.0105483832244419,1,0,0
DEUTNP,2017,39,b,69.9581096394953,2394.0418903605,2502,5550,6231,16747,0.000327525120329355,0.00230848040445842,0.0157069440865891,0.0407524801618528,0.143904363316494,0.0105364128596291,1,0,0
DEUTNP,2017,40,m,27.3883971005149,1638.61160289948,1508,2936,2107,8217,0.000249487874347091,0.00311166930469445,0.0200070935870676,0.0500503087199273,0.154994068267533,0.0104807485559136,1,0,0
DEUTNP,2017,40,f,32.0976783534894,877.902321646511,941,2548,4048,8447,0.000309173482627573,0.00171981954436942,0.0112131488075882,0.0328659466384965,0.136270960638823,0.0104875462684629,1,0,0
DEUTNP,2017,40,b,59.4860754540043,2516.51392454599,2449,5484,6155,16664,0.000278497862812383,0.00242657536852306,0.0153742230487837,0.0402678560734416,0.142149150411333,0.0104841932222403,1,0,0
DEUTNP,2017,41,m,33.0271847388562,1570.97281526114,1614,3139,2269,8626,0.000300853024947963,0.00298322548132072,0.0214134277516758,0.0535108716184781,0.16691103032702,0.0110024263165767,1,0,0
DEUTNP,2017,41,f,28.7189753689116,904.281024631088,996,2658,4257,8844,0.000276628905508881,0.00177149569082601,0.0118685400768947,0.0342848061872542,0.14330668958485,0.0109804497689459,1,0,0
DEUTNP,2017,41,b,61.7461601077678,2475.25383989223,2610,5797,6526,17470,0.000289078973451206,0.00238678989221498,0.0163849416730606,0.0425661490987857,0.150717360777313,0.010991289941943,1,0,0
DEUTNP,2017,42,m,40.6798251051766,1654.32017489482,1682,2987,2192,8556,0.000370562872192003,0.00314149936400319,0.0223156043855754,0.0509197112215336,0.161246795274054,0.0109131416142627,1,0,0
DEUTNP,2017,42,f,27.0296238766227,877.970376123377,953,2577,4148,8583,0.000260356616949535,0.00171995286377923,0.011356143266346,0.0332400096104417,0.13963733812496,0.0106563998605679,1,0,0
DEUTNP,2017,42,b,67.7094489817993,2532.2905510182,2635,5564,6340,17139,0.000316997493778451,0.00244178814871968,0.0165418855588179,0.0408552792109097,0.146421708141,0.0107830405446458,1,0,0
DEUTNP,2017,43,m,39.4715134683892,1647.52848653161,1618,2932,2287,8524,0.000359556054206102,0.00312860217215525,0.0214664969654346,0.0499821202884287,0.168235137222519,0.0108723257503478,1,0,0
DEUTNP,2017,43,f,32.0976783534894,837.902321646511,961,2590,4114,8535,0.000309173482627573,0.00164145913902756,0.0114514729055179,0.0334076930116586,0.138492769779674,0.0105968044751191,1,0,0
DEUTNP,2017,43,b,71.5691918218786,2485.43080817812,2579,5522,6401,17059,0.000335067775331966,0.00239660314233369,0.0161903312547216,0.040546882063739,0.147830497446457,0.0107327083640301,1,0,0
DEUTNP,2017,44,m,30.6105614652814,1591.38943853472,1567,2983,2150,8322,0.00027883938897616,0.00302199597448303,0.0207898644900099,0.0508515227900351,0.158157212517891,0.0106146756093846,1,0,0
DEUTNP,2017,44,f,24.7771552202374,863.222844779763,959,2475,4118,8440,0.000238660232203741,0.0016910623004323,0.0114276404957249,0.0319243398470482,0.138627424879119,0.0104788552747516,1,0,0
DEUTNP,2017,44,b,55.3877166855188,2454.61228331448,2526,5458,6268,16762,0.000259310445431922,0.00236688605132184,0.0158576102169161,0.0400769435537644,0.144758874862427,0.0105458501434945,1,0,0
DEUTNP,2017,45,m,38.6659723771975,1572.3340276228,1553,3119,2264,8547,0.000352218175548834,0.00298581037862979,0.0206041222418541,0.0531699294609854,0.166543222856048,0.0109016621525367,1,0,0
DEUTNP,2017,45,f,27.592741040719,911.407258959281,1042,2602,4241,8824,0.000265780713135984,0.00178545605608897,0.0124166855021328,0.0335624776897049,0.142768069187068,0.0109556183583422,1,0,0
DEUTNP,2017,45,b,66.2587134179165,2483.74128658208,2595,5721,6505,17371,0.00031020553867024,0.00239497400313062,0.0162907753416062,0.042008097118191,0.150232367737729,0.0109290038684311,1,0,0
DEUTNP,2017,46,m,30.2077909196856,1707.79220908031,1669,3072,2317,8796,0.000275170449647527,0.00324304099054858,0.0221431294408593,0.0523687153908776,0.17044198204835,0.0112192605936249,1,0,0
DEUTNP,2017,46,f,32.6607955175857,893.339204482414,960,2700,4212,8798,0.000314597578814022,0.00175006055427532,0.0114395567006214,0.0348265525604163,0.141791819716088,0.0109233375245574,1,0,0
DEUTNP,2017,46,b,62.8685864372713,2601.13141356272,2629,5772,6529,17594,0.000294333872712005,0.00250816868401856,0.0165042190262361,0.0423825793683269,0.150786645497254,0.0110693048218973,1,0,0
DEUTNP,2017,47,m,36.2493491036227,1645.75065089638,1696,3050,2332,8760,0.000330204539577032,0.00312522612101222,0.0225013466337312,0.0519936790176356,0.171545404461265,0.0111733427467206,1,0,0
DEUTNP,2017,47,f,25.90338954843,896.09661045157,1029,2632,4333,8916,0.000249508424576638,0.0017554623405112,0.0122617748384785,0.0339494393848206,0.145865136474314,0.0110698428471191,1,0,0
DEUTNP,2017,47,b,62.1527386520527,2541.84726134795,2725,5682,6665,17676,0.000290982465231165,0.00245100330849452,0.0171068835475441,0.0417217283386753,0.153927552801224,0.0111208953070283,1,0,0
DEUTNP,2017,48,m,35.8465785580269,1711.15342144197,1701,3156,2353,8957,0.000326535600248398,0.00324942382179049,0.0225676831509297,0.0538006724523469,0.173090195839347,0.0114246154089471,1,0,0
DEUTNP,2017,48,f,24.2140380561411,864.785961943859,1015,2719,4297,8920,0.000233236136017292,0.00169412446279668,0.0120949479699278,0.0350716283006562,0.144653240579304,0.0110748091292399,1,0,0
DEUTNP,2017,48,b,60.060616614168,2575.93938338583,2716,5875,6650,17877,0.000281187710545355,0.00248387700046613,0.0170503837486715,0.0431388866578172,0.153581129201522,0.0112473549108251,1,0,0
DEUTNP,2017,49,m,40.6798251051766,1588.32017489482,1697,3273,2410,9009,0.000370562872192003,0.00301616754421964,0.0225146139371709,0.0557951840736791,0.177283201008426,0.0114909411878089,1,0,0
DEUTNP,2017,49,f,34.9132641739709,951.086735826029,1051,2754,4495,9286,0.000336293963559816,0.00186318855336475,0.0125239313462011,0.0355230836116246,0.151318668001856,0.0115292239432871,1,0,0
DEUTNP,2017,49,b,75.5930892791475,2539.40691072085,2748,6027,6905,18295,0.000353906584809187,0.00244865017439718,0.0172512719224408,0.0442549906190066,0.159470330396467,0.0115103405545419,1,0,0
DEUTNP,2017,50,m,34.6382669212395,1609.36173307876,1644,3457,2382,9127,0.000315528782262497,0.00305612476813289,0.0218114468548668,0.0589318519226119,0.175223479170984,0.0116414496859953,1,0,0
DEUTNP,2017,50,f,31.5345611893931,949.465438810607,1030,2834,4532,9377,0.000303749386441124,0.00186001241608205,0.012273691043375,0.0365549814652666,0.152564227671726,0.0116422068615339,1,0,0
DEUTNP,2017,50,b,66.1728281106326,2558.82717188937,2674,6291,6914,18504,0.00030980344667908,0.00246737636817745,0.0167867180205993,0.0461934869726515,0.159678184556289,0.0116418333764003,1,0,0
DEUTNP,2017,51,m,33.0271847388562,1640.97281526114,1661,3277,2407,9019,0.000300853024947963,0.00311615316896994,0.0220369910133417,0.0558633725051777,0.177062516525843,0.0115036961452823,1,0,0
DEUTNP,2017,51,f,26.4665067125263,941.533493287474,1023,2858,4632,9481,0.000254932520763086,0.00184447365442349,0.0121902776090997,0.0368645508213592,0.155930605157863,0.011771330196673,1,0,0
DEUTNP,2017,51,b,59.4936914513825,2582.50630854861,2684,6135,7039,18500,0.000278533518870996,0.00249020922803361,0.0168494955749022,0.0450480118545886,0.162565047887145,0.0116393167673695,1,0,0
DEUTNP,2017,52,m,40.6798251051766,1626.32017489482,1654,3268,2504,9093,0.000370562872192003,0.0030883282889435,0.0219441198892638,0.055709948534306,0.184197981462697,0.0115980828305857,1,0,0
DEUTNP,2017,52,f,36.0394985021635,941.960501497837,1062,2771,4748,9559,0.000347142155932714,0.0018453101678347,0.0126550096000624,0.0357423619055235,0.159835603041782,0.0118681726980273,1,0,0
DEUTNP,2017,52,b,76.7193236073401,2568.28067639266,2716,6039,7252,18652,0.000359179312099292,0.00247649201063433,0.0170503837486715,0.0443431040896269,0.167484263002923,0.0117349479105393,1,0,0
DEUTNP,2018,1,m,43.5941447764187,1739.40585522358,1739,3341,2621,9484,0.000392816174697409,0.00330647886097367,0.0228345211422308,0.0562117205033015,0.187346699685242,0.0120566306880522,1,0,0
DEUTNP,2018,1,f,28.8229461756374,968.177053824363,1050,2863,4948,9858,0.000274477563936888,0.00189906581614523,0.0123613538931681,0.0365837985543507,0.166984071133387,0.0122056288107284,1,0,0
DEUTNP,2018,1,b,72.4170909520561,2707.58290904794,2789,6204,7569,19342,0.000335281857238172,0.00261380630843264,0.017312360168509,0.0450562039860437,0.173514662153831,0.0121321128821274,1,0,0
DEUTNP,2018,2,m,36.7321034690194,1800.26789653098,1676,3300,2497,9310,0.000330983999050595,0.00342217299435506,0.0220072785706607,0.0555219029215489,0.178483292298378,0.0118354314324932,1,0,0
DEUTNP,2018,2,f,32.21388101983,904.78611898017,1084,2796,4643,9460,0.00030676904204711,0.0017747253797131,0.0127616263049469,0.0357276635549998,0.156690994800387,0.0117128472864161,1,0,0
DEUTNP,2018,2,b,68.9459844888494,2705.05401551115,2760,6096,7140,18770,0.000319211078829994,0.00261136500262526,0.017132346384039,0.0442718600094975,0.163680101437225,0.01177333051378,1,0,0
DEUTNP,2018,3,m,41.1722478443954,1788.8277521556,1776,3388,2485,9479,0.000370993053880886,0.00340042614589525,0.0233203620175975,0.0570024869994569,0.177625543196423,0.0120502743876051,1,0,0
DEUTNP,2018,3,f,28.257790368272,953.742209631728,1026,2951,4749,9708,0.000269095650918517,0.0018707520701632,0.0120788086613242,0.0377082743743936,0.160268260673495,0.0120199071307112,1,0,0
DEUTNP,2018,3,b,69.4300382126674,2742.56996178733,2802,6339,7234,19187,0.000321452185582435,0.00264758159149344,0.0173930560029265,0.0460366339567265,0.165834993528976,0.0120348903872081,1,0,0
DEUTNP,2018,4,m,40.7685983557249,1744.23140164428,1699,3453,2493,9430,0.000367355867078132,0.00331565185943446,0.0223092877634561,0.0580961002388207,0.17819737593106,0.0119879826432235,1,0,0
DEUTNP,2018,4,f,38.9957507082153,938.004249291785,1041,2865,4858,9741,0.000371351998267554,0.00183988227999478,0.0122553994312266,0.036609354822988,0.16394676992037,0.012060765900315,1,0,0
DEUTNP,2018,4,b,79.7643490639402,2682.23565093606,2740,6318,7351,19171,0.000369298721392403,0.00258933694761163,0.0170081989464735,0.0458841226279536,0.168517146451686,0.0120248545167648,1,0,0
DEUTNP,2018,5,m,34.7138560256667,1773.28614397433,1763,3462,2609,9642,0.000312798065036826,0.00337088272521364,0.0231496611694957,0.058247523610425,0.186488950583287,0.0122574897821804,1,0,0
DEUTNP,2018,5,f,41.8215297450425,931.178470254957,1082,3024,4837,9916,0.000398261563359406,0.00182649360941413,0.0127380808689599,0.0386410781796565,0.163238066304,0.0122774411936683,1,0,0
DEUTNP,2018,5,b,76.5353857707092,2704.46461422929,2845,6486,7446,19558,0.0003543490348519,0.00261079601514067,0.0176599729936924,0.0471042132581366,0.170694962927392,0.0122675971331118,1,0,0
DEUTNP,2018,6,m,39.5576498897133,1697.44235011029,1785,3612,2632,9766,0.000356444306669871,0.00322670941431302,0.0234385395278218,0.0607712464704954,0.188132969695367,0.0124151260332684,1,0,0
DEUTNP,2018,6,f,41.8215297450425,939.178470254957,1172,3178,4989,10320,0.000398261563359406,0.00184218549807143,0.0137976254883743,0.0406089108647316,0.168367730574872,0.0127776515851812,1,0,0
DEUTNP,2018,6,b,81.3791796347558,2636.62082036525,2957,6790,7621,20086,0.000376775180137018,0.00254530197771074,0.0183551986440592,0.0493119963032297,0.174706730119481,0.0125987808577402,1,0,0
DEUTNP,2018,7,m,38.7503509123722,1829.24964908763,1906,3691,2804,10269,0.000349169933064364,0.00347726511210018,0.0250273704986153,0.0621004071767991,0.200427373490049,0.0130545698582463,1,0,0
DEUTNP,2018,7,f,37.8654390934844,1028.13456090652,1175,3225,5519,10985,0.000360588172230813,0.00201667163180801,0.0138329436423548,0.041209483177709,0.186254059940413,0.013601017699924,1,0,0
DEUTNP,2018,7,b,76.6157900058566,2857.38420999415,3081,6916,8323,21254,0.000354721296163914,0.00275841927083396,0.0191249127569653,0.0502270642758669,0.190799647655746,0.0133313994001001,1,0,0
DEUTNP,2018,8,m,33.9065570483256,1913.09344295167,2081,3947,3083,11058,0.000305523691431318,0.0036366458174156,0.0273252665307547,0.0664075608579859,0.220370040110492,0.0140575940687981,1,0,0
DEUTNP,2018,8,f,25.9971671388102,1137.00283286119,1291,3340,6036,11830,0.000247567998845036,0.00223021523203615,0.0151985789296,0.042678968624356,0.203701668019629,0.0146472498306874,1,0,0
DEUTNP,2018,8,b,59.9037241871358,3050.09627581286,3372,7287,9119,22888,0.000277346571602043,0.00294445679222057,0.0209312579735433,0.0529214310841877,0.209047457283761,0.0143563126691207,1,0,0
DEUTNP,2018,9,m,41.575897333066,2102.42410266693,2242,4427,3460,12273,0.00037463024068364,0.00399654906955352,0.0294393308803229,0.0744834740102112,0.247317657730231,0.0156021750774425,1,0,0
DEUTNP,2018,9,f,33.3441926345609,1156.65580736544,1394,3904,6774,13262,0.00031753286808385,0.00226876426799932,0.0164111688829298,0.0498858363800856,0.228607537966363,0.0164202728025847,1,0,0
DEUTNP,2018,9,b,74.9200899676269,3259.07991003237,3636,8331,10234,25535,0.000346870422141469,0.0031462023194422,0.0225700041494079,0.0605034228574678,0.234608145393356,0.0160166219855819,1,0,0
DEUTNP,2018,10,m,41.1722478443954,2098.8277521556,2271,4556,3663,12630,0.000370993053880886,0.00398971267946856,0.0298201250799346,0.0766538756698718,0.261827913371629,0.0160560149293651,1,0,0
DEUTNP,2018,10,f,39.5609065155807,1260.43909348442,1425,4115,7307,14147,0.000376733911285924,0.00247233373928275,0.0167761231407281,0.0525820227213248,0.24659511070567,0.017516030714686,1,0,0
DEUTNP,2018,10,b,80.7331543599761,3359.26684564002,3696,8671,10970,26777,0.000373784165846008,0.00324291930027359,0.0229424464621044,0.0629726538947429,0.251480491984084,0.0167956564287419,1,0,0
DEUTNP,2018,11,m,39.5576498897133,1967.44235011029,2100,4273,3246,11626,0.000356444306669871,0.00373995897581236,0.0275747523856727,0.0718924518738723,0.232021132078708,0.0147796697995882,1,0,0
DEUTNP,2018,11,f,33.9093484419263,1115.09065155807,1348,3766,6496,12759,0.000322914781102221,0.00218723479338027,0.0158696238552291,0.0481224538441092,0.219225651997268,0.0157974861022604,1,0,0
DEUTNP,2018,11,b,73.4669983316396,3082.53300166836,3448,8039,9742,24385,0.000340142793952516,0.00297577007846665,0.0214030182362922,0.0583827891431021,0.223329348487597,0.0152952937974707,1,0,0
DEUTNP,2018,12,m,37.13575295769,1939.86424704231,2012,3869,3021,10879,0.000334621185853348,0.00368753508949154,0.0264192389523683,0.0650952249707493,0.21593833641706,0.013830038512792,1,0,0
DEUTNP,2018,12,f,28.8229461756374,1018.17705382436,1254,3440,6157,11898,0.000274477563936888,0.00199714012025334,0.0147629883638407,0.043956782056223,0.207785150761573,0.0147314436589619,1,0,0
DEUTNP,2018,12,b,65.9586991333274,2958.04130086667,3266,7309,9178,22777,0.000305380330191349,0.00285559012319526,0.0202732765544461,0.0530812048571879,0.210399995937094,0.0142866888179204,1,0,0
DEUTNP,2018,13,m,35.9248044916784,1774.07519550832,1782,3664,2748,10004,0.000323709625445087,0.00337238265245001,0.0233991470244137,0.0616461370619864,0.196424544347594,0.0127176859345502,1,0,0
DEUTNP,2018,13,f,34.4745042492918,943.525495750708,1159,3298,5467,10902,0.000328296694120591,0.00185071212808015,0.0136445801544589,0.0421422869829719,0.184499174795114,0.0134982517036479,1,0,0
DEUTNP,2018,13,b,70.3993087409702,2717.60069125903,2941,6962,8215,20906,0.000325939784001857,0.00262347712673052,0.0182558806940068,0.0505611367103218,0.188323814188628,0.0131131192179587,1,0,0
DEUTNP,2018,14,m,41.9795468217365,1863.02045317826,1812,3480,2606,9803,0.000378267427486394,0.00354146085428907,0.0237930720584947,0.0585503703536334,0.186274513307799,0.0124621626565769,1,0,0
DEUTNP,2018,14,f,33.3441926345609,972.655807365439,1090,3015,5124,10235,0.00031753286808385,0.00190785082888149,0.0128322626129078,0.0385260749707884,0.172923682394397,0.0126724092998382,1,0,0
DEUTNP,2018,14,b,75.3237394562974,2835.6762605437,2902,6495,7730,20038,0.000348739267581896,0.00273746317193589,0.018013793190754,0.0471695752561821,0.177205487970553,0.0125686732464104,1,0,0
DEUTNP,2018,15,m,43.5941447764187,1738.40585522358,1718,3385,2465,9350,0.000392816174697409,0.00330457793667182,0.0225587736183741,0.0569520125422555,0.176195961359833,0.01188628183607,1,0,0
DEUTNP,2018,15,f,24.8668555240793,907.133144475921,1126,2927,4830,9815,0.000236804172808295,0.0017793290375575,0.0132560804606736,0.0374015991507455,0.16300183176521,0.0121523885957901,1,0,0
DEUTNP,2018,15,b,68.461000300498,2645.5389996995,2844,6312,7295,19165,0.000316965664145921,0.00255391127766078,0.0176537656218141,0.0458405479625899,0.167233380950218,0.0120210910653486,1,0,0
DEUTNP,2018,16,m,40.3649488670543,1746.63505113295,1615,3225,2248,8875,0.000363718680275379,0.00332022101516061,0.0212062976680292,0.0542600414915137,0.160684998432821,0.0112824332935959,1,0,0
DEUTNP,2018,16,f,30.5184135977337,896.481586402266,1061,2700,4429,9117,0.000290623302991999,0.00175843615464268,0.0124908537910965,0.0345009626604076,0.149468967471659,0.0112881637114435,1,0,0
DEUTNP,2018,16,b,70.883362464788,2643.11663753522,2676,5925,6677,17992,0.000328180890754296,0.00255157281353281,0.0166109271462639,0.0430299820466327,0.153066111666156,0.0112853363134752,1,0,0
DEUTNP,2018,17,m,36.7321034690194,1653.26789653098,1570,3031,2179,8470,0.000330983999050595,0.0031427371219832,0.0206154101169077,0.0509960265924893,0.155752941096582,0.0107675729573811,1,0,0
DEUTNP,2018,17,f,37.8654390934844,874.134560906516,1024,2561,4126,8623,0.000360588172230813,0.00171460277515504,0.0120552632253373,0.0327248019901125,0.139243386721171,0.0106765203119203,1,0,0
DEUTNP,2018,17,b,74.5975425625038,2527.4024574375,2594,5592,6305,17093,0.000345377068961781,0.00243986637126513,0.0161019226522453,0.0406115881189485,0.144538240834972,0.010721445842943,1,0,0
DEUTNP,2018,18,m,37.5394024463605,1629.46059755364,1597,3058,1992,8314,0.000338258372656102,0.00309748124879578,0.0209699426475806,0.051450296707302,0.142386350924457,0.0105692563834317,1,0,0
DEUTNP,2018,18,f,29.3881019830028,886.611898016997,907,2507,4145,8475,0.000279859476955258,0.0017390768982397,0.0106778552200985,0.0320347827369043,0.13988459475503,0.0104932749209701,1,0,0
DEUTNP,2018,18,b,66.9275044293633,2516.07249557064,2504,5565,6137,16789,0.000309865774644953,0.00242892882039533,0.0155432591832006,0.0404155021248119,0.140686944330567,0.0105307643045206,1,0,0
DEUTNP,2018,19,m,35.5211550030078,1619.47884499699,1625,3049,2192,8521,0.000320072438642333,0.0030785066927858,0.0213376060127229,0.0512988733356978,0.156682169290366,0.0108324072219414,1,0,0
DEUTNP,2018,19,f,29.9532577903683,910.046742209632,968,2625,4172,8705,0.000285241389973628,0.00178504401896119,0.0113959910177016,0.0335426025865073,0.140795785118935,0.0107780481636631,1,0,0
DEUTNP,2018,19,b,65.4744127933761,2529.52558720662,2593,5674,6364,17226,0.000303138146456,0.00244191596685299,0.0160957152803671,0.0412071085455854,0.145890779488305,0.0108048690160029,1,0,0
DEUTNP,2018,20,m,31.4846601163024,1622.5153398837,1570,2971,2121,8316,0.000283700570614795,0.00308427883970838,0.0206154101169077,0.0499865374484612,0.151607153770468,0.0105717989036105,1,0,0
DEUTNP,2018,20,f,26.5623229461756,803.437677053824,958,2458,3926,8172,0.000252949911863406,0.00157593182142576,0.0112782638377667,0.0314086541552895,0.132493828470024,0.0101181171273354,1,0,0
DEUTNP,2018,20,b,58.046983062478,2425.95301693752,2528,5429,6047,16488,0.000268750097972663,0.00234193061214962,0.0156922361082792,0.0394278097099019,0.138623749774636,0.0103419644918063,1,0,0
DEUTNP,2018,21,m,39.5576498897133,1595.44235011029,1485,2934,2066,8120,0.000356444306669871,0.00303281513552438,0.0194992891870114,0.0493640191429771,0.147675803719843,0.0103226319260843,1,0,0
DEUTNP,2018,21,f,26.5623229461756,920.437677053824,974,2523,3949,8393,0.000252949911863406,0.00180542569303873,0.0114666273256626,0.0322392328860031,0.133270027668906,0.0103917470692273,1,0,0
DEUTNP,2018,21,b,66.1199728358889,2515.88002716411,2459,5457,6015,16513,0.000306127006781193,0.00242874301809415,0.0152639274486782,0.0396311581482657,0.137890169488082,0.0103576455393739,1,0,0
DEUTNP,2018,22,m,33.9065570483256,1631.09344295167,1562,2981,2218,8426,0.000305523691431318,0.00310058516429406,0.0205103634411527,0.0501547856391325,0.158540625677934,0.0107116375134466,1,0,0
DEUTNP,2018,22,f,28.257790368272,867.742209631728,1002,2552,4163,8613,0.000269095650918517,0.00170206426709726,0.0117962634294804,0.0326097987812445,0.140492054997633,0.0106641388665859,1,0,0
DEUTNP,2018,22,b,62.1643474165976,2498.8356525834,2564,5533,6381,17039,0.000287812967654758,0.00241228897206901,0.0159157014958971,0.040183103909539,0.146280494015537,0.010687574780197,1,0,0
DEUTNP,2018,23,m,37.9430519350311,1641.05694806497,1525,3023,2120,8347,0.000341895559458856,0.00311952503329553,0.0200245225657861,0.0508614280399522,0.151535674678639,0.0106112079663825,1,0,0
DEUTNP,2018,23,f,42.3866855524079,888.613314447592,944,2551,3941,8367,0.000403643476377776,0.00174300264871292,0.0111134457858578,0.0325970206469258,0.13300004533886,0.0103595553113577,1,0,0
DEUTNP,2018,23,b,80.329737487439,2529.67026251256,2469,5574,6061,16714,0.00037191639738849,0.00244205563135821,0.015326001167461,0.0404808641228575,0.138944691150003,0.0104837211618177,1,0,0
DEUTNP,2018,24,m,37.5394024463605,1586.46059755364,1436,2779,1993,7832,0.000338258372656102,0.00301574150381625,0.0188558782980124,0.046756172187571,0.142457830016286,0.00995650902033158,1,0,0
DEUTNP,2018,24,f,32.21388101983,836.78611898017,932,2332,3617,7750,0.00030676904204711,0.00164134432612608,0.0109721731699359,0.0297986092311372,0.122065760972001,0.00959562013422041,1,0,0
DEUTNP,2018,24,b,69.7532834661905,2423.24671653381,2368,5111,5610,15582,0.000322948769710847,0.0023393180439272,0.0146990566077552,0.0371183524456269,0.128605793986391,0.00977368332795522,1,0,0
DEUTNP,2018,25,m,43.9977942650892,1595.00220573491,1481,2818,1988,7926,0.000396453361500163,0.00303197845438491,0.0194467658491339,0.0474123401311893,0.142100434557139,0.010076007468737,1,0,0
DEUTNP,2018,25,f,27.6926345609065,879.307365439093,883,2431,3696,7917,0.000263713737900147,0.00172474915925144,0.0103953099882547,0.0310636445286855,0.124731836481204,0.00980239027130619,1,0,0
DEUTNP,2018,25,b,71.6904288259957,2474.309571174,2364,5249,5684,15843,0.000331917504652241,0.00238861234665717,0.0146742271202421,0.0381205697489915,0.130302198399046,0.00993739346456132,1,0,0
DEUTNP,2018,26,m,41.9795468217365,1672.02045317826,1534,2986,2115,8349,0.000378267427486394,0.00317838431263583,0.0201427000760104,0.0502389097344682,0.151178279219491,0.0106137504865613,1,0,0
DEUTNP,2018,26,f,28.8229461756374,877.177053824363,962,2484,3868,8220,0.000274477563936888,0.00172057058266848,0.0113253547097407,0.0317408856475749,0.130536456577191,0.0101775480649409,1,0,0
DEUTNP,2018,26,b,70.8024929973739,2549.19750700262,2496,5470,5983,16569,0.000327806475476466,0.00246090655358256,0.0154936002081744,0.0397255699232204,0.137156589201529,0.0103927710859254,1,0,0
DEUTNP,2018,27,m,39.1540004010427,1618.84599959896,1528,2905,2162,8253,0.000352807119867117,0.00307730370158936,0.0200639150691942,0.0488760993900302,0.15453779653548,0.0104917095179771,1,0,0
DEUTNP,2018,27,f,31.0835694050992,860.916430594901,966,2519,3992,8369,0.000296005216010369,0.00168867559651661,0.0113724455817146,0.0321881203487284,0.134721182692902,0.0103620316004246,1,0,0
DEUTNP,2018,27,b,70.2375698061419,2479.76243019386,2494,5424,6154,16622,0.000325190953446196,0.00239387634697919,0.0154811854644178,0.0393914974887655,0.141076658857799,0.0104260149067688,1,0,0
DEUTNP,2018,28,m,41.9795468217365,1611.02045317826,1596,2805,2049,8103,0.000378267427486394,0.00306242793022301,0.0209568118131112,0.0471936174833166,0.146460659158741,0.0103010205045642,1,0,0
DEUTNP,2018,28,f,25.9971671388102,841.00283286119,912,2369,3819,7967,0.000247567998845036,0.00164961535171616,0.010736718810066,0.030271400200928,0.12888281480566,0.00986429749797858,1,0,0
DEUTNP,2018,28,b,67.9767139605467,2452.02328603945,2508,5174,5868,16070,0.000314723480410572,0.00236709794261748,0.0155680886707137,0.0375758864319455,0.134520285046728,0.0100797773764754,1,0,0
DEUTNP,2018,29,m,39.9612993783838,1598.03870062162,1590,2838,2171,8237,0.000360081493472625,0.00303775060130749,0.020878026806295,0.0477488365125321,0.155181108361946,0.0104713693565464,1,0,0
DEUTNP,2018,29,f,28.8229461756374,873.177053824363,1008,2510,4045,8465,0.000274477563936888,0.00171272463833983,0.0118668997374414,0.0320731171398604,0.136509815629456,0.0104808934756356,1,0,0
DEUTNP,2018,29,b,68.7842455540212,2471.21575444598,2598,5348,6216,16702,0.000318462248274334,0.002385625683662,0.0161267521397584,0.0388395517274922,0.142497970662996,0.0104761942589852,1,0,0
DEUTNP,2018,30,m,42.3831963104071,1757.61680368959,1628,3192,2243,8863,0.000381904614289148,0.00334109649547243,0.021376998516131,0.0537048224622982,0.160327602973673,0.0112671781725228,1,0,0
DEUTNP,2018,30,f,29.3881019830028,869.611898016997,1017,2892,4669,9477,0.000279859476955258,0.00170573163484294,0.0119728541993828,0.0369543644495921,0.157568437373036,0.0117338957434848,1,0,0
DEUTNP,2018,30,b,71.7712982934099,2627.22870170659,2645,6084,6912,18340,0.000332291919930071,0.00253623515323141,0.0164184986180374,0.0441847106787701,0.158453341895532,0.0115036164956167,1,0,0
DEUTNP,2018,31,m,46.0160417084419,1853.98395829156,1831,3586,2693,10010,0.000414639295513932,0.00352428316155539,0.0240425579134127,0.0603338011747498,0.192493194296969,0.0127253134950867,1,0,0
DEUTNP,2018,31,f,28.8229461756374,974.177053824363,1129,3033,5196,10361,0.000274477563936888,0.00191083473263821,0.0132913986146541,0.0387560813885245,0.17535352336481,0.0128284155110526,1,0,0
DEUTNP,2018,31,b,74.8389878840793,2828.16101211592,2960,6619,7889,20371,0.00034649492988073,0.00273020821265678,0.018373820759694,0.0480701183403648,0.180850465019365,0.0127775448000113,1,0,0
DEUTNP,2018,32,m,44.8050932424303,1740.19490675757,1697,3203,2338,9023,0.00040372773510567,0.00330797878821004,0.0222830260945174,0.0538898954720367,0.16711811669748,0.0114705797868299,1,0,0
DEUTNP,2018,32,f,31.0835694050992,856.916430594901,1039,2891,4637,9455,0.000296005216010369,0.00168082965218796,0.0122318539952397,0.0369415863152734,0.156488508052853,0.0117066565637489,1,0,0
DEUTNP,2018,32,b,75.8886626475295,2597.11133735247,2736,6094,6975,18478,0.000351354789612166,0.00250716089785807,0.0169833694589604,0.0442573351210429,0.159897578084684,0.01159017587819,1,0,0
DEUTNP,2018,33,m,39.1540004010427,1606.84599959896,1583,2991,2204,8424,0.000352807119867117,0.00305449260996717,0.0207861109650095,0.0503230338298039,0.157539918392321,0.0107090949932678,1,0,0
DEUTNP,2018,33,f,31.6487252124646,854.351274787535,959,2612,4009,8466,0.000301387129028739,0.00167579813477323,0.0112900365557602,0.0333764868403646,0.13529489514425,0.010482131620169,1,0,0
DEUTNP,2018,33,b,70.8027256135073,2461.19727438649,2542,5603,6213,16890,0.000327807552459374,0.00237595419168556,0.015779139314575,0.0406914750054486,0.142429197511131,0.0105941157366939,1,0,0
DEUTNP,2018,34,m,37.5394024463605,1577.46059755364,1539,2863,2192,8209,0.000338258372656102,0.00299863318509961,0.0202083542483573,0.0481694569892105,0.156682169290366,0.0104357740740426,1,0,0
DEUTNP,2018,34,f,36.7351274787535,900.264872521247,942,2530,3994,8403,0.000349824346194072,0.0017658570177099,0.0110899003498708,0.0323286798262337,0.134788678275414,0.0104041285145618,1,0,0
DEUTNP,2018,34,b,74.274529925114,2477.72547007489,2481,5393,6186,16612,0.000343881561816277,0.00239190993657262,0.0154004896300003,0.0391663617177198,0.141810239144352,0.0104197424877418,1,0,0
DEUTNP,2018,35,m,35.5211550030078,1571.47884499699,1527,2722,2048,7904,0.000320072438642333,0.00298726232629703,0.0200507842347248,0.0457971575007443,0.146389180066912,0.0100480397467698,1,0,0
DEUTNP,2018,35,f,20.3456090651558,815.654390934844,903,2470,3887,8096,0.000193748868661332,0.00159989473567313,0.0106307643481246,0.0315619917671136,0.13117766461105,0.0100240181427933,1,0,0
DEUTNP,2018,35,b,55.8667640681636,2387.13323593183,2430,5192,5935,16000,0.000258655963231962,0.00230445534661091,0.0150839136642082,0.0377066104280366,0.136056218771699,0.0100358704432861,1,0,0
DEUTNP,2018,36,m,37.13575295769,1515.86424704231,1597,2923,2048,8121,0.000334621185853348,0.00288154318550739,0.0209699426475806,0.0491789461332386,0.146389180066912,0.0103239031861737,1,0,0
DEUTNP,2018,36,f,23.7365439093484,892.263456090652,992,2463,3898,8269,0.000226040346771555,0.0017501623507437,0.0116785362495455,0.0314725448268829,0.131548890314863,0.0102382171470798,1,0,0
DEUTNP,2018,36,b,60.8722968670384,2408.12770313296,2589,5386,5946,16390,0.00028183093907274,0.00232472267457679,0.016070885792854,0.0391155246081289,0.136308386995202,0.0102804947853412,1,0,0
DEUTNP,2018,37,m,37.9430519350311,1561.05694806497,1521,2903,2017,8040,0.000341895559458856,0.00296745108914757,0.0199719992279086,0.0488424497518959,0.144173328220196,0.0102209311189308,1,0,0
DEUTNP,2018,37,f,28.257790368272,849.742209631728,927,2480,3967,8252,0.000269095650918517,0.00166675751761834,0.0109133095799684,0.0316897731103003,0.133877487911509,0.0102171686900112,1,0,0
DEUTNP,2018,37,b,66.2008423033031,2410.7991576967,2448,5383,5984,16292,0.000306501422059023,0.00232730160383803,0.0151956463580172,0.039093737275447,0.137179513585484,0.010219025078876,1,0,0
DEUTNP,2018,38,m,39.9612993783838,1606.03870062162,1528,2866,2048,8088,0.000360081493472625,0.00305295799572228,0.0200639150691942,0.0482199314464119,0.146389180066912,0.0102819516032229,1,0,0
DEUTNP,2018,38,f,31.6487252124646,897.351274787535,977,2570,4087,8563,0.000301387129028739,0.00176014203630621,0.0115019454796431,0.0328398051989805,0.137927222862197,0.0106022316399135,1,0,0
DEUTNP,2018,38,b,71.6100245908484,2503.38997540915,2505,5436,6135,16651,0.000331545243340227,0.00241668555682097,0.0155494665550789,0.0394786468194928,0.140641095562658,0.0104442049219473,1,0,0
DEUTNP,2018,39,m,31.4846601163024,1549.5153398837,1537,2792,2027,7937,0.000283700570614795,0.00294551136567337,0.0201820925794185,0.0469748948354438,0.144888119138491,0.0100899913297206,1,0,0
DEUTNP,2018,39,f,29.9532577903683,816.046742209632,839,2517,3830,8032,0.000285241389973628,0.00160066432723795,0.00987731039654097,0.032162564080091,0.129254040509473,0.00994477689265269,1,0,0
DEUTNP,2018,39,b,61.4379179066707,2365.56208209333,2376,5309,5857,15969,0.000284449692051736,0.00228363130543572,0.0147487155827814,0.0385563164026283,0.134268116823225,0.0100164259443022,1,0,0
DEUTNP,2018,40,m,38.3467014237016,1652.6532985763,1614,2848,2124,8277,0.00034553274626161,0.00314156881779528,0.0211931668335599,0.0479170847032034,0.151821591045957,0.0105222197601231,1,0,0
DEUTNP,2018,40,f,29.9532577903683,862.046742209632,986,2515,3952,8345,0.000285241389973628,0.00169089268701741,0.0116078999415845,0.0321370078114537,0.133371271042673,0.0103323161316218,1,0,0
DEUTNP,2018,40,b,68.2999592140699,2514.70004078593,2600,5363,6076,16622,0.000316220064538985,0.0024276039003117,0.016139166883515,0.0389484883909014,0.139288556909325,0.0104260149067688,1,0,0
DEUTNP,2018,41,m,47.2269901744536,1590.77300982555,1600,3055,2207,8500,0.000425550855922193,0.00302393907310351,0.0210093351509887,0.0513998222501006,0.157754355667809,0.0108057107600636,1,0,0
DEUTNP,2018,41,f,24.8668555240793,880.133144475921,941,2562,4085,8493,0.000236804172808295,0.00172636891333912,0.0110781276318773,0.0327375801244312,0.137859727279686,0.0105155615225721,1,0,0
DEUTNP,2018,41,b,72.0938456985329,2470.90615430147,2541,5617,6292,16993,0.000333785273109759,0.00238532680645749,0.0157729319426968,0.0407931492246305,0.14424022384356,0.0106587216526725,1,0,0
DEUTNP,2018,42,m,37.5394024463605,1589.46059755364,1564,2900,2141,8232,0.000338258372656102,0.0030214442767218,0.0205366251100915,0.0487919752946945,0.153036735607059,0.0104650130560993,1,0,0
DEUTNP,2018,42,f,31.0835694050992,847.916430594901,955,2527,3959,8320,0.000296005216010369,0.0016631762774485,0.0112429456837862,0.0322903454232777,0.133607505581463,0.0103013625182857,1,0,0
DEUTNP,2018,42,b,68.6229718514597,2437.37702814854,2519,5427,6100,16552,0.00031771557168449,0.00235295895498306,0.0156363697613747,0.0394132848214473,0.13983874212424,0.0103821079735794,1,0,0
DEUTNP,2018,43,m,33.9065570483256,1553.09344295167,1497,2949,2256,8289,0.000305523691431318,0.00295231306874981,0.0196568592006438,0.0496163914289842,0.161256831167457,0.0105374748811962,1,0,0
DEUTNP,2018,43,f,27.1274787535411,883.872521246459,979,2562,3867,8319,0.000258331824881777,0.00173370364883049,0.0115254909156301,0.0327375801244312,0.130502708785935,0.0103001243737522,1,0,0
DEUTNP,2018,43,b,61.0340358018667,2436.96596419813,2476,5511,6123,16608,0.000282579769628401,0.00235256212815159,0.0153694527706089,0.0400233301365388,0.1403660029552,0.0104172335201309,1,0,0
DEUTNP,2018,44,m,35.5211550030078,1585.47884499699,1512,3141,2174,8448,0.000320072438642333,0.00301387526652292,0.0198538217176843,0.0528467566898743,0.155395545637434,0.0107396052354138,1,0,0
DEUTNP,2018,44,f,26.5623229461756,869.437677053824,971,2581,3999,8447,0.000252949911863406,0.00170538990284846,0.0114313091716821,0.0329803646764859,0.134957417231692,0.0104586068740335,1,0,0
DEUTNP,2018,44,b,62.0834779491834,2454.91652205081,2483,5722,6173,16895,0.000287438552376928,0.00236989097196961,0.0154129043737568,0.0415557058684949,0.14151222215294,0.0105972519462074,1,0,0
DEUTNP,2018,45,m,40.3649488670543,1620.63505113295,1654,3113,2323,8751,0.000363718680275379,0.00308070455312758,0.0217184002123346,0.0523756617559945,0.166045930320037,0.0111247970425079,1,0,0
DEUTNP,2018,45,f,25.4320113314448,930.567988668555,998,2649,4250,8853,0.000242186085826666,0.00182529615827899,0.0117491725575064,0.0338492778101554,0.143428112836882,0.0109612935546133,1,0,0
DEUTNP,2018,45,b,65.7969601984991,2551.2030398015,2652,5762,6573,17604,0.000304631499635688,0.00246284262514808,0.0164619502211853,0.041846203637586,0.150681975734857,0.0110419664552255,1,0,0
DEUTNP,2018,46,m,40.7685983557249,1624.23140164428,1582,2993,2183,8423,0.000367355867078132,0.00308754094321254,0.0207729801305401,0.0503566834679382,0.1560388574639,0.0107078237331784,1,0,0
DEUTNP,2018,46,f,25.4320113314448,830.567988668555,1004,2564,3995,8419,0.000242186085826666,0.00162914755006277,0.0118198088654674,0.0327631363930685,0.134822426066669,0.010423938827097,1,0,0
DEUTNP,2018,46,b,66.2006096871697,2454.79939031283,2586,5557,6178,16842,0.000306500345076115,0.0023697778970663,0.0160522636772191,0.0403574025709937,0.141626844072714,0.010564008125364,1,0,0
DEUTNP,2018,47,m,44.4014437537598,1632.59855624624,1565,3280,2324,8846,0.000400090548302916,0.00310344627073274,0.0205497559445608,0.0551854065402062,0.166117409411866,0.0112455667510027,1,0,0
DEUTNP,2018,47,f,30.5184135977337,913.481586402266,970,2765,4260,8939,0.000290623302991999,0.00179178141803944,0.0114195364536886,0.0353315413911211,0.14376559074944,0.0110677739844898,1,0,0
DEUTNP,2018,47,b,74.9198573514935,2546.08014264851,2535,6045,6584,17785,0.000346869345158561,0.00245789715852867,0.0157356877114271,0.0439014753539062,0.15093414395836,0.0111554972396152,1,0,0
DEUTNP,2018,48,m,29.0627631842791,1669.93723681572,1581,3340,2368,8988,0.000261877449798273,0.00317442427602626,0.0207598492960707,0.0561948956842344,0.169262489452366,0.0114260856837002,1,0,0
DEUTNP,2018,48,f,28.8229461756374,915.177053824363,992,2824,4343,9103,0.000274477563936888,0.00179510705379064,0.0116785362495455,0.0360854513159226,0.146566657423666,0.0112708296879753,1,0,0
DEUTNP,2018,48,b,57.8857093599165,2585.11429064008,2573,6164,6711,18091,0.000268003421382819,0.00249557936649495,0.0159715678428016,0.0447657062169525,0.153845540720619,0.011347433261843,1,0,0
DEUTNP,2018,49,m,34.3102065369962,1630.689793463,1685,3301,2488,9139,0.000309160878234072,0.00309981785717162,0.022125456080885,0.0555387277406161,0.177839980471912,0.0116180459572025,1,0,0
DEUTNP,2018,49,f,24.8668555240793,901.133144475921,1021,2809,4447,9203,0.000236804172808295,0.00176756012106452,0.0120199450713568,0.0358937793011425,0.150076427714263,0.0113946441413201,1,0,0
DEUTNP,2018,49,b,59.1770620610755,2531.82293793892,2706,6110,6935,18342,0.000273982219016112,0.00244413374929529,0.0167971483026121,0.0443735342286794,0.158980602726492,0.0115048709794221,1,0,0
DEUTNP,2018,50,m,33.9065570483256,1607.09344295167,1689,3256,2357,8943,0.000305523691431318,0.00305496298104968,0.0221779794187625,0.0547816108825949,0.168476219442241,0.0113688789796764,1,0,0
DEUTNP,2018,50,f,29.3881019830028,889.611898016997,1037,2755,4289,9000,0.000279859476955258,0.00174496135648619,0.0122083085592527,0.0352037600479344,0.144744276695856,0.0111433008010302,1,0,0
DEUTNP,2018,50,b,63.2946590313284,2496.70534096867,2726,6011,6646,17943,0.000293046165681115,0.00241023244337735,0.0169212957401776,0.0436545522501787,0.152355455763557,0.0112546014602426,1,0,0
DEUTNP,2018,51,m,45.2087427311009,1699.7912572689,1773,3467,2529,9514,0.000407364921908424,0.00323117450901362,0.0232809695141894,0.0583316477057606,0.180770623236923,0.0120947684907348,1,0,0
DEUTNP,2018,51,f,31.6487252124646,921.351274787535,1022,2847,4654,9476,0.000301387129028739,0.0018072177022781,0.0120317177893503,0.036379348405252,0.1570622205042,0.0117326575989513,1,0,0
DEUTNP,2018,51,b,76.8574679435655,2621.14253205643,2795,6314,7183,18990,0.000355840234065771,0.00253035977686802,0.0173496043997786,0.0458550728510445,0.164665849947281,0.0119113237323752,1,0,0
DEUTNP,2018,52,m,30.6773611389613,1538.32263886104,1533,3186,2444,8732,0.000276426197009288,0.00292423488829606,0.0201295692415411,0.0536038735478954,0.174694900431412,0.0111006431008089,1,0,0
DEUTNP,2018,52,f,32.7790368271955,918.220963172805,989,2790,4492,9222,0.00031215095506548,0.00180107763961297,0.011643218095565,0.0356509947490878,0.151595078320771,0.0114181688874556,1,0,0
DEUTNP,2018,52,b,63.4563979661568,2456.54360203385,2522,5976,6936,17954,0.000293794996236776,0.00237146169835799,0.0156549918770095,0.0434003667022239,0.159003527110447,0.0112615011211724,1,0,0
DEUTNP,2019,1,m,42.3045369794904,1681.69546302051,1690,3197,2504,9115,0.000377610232560592,0.00320372799193272,0.0219321922145857,0.0535043043956057,0.169985949735919,0.0115600837099617,1,0,0
DEUTNP,2019,1,f,29.3750926612305,926.62490733877,1045,2878,4692,9571,0.000277007299808335,0.00182126596552625,0.0121453895845864,0.0366925885454655,0.155800698962235,0.0118245620354835,1,0,0
DEUTNP,2019,1,b,71.6796296407209,2608.32037035928,2735,6075,7196,18686,0.000328689911913409,0.00252328816393395,0.0167692071450832,0.0439619571583143,0.160460145613992,0.0116940548087247,1,0,0
DEUTNP,2019,2,m,42.3045369794904,1806.69546302051,1748,3426,2598,9621,0.000377610232560592,0.00344186028627352,0.0226848946692875,0.0573367991427416,0.176367211427284,0.0122018173750457,1,0,0
DEUTNP,2019,2,f,29.9510748702743,911.048925129726,1082,2856,4670,9549,0.000282438815490851,0.00179065162950711,0.0125754177325574,0.0364121031570012,0.155070175650818,0.0117973819743843,1,0,0
DEUTNP,2019,2,b,72.2556118497647,2717.74438815024,2830,6282,7268,19170,0.000331331102200011,0.00262914491837243,0.0173516841757168,0.045459920142968,0.162065639010908,0.0119969512299718,1,0,0
DEUTNP,2019,3,m,39.4012844416822,1725.59871555832,1684,3383,2647,9479,0.000351695804835846,0.00328736624997953,0.0218543264434097,0.056617160391096,0.179693613798314,0.0120217261093502,1,0,0
DEUTNP,2019,3,f,32.830985915493,931.169014084507,1062,2938,4720,9684,0.000309596393903433,0.0018301973323546,0.0123429700850055,0.0374575486958226,0.156730455904039,0.0119641687129477,1,0,0
DEUTNP,2019,3,b,72.2322703571752,2656.76772964283,2746,6321,7367,19163,0.000331224068818538,0.00257015612142998,0.0168366518538934,0.0457421450531201,0.164273192431667,0.0119925704966066,1,0,0
DEUTNP,2019,4,m,36.08328154133,1789.91671845867,1783,3410,2602,9621,0.000322079316007564,0.00340989579876417,0.0231391116678144,0.0570690265839898,0.17663875447798,0.0122018173750457,1,0,0
DEUTNP,2019,4,f,31.1030392883617,889.896960711638,1068,2980,4915,9884,0.000293301846855884,0.00174907779246303,0.012412704379271,0.0379930208010726,0.1632055488916,0.0122112601774861,1,0,0
DEUTNP,2019,4,b,67.1863208296917,2679.81367917031,2851,6390,7517,19505,0.000308085658170755,0.00259245076449996,0.0174804422561727,0.0462414660480047,0.167617970341909,0.0122066006124465,1,0,0
DEUTNP,2019,5,m,41.0602858918583,1796.93971410814,1762,3573,2655,9828,0.000366504049249986,0.0034232750153014,0.0228665814686983,0.0597969595262743,0.180236699899707,0.0124643447834891,1,0,0
DEUTNP,2019,5,f,33.9829503335804,949.01704966642,1067,3052,4882,9984,0.000320459425268466,0.00186527735178792,0.0124010819968934,0.0389109729815013,0.162109763924474,0.0123348059097553,1,0,0
DEUTNP,2019,5,b,75.0432362254387,2745.95676377456,2829,6625,7537,19812,0.000344113869285731,0.00265643756014232,0.0173455528385522,0.0479420520450753,0.168063940729941,0.0123987270614606,1,0,0
DEUTNP,2019,6,m,44.7930391547545,1778.20696084525,1823,3546,2652,9844,0.000399822599181803,0.00338758802719089,0.0236582168089881,0.0593450933333806,0.180033042611685,0.0124846367570886,1,0,0
DEUTNP,2019,6,f,31.6790214974055,1012.32097850259,1145,2999,4949,10137,0.0002987333625384,0.0019897001793639,0.0133076278223458,0.0382352581820191,0.16433453946379,0.0125238308801271,1,0,0
DEUTNP,2019,6,b,76.47206065216,2790.52793934784,2968,6545,7601,19981,0.0003506658029008,0.00269955569894718,0.0181978087044267,0.0473631291524555,0.169491045971644,0.0125044904812763,1,0,0
DEUTNP,2019,7,m,43.5487880671224,1767.45121193288,1886,3652,2643,9992,0.000388716415871198,0.00336709769786404,0.0244758074063365,0.0611190865351116,0.179422070747618,0.0126723375128839,1,0,0
DEUTNP,2019,7,f,35.1349147516679,985.865085248332,1128,3149,4860,10158,0.000331322456633498,0.00193770155771022,0.0131100473219267,0.040147658557912,0.161379240613057,0.0125497754839036,1,0,0
DEUTNP,2019,7,b,78.6837028187903,2753.31629718121,3014,6801,7503,20150,0.000360807379699918,0.00266355717004458,0.0184798502139966,0.0492156824088388,0.167305791070286,0.0126102539010919,1,0,0
DEUTNP,2019,8,m,36.9127822664181,1739.08721773358,1831,3555,2727,9889,0.000329483438214634,0.00331306263374126,0.0237620378372228,0.0594957153976785,0.185124474812241,0.0125417079328372,1,0,0
DEUTNP,2019,8,f,38.5908080059303,952.40919199407,1156,3121,5192,10460,0.000363911550728597,0.0018719445515606,0.0134354740284994,0.039790677154412,0.172403501494443,0.0129228835953566,1,0,0
DEUTNP,2019,8,b,75.5035902723484,2691.49640972765,2987,6676,7919,20349,0.000346224841843571,0.00260375263373074,0.0183143041105534,0.0483111153891204,0.176581975141356,0.0127347918924724,1,0,0
DEUTNP,2019,9,m,37.7422829915061,1842.25771700849,1902,3676,2847,10305,0.000336887560421705,0.00350960845534623,0.024683449462806,0.0615207453732394,0.193270766333132,0.013069299246424,1,0,0
DEUTNP,2019,9,f,33.9829503335804,1009.01704966642,1166,3189,5087,10485,0.000320459425268466,0.00198320636175314,0.0135516978522753,0.0406576319914834,0.168916912962679,0.0129537700284239,1,0,0
DEUTNP,2019,9,b,71.7252333250865,2851.27476667491,3068,6865,7934,20790,0.000328899029497752,0.00275832215729057,0.0188109424208831,0.0496788207229346,0.17691645293238,0.0130107780944764,1,0,0
DEUTNP,2019,10,m,36.498031903874,1806.50196809613,1747,3608,2757,9955,0.000325781377111099,0.00344149166715122,0.0226719170407582,0.060382711998544,0.187161047692464,0.0126254123239351,1,0,0
DEUTNP,2019,10,f,36.2868791697554,1008.71312083024,1116,3253,5084,10498,0.000342185487998531,0.00198260899464064,0.0129705787333956,0.0414735894851978,0.168817296147486,0.0129698309736189,1,0,0
DEUTNP,2019,10,b,72.7849110736294,2815.21508892637,2863,6861,7841,20453,0.000333758225723667,0.00272343803834101,0.0175540183021474,0.0496498745783036,0.174842690628031,0.0127998770738974,1,0,0
DEUTNP,2019,11,m,41.8897866169463,1739.11021338305,1741,3497,2606,9625,0.000373908171457057,0.00331310644179541,0.0225940512695821,0.058525039872203,0.176910297528676,0.0122068903684455,1,0,0
DEUTNP,2019,11,f,30.527057079318,930.472942920682,1141,3068,5000,10170,0.000287870331173367,0.00182882921596768,0.0132611382928354,0.0391149623549298,0.166028025322075,0.0125646009717759,1,0,0
DEUTNP,2019,11,b,72.4168436962643,2669.58315630373,2882,6565,7606,19795,0.000332070437513115,0.00258255376045343,0.0176705137082742,0.0475078598756105,0.169602538568652,0.0123880881375739,1,0,0
DEUTNP,2019,12,m,31.9357779158898,1741.06422208411,1665,3287,2620,9345,0.000285058704972212,0.00331682894239657,0.0216077515013522,0.0550105250385849,0.177860698206114,0.0118517808304544,1,0,0
DEUTNP,2019,12,f,32.2550037064492,877.744996293551,1101,2916,4744,9671,0.000304164878220917,0.00172519330691374,0.0127962429977317,0.0371770633073583,0.157527390425585,0.0119481077677527,1,0,0
DEUTNP,2019,12,b,64.190781622339,2618.80921837766,2766,6203,7364,19016,0.000294349489008985,0.00253343507163702,0.0169592785971847,0.044888233786506,0.164206296873462,0.0119005750959386,1,0,0
DEUTNP,2019,13,m,45.2077895172985,1660.7922104827,1699,3309,2421,9135,0.000403524660285339,0.00316390607604461,0.0220489908713498,0.0553787123068687,0.16435143143397,0.011585448676961,1,0,0
DEUTNP,2019,13,f,28.7991104521868,880.200889547813,1043,2898,4577,9427,0.000271575784125818,0.00173002032458133,0.0121221448198312,0.0369475752622512,0.151982054379828,0.0116466561810159,1,0,0
DEUTNP,2019,13,b,74.0068999694853,2540.99310003051,2742,6207,6998,18562,0.000339361706441289,0.0024581557874586,0.0168121265052352,0.0449171799311369,0.156045038772473,0.0116164532462564,1,0,0
DEUTNP,2019,14,m,38.5717837165942,1704.42821628341,1675,3424,2513,9355,0.000344291682628775,0.00324703521346213,0.0217375277866456,0.0573033275728977,0.170596921599986,0.0118644633139541,1,0,0
DEUTNP,2019,14,f,24.1912527798369,877.808747220163,1058,2840,4516,9316,0.000228123658665687,0.00172531860830807,0.0122964805554951,0.0362081137835726,0.149956512470898,0.0115095204181971,1,0,0
DEUTNP,2019,14,b,62.7630364964311,2582.23696350357,2733,6264,7029,18671,0.000287802504572519,0.00249805508576533,0.0167569444707541,0.0453296624921285,0.156736292873923,0.0116846675229422,1,0,0
DEUTNP,2019,15,m,36.08328154133,1612.91671845867,1643,3149,2409,8850,0.000322079316007564,0.00307270046997759,0.0213222436737067,0.0527009867193501,0.163536802281881,0.01122399789722,1,0,0
DEUTNP,2019,15,f,32.830985915493,867.169014084507,957,2822,4323,9002,0.000309596393903433,0.0017044063883917,0.011122619935358,0.0359786257384654,0.143547830693466,0.0111215868188719,1,0,0
DEUTNP,2019,15,b,68.914267456823,2480.08573254318,2600,5971,6732,17852,0.00031600922903056,0.0023992340226234,0.015941476627867,0.0432093573979086,0.150113632611644,0.0111721217192204,1,0,0
DEUTNP,2019,16,m,40.2307851667703,1616.76921483323,1678,3209,2391,8935,0.000359099927042916,0.0030800397003825,0.0217764606722337,0.0537051338146696,0.162314858553747,0.0113317990069674,1,0,0
DEUTNP,2019,16,f,33.9829503335804,907.01704966642,1049,2806,4358,9154,0.000320459425268466,0.00178272704481226,0.0121918791140967,0.0357746363650369,0.144710026870721,0.011309376331921,1,0,0
DEUTNP,2019,16,b,74.2137355003507,2523.78626449965,2727,6015,6749,18089,0.000340310159338736,0.00244150990111459,0.0167201564477667,0.0435277649888495,0.150492707441472,0.0113204408345832,1,0,0
DEUTNP,2019,17,m,33.1800290035219,1600.81997099648,1669,3236,2402,8941,0.000296164888282817,0.00304965546015973,0.0216596620154696,0.0541570000075633,0.163061601943162,0.0113394084970672,1,0,0
DEUTNP,2019,17,f,27.0711638250556,919.928836174944,1022,2676,4308,8953,0.000255281237078269,0.00180810494814281,0.0118780747899017,0.0341172227059297,0.1430497466175,0.01106104941006,1,0,0
DEUTNP,2019,17,b,60.2511928285775,2520.74880717142,2691,5912,6710,17894,0.000276284341350062,0.00243857146601594,0.0164994283098424,0.0427824017646015,0.149623065184809,0.0111984061194113,1,0,0
DEUTNP,2019,18,m,35.253780816242,1559.74621918376,1532,3038,2245,8410,0.000314675193800493,0.00297140756610895,0.0198817269069499,0.0508433145930091,0.15240353720333,0.010665968623234,1,0,0
DEUTNP,2019,18,f,25.9191994069681,873.080800593032,952,2640,4189,8680,0.000244418205713237,0.0017160259072263,0.0110645080234701,0.0336582466157154,0.139098279614834,0.0107237695609651,1,0,0
DEUTNP,2019,18,b,61.1729802232101,2432.82701977679,2484,5678,6434,17090,0.000280511235644345,0.00235351596132952,0.0152302415167776,0.0410890523036887,0.143468673829964,0.010695247601472,1,0,0
DEUTNP,2019,19,m,35.668531178786,1539.33146882121,1635,3125,2198,8533,0.000318377254904029,0.00293251627537113,0.021218422645472,0.0522993278812223,0.149212906357648,0.0108219631702801,1,0,0
DEUTNP,2019,19,f,25.9191994069681,864.080800593032,1010,2669,4016,8585,0.000244418205713237,0.00169833655573152,0.0117386062013706,0.0340279773550547,0.133353709938691,0.0106064011153094,1,0,0
DEUTNP,2019,19,b,61.5877305857541,2403.41226941424,2645,5794,6214,17118,0.000282413090617843,0.00232506014268149,0.0162173868002724,0.0419284904979874,0.13856299956161,0.0107127705349325,1,0,0
DEUTNP,2019,20,m,32.3505282784338,1610.64947172157,1611,3146,2265,8665,0.000288760766075747,0.00306838123263885,0.0209069595607678,0.0526507793645841,0.153761252456812,0.0109893719524759,1,0,0
DEUTNP,2019,20,f,29.9510748702743,852.048925129726,998,2664,4106,8650,0.000282438815490851,0.00167468810304131,0.0115991376128394,0.0339642306758582,0.136342214394488,0.0106867058412844,1,0,0
DEUTNP,2019,20,b,62.3016031487081,2462.6983968513,2609,5810,6371,17315,0.000285686582836076,0.00238241352049021,0.0159966586623481,0.0420442750765113,0.142063867107663,0.0108360568882087,1,0,0
DEUTNP,2019,21,m,40.2307851667703,1593.76921483323,1653,3103,2259,8649,0.000359099927042916,0.00303622335822379,0.0214520199590001,0.0519311406129385,0.153353937880767,0.0109690799788764,1,0,0
DEUTNP,2019,21,f,33.4069681245367,869.593031875463,946,2516,4066,8431,0.000315027909585949,0.00170917075536213,0.0109947737292045,0.0320773289716439,0.135013990191911,0.0104161406876148,1,0,0
DEUTNP,2019,21,b,73.637753291307,2463.36224670869,2599,5619,6325,17080,0.000337668969052135,0.00238305572859733,0.0159353452907025,0.0406620966703816,0.141038135215189,0.0106889894109503,1,0,0
DEUTNP,2019,22,m,37.3275326289621,1551.67246737104,1630,3024,2193,8436,0.000333185499318169,0.00295602659776414,0.0211535345028253,0.0506090136041012,0.148873477544278,0.0106989430803331,1,0,0
DEUTNP,2019,22,f,31.1030392883617,873.896960711638,961,2505,4114,8485,0.000293301846855884,0.00171763005647231,0.0111691094648684,0.0319370862774117,0.136607859235003,0.0104828553830402,1,0,0
DEUTNP,2019,22,b,68.4305719173238,2425.56942808268,2591,5529,6307,16921,0.000313791223091247,0.00234649496980235,0.015886294593386,0.0400108084161843,0.14063676186596,0.0105894841816563,1,0,0
DEUTNP,2019,23,m,46.0372902423866,1692.96270975761,1672,3192,2270,8873,0.000410928782492409,0.003225192754464,0.0216985949010576,0.0534206254709957,0.154100681270182,0.0112531676092693,1,0,0
DEUTNP,2019,23,f,32.830985915493,839.169014084507,938,2654,4154,8618,0.000309596393903433,0.00164937285040793,0.0109017946701837,0.0338367373174654,0.13793608343758,0.0106471712069582,1,0,0
DEUTNP,2019,23,b,78.8682761578796,2532.13172384212,2610,5846,6424,17491,0.000361653748394495,0.00244958329540339,0.0160027899995127,0.0423047903781902,0.143245688635948,0.0109462010413895,1,0,0
DEUTNP,2019,24,m,35.253780816242,1623.74621918376,1555,2964,2172,8350,0.000314675193800493,0.00309333130081144,0.0201802123631248,0.0496048665087817,0.147447876528122,0.0105898737222359,1,0,0
DEUTNP,2019,24,f,21.887323943662,852.112676056338,920,2439,3901,8134,0.000206397595935622,0.00167481340443564,0.010692591787387,0.0310956301120189,0.129535065356283,0.0100492098627754,1,0,0
DEUTNP,2019,24,b,57.141104759904,2475.8588952401,2475,5403,6073,16484,0.000262022903638134,0.00239514498177592,0.0151750594822965,0.0390990048603082,0.135418908325983,0.010316001255861,1,0,0
DEUTNP,2019,25,m,38.9865340791382,1632.01346592086,1490,2983,2156,8300,0.00034799374373231,0.00310908088827854,0.0193366665087176,0.0499228464222996,0.146361704325336,0.0105264613047374,1,0,0
DEUTNP,2019,25,f,27.0711638250556,858.928836174944,944,2580,3929,8339,0.000255281237078269,0.00168821045467817,0.0109715289644493,0.0328932864653582,0.130464822298087,0.0103024786139272,1,0,0
DEUTNP,2019,25,b,66.0576979041938,2490.9423020958,2434,5563,6085,16639,0.000302910310979024,0.00240973666400303,0.0149236746585494,0.0402568506455477,0.135686490558802,0.0104130032089463,1,0,0
DEUTNP,2019,26,m,44.7930391547545,1697.20696084525,1634,3140,2400,8916,0.000399822599181803,0.00323327830045805,0.0212054450169427,0.0525503646550522,0.162925830417814,0.011307702288318,1,0,0
DEUTNP,2019,26,f,27.6471460340993,936.352853965901,952,2758,4328,9002,0.000260712752760786,0.00184038608410512,0.0110645080234701,0.0351626682447511,0.143713858718788,0.0111215868188719,1,0,0
DEUTNP,2019,26,b,72.4401851888538,2633.55981481115,2586,5898,6728,17918,0.000332177470894588,0.00254770479318448,0.0158556379075631,0.0426810902583931,0.150024438534038,0.0112134257766632,1,0,0
DEUTNP,2019,27,m,38.5717837165942,1616.42821628341,1573,2928,2165,8321,0.000344291682628775,0.00307939007824621,0.0204138096766529,0.0490023782515901,0.146972676189403,0.0105530945200868,1,0,0
DEUTNP,2019,27,f,32.2550037064492,860.744996293551,963,2555,3820,8231,0.000304164878220917,0.00169178008742359,0.0111923542296236,0.032574553069376,0.126845411346065,0.0101690492230765,1,0,0
DEUTNP,2019,27,b,70.8267874230434,2477.17321257696,2536,5483,5985,16552,0.000324779168584942,0.00239641645188267,0.0155490710493349,0.039677927752928,0.133456638618641,0.0103585569514081,1,0,0
DEUTNP,2019,28,m,30.6915268282577,1509.30847317174,1584,2915,2114,8153,0.000273952521661606,0.00287532071667519,0.0205565635904756,0.0487848130476042,0.143510502293025,0.0103400287972921,1,0,0
DEUTNP,2019,28,f,25.9191994069681,808.080800593032,927,2463,3942,8166,0.000244418205713237,0.00158826947976398,0.0107739484640302,0.0314016141721617,0.130896495163924,0.0100887444971015,1,0,0
DEUTNP,2019,28,b,56.6107262352258,2317.38927376477,2511,5378,6056,16319,0.000259590830935875,0.00224184152842877,0.0153957876202208,0.0389180914563645,0.135039833496155,0.010212741112254,1,0,0
DEUTNP,2019,29,m,41.0602858918583,1613.93971410814,1497,2994,2182,8328,0.000366504049249986,0.00307464933638647,0.019427509908423,0.0501069400564415,0.148126734154863,0.0105619722585366,1,0,0
DEUTNP,2019,29,f,27.6471460340993,867.352853965901,981,2549,4103,8528,0.000260712752760786,0.00170476772264511,0.0114015571124203,0.0324980570543403,0.136242597579295,0.010535980047916,1,0,0
DEUTNP,2019,29,b,68.7074319259576,2481.29256807404,2478,5543,6285,16856,0.000315060776133112,0.00240040151487069,0.0151934534937902,0.0401121199223928,0.140146194439124,0.0105488059432657,1,0,0
DEUTNP,2019,30,m,50.1847938678268,1707.81520613217,1872,3397,2583,9610,0.000447949393527761,0.0032534876267709,0.0242941206069258,0.0568514613800039,0.175348924987172,0.012187866643196,1,0,0
DEUTNP,2019,30,f,31.6790214974055,915.320978502594,1106,3141,4826,10020,0.0002987333625384,0.00179904827992013,0.0128543549096196,0.0400456638711977,0.160250250040867,0.0123792823733722,1,0,0
DEUTNP,2019,30,b,81.8638153652323,2623.13618463476,2978,6538,7409,19630,0.000375389917556265,0.00253762097719769,0.0182591220760723,0.0473124733993513,0.165209730246535,0.0122848279939669,1,0,0
DEUTNP,2019,31,m,37.3275326289621,1591.67246737104,1665,2890,2196,8380,0.000333185499318169,0.00303222893195319,0.0216077515013522,0.0483664184245544,0.1490771348323,0.0106279211727349,1,0,0
DEUTNP,2019,31,f,27.6471460340993,871.352853965901,974,2639,4142,8654,0.000260712752760786,0.0017126296566428,0.0113202004357771,0.0336454972798761,0.137537616176807,0.0106916476705751,1,0,0
DEUTNP,2019,31,b,64.9746786630614,2463.02532133694,2639,5529,6338,17034,0.000297944081371637,0.00238272978711701,0.016180598777285,0.0400108084161843,0.141328015967409,0.0106602017345508,1,0,0
DEUTNP,2019,32,m,40.2307851667703,1513.76921483323,1565,2966,2130,8215,0.000359099927042916,0.00288381868984568,0.0203099886484182,0.0496383380786257,0.14459667449581,0.0104186601949901,1,0,0
DEUTNP,2019,32,f,25.9191994069681,848.080800593032,939,2595,3917,8325,0.000244418205713237,0.00166688881974079,0.0109134170525613,0.0330845265029475,0.130066355037314,0.0102851822114095,1,0,0
DEUTNP,2019,32,b,66.1499845737384,2361.85001542626,2504,5561,6047,16540,0.000303333495326313,0.0022848528335081,0.0153528682600689,0.0402423775732322,0.134839146821541,0.0103510471227821,1,0,0
DEUTNP,2019,33,m,47.2815413300186,1508.71845866998,1485,2828,2056,7925,0.000422034965803015,0.0028741967046192,0.0192717783660709,0.0473287997593909,0.139573128057927,0.0100508681734993,1,0,0
DEUTNP,2019,33,f,25.3432171979244,794.656782802076,920,2413,3856,8009,0.00023898669003072,0.00156188479429993,0.010692591787387,0.0307641473801974,0.128040813128384,0.00989477769743889,1,0,0
DEUTNP,2019,33,b,72.624758527943,2303.37524147206,2405,5241,5912,15934,0.000333023839589165,0.00222828435875934,0.014745865880777,0.0379266860027531,0.131828846702323,0.0099718007771711,1,0,0
DEUTNP,2019,34,m,36.498031903874,1554.50196809613,1516,2891,2023,8021,0.000325781377111099,0.00296141696176017,0.0196740848504805,0.0483831542094764,0.137332897889682,0.0101726200150963,1,0,0
DEUTNP,2019,34,f,27.6471460340993,844.352853965901,951,2491,3928,8242,0.000260712752760786,0.00165956160215845,0.0110528856410925,0.0317585955756617,0.130431616693022,0.0101826392536261,1,0,0
DEUTNP,2019,34,b,64.1451779379733,2398.85482206203,2467,5382,5951,16263,0.000294140371424642,0.00232065126979445,0.01512600878498,0.0389470376009955,0.132698488958986,0.0101776952453329,1,0,0
DEUTNP,2019,35,m,44.3782887922105,1626.62171120779,1621,3041,2294,8627,0.000396120538078268,0.00309880928091577,0.0210367358460612,0.0508935219477751,0.155729939574361,0.0109411785151771,1,0,0
DEUTNP,2019,35,f,29.3750926612305,870.62490733877,1020,2744,4346,9010,0.000277007299808335,0.00171119888955871,0.0118548300251465,0.0349841775430011,0.144311559609948,0.0111314704774534,1,0,0
DEUTNP,2019,35,b,73.753381453441,2497.24661854656,2641,5785,6640,17637,0.000338199186780896,0.00241583545741149,0.0161928614516142,0.0418633616725676,0.148062168826696,0.0110375706230053,1,0,0
DEUTNP,2019,36,m,39.4012844416822,1516.59871555832,1462,2824,2042,7884,0.000351695804835846,0.00288920905384171,0.0189732929098961,0.047261856619703,0.13862272738049,0.0099988699911506,1,0,0
DEUTNP,2019,36,f,25.3432171979244,847.656782802076,986,2405,3840,8104,0.00023898669003072,0.00166605541976921,0.0114596690243083,0.0306621526934831,0.127509523447354,0.0100121461430946,1,0,0
DEUTNP,2019,36,b,64.7445016396066,2364.2554983604,2448,5229,5882,15988,0.000296888595092717,0.00228717989681107,0.0150095133788533,0.0378398475688602,0.131159891120275,0.0100055950059879,1,0,0
DEUTNP,2019,37,m,25.7145224777294,1499.28547752227,1517,2895,2168,8105,0.000229527788419183,0.00285622632507377,0.0196870624790098,0.0484500973491643,0.147176333477425,0.0102791528764936,1,0,0
DEUTNP,2019,37,f,38.0148257968866,876.985174203113,915,2539,3829,8198,0.00035848003504608,0.00172369988913249,0.0106344798754991,0.0323705636959475,0.127144261791645,0.0101282791314277,1,0,0
DEUTNP,2019,37,b,63.729348274616,2376.27065172538,2432,5434,5997,16303,0.000292233567272542,0.00229880335174331,0.0149114119842202,0.0393233374811984,0.13372422085146,0.0102027280074194,1,0,0
DEUTNP,2019,38,m,36.08328154133,1555.91671845867,1498,2894,2110,8094,0.000322079316007564,0.00296411214375819,0.0194404875369523,0.0484333615642424,0.143238959242328,0.010265202144644,1,0,0
DEUTNP,2019,38,f,35.1349147516679,872.865085248332,1010,2486,4002,8406,0.000331322456633498,0.00171560192227572,0.0117386062013706,0.0316948488964653,0.132888831467789,0.0103852542545476,1,0,0
DEUTNP,2019,38,b,71.2181962929979,2428.781803707,2508,5380,6112,16500,0.000326573990176966,0.0023496026207961,0.0153773936087271,0.03893256452868,0.136288550582645,0.0103260143606956,1,0,0
DEUTNP,2019,39,m,32.3505282784338,1621.64947172157,1604,3060,2334,8652,0.000288760766075747,0.00308933687454084,0.0208161161610624,0.0512115018612929,0.158445370081324,0.0109728847239263,1,0,0
DEUTNP,2019,39,f,28.2231282431431,870.776871756857,994,2697,4160,8750,0.000266144268443302,0.00171149757311496,0.011552648083329,0.0343849587585547,0.138135317067966,0.0108102515735535,1,0,0
DEUTNP,2019,39,b,60.5736565215769,2492.42634347843,2598,5757,6494,17402,0.000277763011976271,0.00241117232508904,0.0159292139535379,0.0416607386601507,0.144806584994061,0.0108905031457469,1,0,0
DEUTNP,2019,40,m,46.8667909674746,1505.13320903253,1573,3042,2219,8386,0.000418332904699479,0.00286736659484358,0.0204138096766529,0.050910257732697,0.150638507373804,0.0106355306628347,1,0,0
DEUTNP,2019,40,f,27.0711638250556,867.928836174944,971,2566,4081,8513,0.000255281237078269,0.00170589980617295,0.0112853332886444,0.0327147957636082,0.135512074267878,0.0105174481880756,1,0,0
DEUTNP,2019,40,b,73.9379547925302,2373.06204520747,2544,5608,6300,16899,0.000339045555475473,0.00229569934698172,0.0155981217466514,0.0405824947726464,0.140480672230148,0.0105757161625088,1,0,0
DEUTNP,2019,41,m,33.1800290035219,1625.81997099648,1606,3130,2418,8813,0.000296164888282817,0.00309728191902789,0.0208420714181211,0.0523830068058323,0.164147774145948,0.0111770727082712,1,0,0
DEUTNP,2019,41,f,26.4951816160119,867.504818383988,999,2655,4305,8853,0.000249849721395753,0.00170506640620136,0.011610759995217,0.0338494866533047,0.142950129802307,0.0109375036777908,1,0,0
DEUTNP,2019,41,b,59.6752106195338,2493.32478938047,2605,5785,6723,17666,0.000273643151063461,0.00241204148132319,0.0159721333136899,0.0418633616725676,0.14991294593703,0.0110557193755181,1,0,0
DEUTNP,2019,42,m,33.1800290035219,1603.81997099648,1626,3148,2361,8772,0.000296164888282817,0.00305537063522391,0.0211016239887079,0.0526842509344281,0.160278285673525,0.0111250745259225,1,0,0
DEUTNP,2019,42,f,30.527057079318,866.472942920682,979,2705,4360,8941,0.000287870331173367,0.00170303827200478,0.0113783123476651,0.034486953445269,0.144776438080849,0.0110462239221877,1,0,0
DEUTNP,2019,42,b,63.7070860828399,2470.29291391716,2605,5853,6721,17713,0.000292131483069672,0.0023897604534977,0.0159721333136899,0.0423554461312944,0.149868348898226,0.0110851328709697,1,0,0
DEUTNP,2019,43,m,36.498031903874,1586.50196809613,1642,3048,2306,8619,0.000325781377111099,0.00302237882911141,0.0213092660451774,0.051010672442229,0.15654456872645,0.0109310325283774,1,0,0
DEUTNP,2019,43,f,27.0711638250556,862.928836174944,968,2653,4197,8708,0.000255281237078269,0.00169607238867585,0.0112504661415116,0.0338239879816261,0.13936392445535,0.0107583623660005,1,0,0
DEUTNP,2019,43,b,63.5691957289296,2449.43080427107,2610,5701,6503,17327,0.00029149918113804,0.00236957845632325,0.0160027899995127,0.0412554926353169,0.145007271668675,0.0108435667168347,1,0,0
DEUTNP,2019,44,m,35.253780816242,1588.74621918376,1614,3145,2321,8704,0.000314675193800493,0.00302665425839601,0.0209458924463559,0.0526340435796621,0.157562855166561,0.0110388336381247,1,0,0
DEUTNP,2019,44,f,28.7991104521868,897.200889547813,974,2702,4182,8784,0.000271575784125818,0.00176343354407147,0.0113202004357771,0.0344487054377511,0.138865840379384,0.0108522571225251,1,0,0
DEUTNP,2019,44,b,64.0528912684288,2485.94710873157,2588,5847,6503,17488,0.000293717187077354,0.00240490431578548,0.0158679005818923,0.042312026914348,0.145007271668675,0.010944323584233,1,0,0
DEUTNP,2019,45,m,43.9635384296665,1643.03646157033,1676,3148,2404,8915,0.000392418476974733,0.00313008033823468,0.021750505415175,0.0526842509344281,0.16319737346851,0.011306434039968,1,0,0
DEUTNP,2019,45,f,23.6152705707932,912.384729429207,976,2698,4334,8944,0.000222692142983171,0.00179327713081619,0.0113434452005323,0.034397708094394,0.143913092349175,0.0110499302941558,1,0,0
DEUTNP,2019,45,b,67.5788090004597,2555.42119099954,2652,5846,6738,17859,0.000309885428941382,0.00247211351733873,0.0162603061604244,0.0423047903781902,0.150247423728054,0.0111765024525856,1,0,0
DEUTNP,2019,46,m,33.5947793660659,1688.40522063393,1704,3222,2455,9103,0.000299866949386353,0.00321651047173236,0.0221138790139965,0.0539226990186554,0.166659547364889,0.011544864729762,1,0,0
DEUTNP,2019,46,f,31.1030392883617,894.896960711638,1010,2789,4414,9139,0.000293301846855884,0.00175890520996013,0.0117386062013706,0.035557897655769,0.146569540754328,0.0112908444720807,1,0,0
DEUTNP,2019,46,b,64.6978186544276,2583.30218134557,2714,6011,6869,18242,0.000296674528329771,0.00249908557711266,0.0166404490646274,0.0434988188442185,0.153168529769665,0.0114161911495642,1,0,0
DEUTNP,2019,47,m,39.4012844416822,1592.59871555832,1625,3256,2582,9095,0.000351695804835846,0.00303399348880092,0.0210886463601786,0.0544917157060031,0.175281039224498,0.0115347187429623,1,0,0
DEUTNP,2019,47,f,23.6152705707932,901.384729429207,982,2853,4680,9440,0.000222692142983171,0.00177165681232257,0.0114131794947979,0.0363738551494833,0.155402231701462,0.0116627171262109,1,0,0
DEUTNP,2019,47,b,63.0165550124754,2493.98344498753,2607,6109,7262,18535,0.000288965024232912,0.00241267866451444,0.015984395988019,0.0442079993876777,0.161931847894498,0.011599556131848,1,0,0
DEUTNP,2019,48,m,36.9127822664181,1598.08721773358,1664,3399,2568,9266,0.000329483438214634,0.00304444940572484,0.0215947738728229,0.0568849329498479,0.174330638547061,0.0117515892108069,1,0,0
DEUTNP,2019,48,f,25.3432171979244,887.656782802076,1044,2759,4599,9315,0.00023898669003072,0.00174467475974602,0.0121337672022088,0.0351754175805904,0.152712577691245,0.0115082849608744,1,0,0
DEUTNP,2019,48,b,62.2559994643425,2485.74400053566,2708,6158,7167,18581,0.000285477465251733,0.00240470782899168,0.01660366104164,0.0445625896594073,0.159813488551345,0.0116283438082475,1,0,0
DEUTNP,2019,49,m,34.0095297286099,1656.99047027139,1751,3316,2685,9443,0.000303569010489888,0.00315666353909255,0.0227238275548755,0.0554958628013226,0.182273272779929,0.0119760691687513,1,0,0
DEUTNP,2019,49,f,38.5908080059303,1014.40919199407,1099,2852,4696,9700,0.000363911550728597,0.00199380452852466,0.0127729982329765,0.036361105813644,0.155933521382493,0.0119839360301108,1,0,0
DEUTNP,2019,49,b,72.6003377345402,2671.39966226546,2850,6168,7381,19143,0.00033291185702909,0.0025843110476506,0.0174743109190081,0.0446349550209848,0.16458537170329,0.0119800541155634,1,0,0
DEUTNP,2019,50,m,42.3045369794904,1681.69546302051,1789,3430,2688,9631,0.000377610232560592,0.00320372799193272,0.0232169774389905,0.0574037422824296,0.182476930067952,0.0122144998585453,1,0,0
DEUTNP,2019,50,f,28.2231282431431,859.776871756857,1059,2890,4633,9470,0.000266144268443302,0.00168987725462134,0.0123081029378727,0.0368455805755369,0.153841568263435,0.0116997808458917,1,0,0
DEUTNP,2019,50,b,70.5276652226335,2541.47233477737,2848,6320,7321,19101,0.000323407531340206,0.00245861939897589,0.017462048244679,0.0457349085169624,0.163247460539193,0.0119537697153725,1,0,0
DEUTNP,2019,51,m,38.9865340791382,1624.01346592086,1715,3457,2689,9524,0.00034799374373231,0.00309384042144073,0.0222566329278193,0.0578556084753234,0.182544815830626,0.0120787972850987,1,0,0
DEUTNP,2019,51,f,34.5589325426242,911.441067457376,1159,2835,4598,9538,0.000325890940950982,0.00179142237878153,0.0134703411756321,0.0361443671043762,0.15267937208618,0.0117837919438347,1,0,0
DEUTNP,2019,51,b,73.5454666217624,2535.45453337824,2874,6292,7287,19062,0.000337245784704846,0.00245279778012267,0.0176214630109576,0.0455322855045455,0.162489310879538,0.0119293627723381,1,0,0
DEUTNP,2019,52,m,31.5210275533458,1559.47897244665,1607,3188,2572,8958,0.000281356643868676,0.00297089844547965,0.0208550490466505,0.0533536823313077,0.174602181597757,0.0113609687190166,1,0,0
DEUTNP,2019,52,f,24.7672349888807,815.232765011119,1039,2778,4589,9246,0.000233555174348204,0.00160232654781617,0.0120756552903208,0.0354176549615368,0.1523805216406,0.0114230384056087,1,0,0
DEUTNP,2019,52,b,56.2882625422265,2374.71173745777,2646,5966,7161,18204,0.000258112160309667,0.00229729525865599,0.016223518137437,0.0431731747171199,0.159679697434935,0.0113924100255819,1,0,0
DEUTNP,2020,1,m,34.1078170209291,1737.89218297907,1627,3199,2739,9337,0.000302017635334607,0.0033250972720489,0.0205572965716026,0.0546450163731708,0.172837046104194,0.0118320824661316,1,0,0
DEUTNP,2020,1,f,29.3848797250859,918.615120274914,1033,2879,4686,9546,0.000274868917538626,0.00181231246601722,0.0116859803145306,0.0375039549903105,0.149827916054326,0.0117820246310599,1,0,0
DEUTNP,2020,1,b,63.492696746015,2656.50730325398,2660,6078,7425,18883,0.000288815495590117,0.00258030162809743,0.0158766947995863,0.0449201653555627,0.15756577535545,0.0118067234753735,1,0,0
DEUTNP,2020,2,m,34.5044195444283,1719.49558045557,1748,3339,2766,9607,0.000305529468303614,0.00328989917779141,0.0220861428439836,0.057036483172872,0.174540806690106,0.0121742332925058,1,0,0
DEUTNP,2020,2,f,27.6563573883161,964.343642611684,1081,2869,4859,9801,0.000258700157683413,0.00190252910762734,0.0122289881123016,0.0373736876926714,0.155359335063587,0.0120967550187532,1,0,0
DEUTNP,2020,2,b,62.1607769327444,2683.83922306725,2829,6208,7625,19408,0.000282756860492369,0.00260684949307293,0.0168854021007631,0.0458809454635296,0.16180997132462,0.0121349832764947,1,0,0
DEUTNP,2020,3,m,31.7282018799341,1704.27179812007,1733,3332,2630,9431,0.000280946637520565,0.00326077161878065,0.021896616446581,0.0569169098328869,0.165958901516623,0.0119512016427212,1,0,0
DEUTNP,2020,3,f,28.8087056128293,973.191294387171,985,2793,4742,9522,0.000269479330920222,0.00191998441535501,0.0111429725167596,0.0363836562306139,0.151618433190272,0.0117524029475122,1,0,0
DEUTNP,2020,3,b,60.5369074927634,2677.46309250724,2718,6125,7372,18953,0.000275370205315982,0.00260065627085035,0.0162228783704044,0.0452675243176738,0.15644106342362,0.0118504914488563,1,0,0
DEUTNP,2020,4,m,27.7621766449423,1669.23782335506,1791,3360,2590,9438,0.000245828307830494,0.00319374135357716,0.0226294518498711,0.0573952031928271,0.163434811759716,0.0119600722197012,1,0,0
DEUTNP,2020,4,f,27.0801832760596,869.91981672394,1060,2792,4640,9389,0.000253310571065008,0.00171624273701525,0.0119914222007768,0.0363706295008499,0.148357134121228,0.0115882494511859,1,0,0
DEUTNP,2020,4,b,54.8423599210019,2539.157640079,2851,6152,7230,18827,0.000249466854798696,0.00246631830624614,0.0170167131103837,0.0454670709554823,0.153427684285509,0.0117717090965872,1,0,0
DEUTNP,2020,5,m,40.0568548734167,1740.94314512658,1816,3546,2728,9871,0.000354695129869713,0.0033309346571371,0.0229453291788754,0.0605724376552872,0.172142921421045,0.0125087807671827,1,0,0
DEUTNP,2020,5,f,33.9942726231386,940.005727376861,1104,2996,4829,9903,0.000317985610485862,0.00185451345210042,0.0124891793487336,0.0390280823726886,0.154400129455045,0.0122226471738305,1,0,0
DEUTNP,2020,5,b,74.0511274965553,2680.94887250344,2920,6542,7557,19774,0.000336843671524582,0.00260404205630946,0.0174285521860121,0.0483494112793832,0.160366944695103,0.0123638272521334,1,0,0
DEUTNP,2020,6,m,38.8670473029192,1721.13295269708,1721,3241,2749,9471,0.000344159630962692,0.00329303195094437,0.0217449953286589,0.0553624564130812,0.173468068543421,0.0120018906540358,1,0,0
DEUTNP,2020,6,f,30.5372279495991,916.462772050401,1100,2894,4626,9567,0.000285648090775435,0.001808066152809,0.0124439286989193,0.0376993559367692,0.147909504837241,0.011807943604164,1,0,0
DEUTNP,2020,6,b,69.4042752525183,2637.59572474748,2821,6135,7375,19038,0.000315706076138387,0.00256193255501021,0.0168376526427192,0.0453414304798251,0.156504726363158,0.0119036382737997,1,0,0
DEUTNP,2020,7,m,37.2806372089225,1768.71936279108,1778,3493,2792,9869,0.000330112299086663,0.00338407870513306,0.0224651956387888,0.0596670966525432,0.176181465032096,0.012506246316617,1,0,0
DEUTNP,2020,7,f,33.9942726231386,921.005727376861,1065,3018,4741,9779,0.000317985610485862,0.00181702883412023,0.0120479855130446,0.0393146704274947,0.151586459669987,0.0120696018088345,1,0,0
DEUTNP,2020,7,b,71.2749098320611,2689.72509016794,2843,6511,7533,19648,0.000324215216257603,0.00261256651573801,0.0169689636523398,0.0481203021767141,0.159857641178802,0.0122850448998643,1,0,0
DEUTNP,2020,8,m,37.2806372089225,1686.71936279108,1775,3367,2602,9468,0.000330112299086663,0.00322718866386443,0.0224272903593083,0.0575147765328122,0.164192038686788,0.0119980889781872,1,0,0
DEUTNP,2020,8,f,34.5704467353952,926.429553264605,1093,2862,4569,9485,0.000323375197104266,0.00182772936261461,0.0123647400617444,0.037282500584324,0.146087014181011,0.0117067361853764,1,0,0
DEUTNP,2020,8,b,71.8510839443177,2613.14891605568,2868,6229,7171,18953,0.000326836116302898,0.00253818703765666,0.0171181807087269,0.0460361484040473,0.152175646474604,0.0118504914488563,1,0,0
DEUTNP,2020,9,m,34.5044195444283,1701.49558045557,1711,3361,2712,9520,0.000305529468303614,0.00325545990043976,0.0216186443970572,0.0574122850985393,0.171133285518282,0.0120639846928963,1,0,0
DEUTNP,2020,9,f,31.6895761741123,950.310423825888,1092,3072,4839,9985,0.000296427264012244,0.00187484332630008,0.0123534273992908,0.0400181138347461,0.154719864657892,0.0123238545926181,1,0,0
DEUTNP,2020,9,b,66.1939957185406,2651.80600428146,2803,6433,7551,19505,0.00030110316080944,0.00257573519254571,0.0167302163621205,0.0475438341119339,0.160239618816027,0.0121956331826066,1,0,0
DEUTNP,2020,10,m,42.833072537911,1688.16692746209,1786,3455,2783,9755,0.000379277960652762,0.00322995827948607,0.0225662763840702,0.0590179842354815,0.175613544836792,0.0123617826343701,1,0,0
DEUTNP,2020,10,f,34.5704467353952,942.429553264605,1077,2833,5025,9912,0.000323375197104266,0.00185929535670319,0.0121837374624874,0.0369047254211705,0.160666939430855,0.0122337553051608,1,0,0
DEUTNP,2020,10,b,77.4035192733062,2630.5964807267,2863,6288,7808,19667,0.000352093026836857,0.00255513409421916,0.0170883372974495,0.04647219476074,0.165693410636411,0.0122969247783811,1,0,0
DEUTNP,2020,11,m,32.9180094504316,1727.08199054957,1837,3491,2727,9815,0.000291482136427586,0.00330441420453199,0.0232106661352391,0.0596329328411189,0.172079819177122,0.0124378161513422,1,0,0
DEUTNP,2020,11,f,29.9610538373425,930.038946162657,1140,3013,4921,10034,0.000280258504157031,0.00183485024229481,0.0128964351970618,0.0392495367786751,0.157341693321242,0.0123843321965278,1,0,0
DEUTNP,2020,11,b,62.8790632877741,2657.12093671223,2977,6504,7648,19849,0.000286024200520993,0.00258089765861066,0.0177687670745746,0.0480685678632082,0.162298053861075,0.0124107215094364,1,0,0
DEUTNP,2020,12,m,33.3146119739308,1768.68538802607,1816,3432,2756,9806,0.000294993969396593,0.00338401370144667,0.0229453291788754,0.058625100404102,0.17390978425088,0.0124264111237964,1,0,0
DEUTNP,2020,12,f,32.8419243986254,927.158075601375,1146,2958,4852,9916,0.000307206437249053,0.0018291666458506,0.0129643111717832,0.0385330666416598,0.155135520421594,0.0122386922524188,1,0,0
DEUTNP,2020,12,b,66.1565363725562,2695.84346362745,2962,6390,7608,19722,0.000300932765785612,0.00261850937498765,0.0176792368407424,0.0472260376146833,0.161449214667241,0.0123313139004033,1,0,0
DEUTNP,2020,13,m,30.1417917859374,1733.85820821406,1835,3543,2783,9925,0.000266899305644536,0.0033173790956177,0.0231853959489187,0.0605211919381508,0.175613544836792,0.0125772109324576,1,0,0
DEUTNP,2020,13,f,31.6895761741123,909.310423825888,1084,2918,4810,9753,0.000296427264012244,0.0017939554664481,0.0122629260996623,0.0380119974511032,0.153792632569635,0.0120375116516579,1,0,0
DEUTNP,2020,13,b,61.8313679600497,2643.16863203995,2919,6461,7593,19678,0.000281258445389901,0.0025673455955625,0.0174225835037566,0.0477507713659576,0.161130899969553,0.0123038026027855,1,0,0
DEUTNP,2020,14,m,34.5044195444283,1800.49558045557,1910,3707,3035,10487,0.000305529468303614,0.00344487592587383,0.0241330279359317,0.0633226244749435,0.191515310305305,0.013289391541429,1,0,0
DEUTNP,2020,14,f,27.6563573883161,894.343642611684,1113,3114,5026,10175,0.000258700157683413,0.00176442788348981,0.0125909933108156,0.0405652364848305,0.16069891295114,0.01255835958737,1,0,0
DEUTNP,2020,14,b,62.1607769327444,2694.83922306725,3023,6821,8061,20662,0.000282756860492369,0.00261753394249052,0.0180433264583269,0.0504113932034045,0.171062318537412,0.0129190552586012,1,0,0
DEUTNP,2020,15,m,30.9349968329357,1778.06500316706,1850,3666,2929,10254,0.00027392297158255,0.00340195965518514,0.0233749223463213,0.0626222663407453,0.184826472449502,0.0129941280505209,1,0,0
DEUTNP,2020,15,f,28.2325315005727,912.767468499427,1127,3062,5118,10248,0.000264089744301817,0.00180077578218116,0.0127493705851655,0.0398878465371069,0.163640476817337,0.0126484588748273,1,0,0
DEUTNP,2020,15,b,59.1675283335084,2690.83247166649,2977,6728,8047,20502,0.000269141175194406,0.00261364213042958,0.0177687670745746,0.0497240658953974,0.17076522481957,0.0128190141763548,1,0,0
DEUTNP,2020,16,m,36.8840346854233,1674.11596531458,1780,3409,2765,9665,0.000326600466117656,0.00320307466934964,0.0224904658251092,0.0582322165727225,0.174477704446184,0.0122477323589121,1,0,0
DEUTNP,2020,16,f,27.0801832760596,875.91981672394,1027,2941,4725,9596,0.000253310571065008,0.00172807998479847,0.0116181043398092,0.0383116122356732,0.151074883345431,0.011843736471784,1,0,0
DEUTNP,2020,16,b,63.9642179614829,2550.03578203852,2807,6350,7490,19261,0.000290960350675913,0.00247688439329376,0.0167540910911424,0.0469304129660781,0.15894513904543,0.0120430705321807,1,0,0
DEUTNP,2020,17,m,34.5044195444283,1665.49558045557,1734,3333,2591,9358,0.000305529468303614,0.00318658134573646,0.0219092515397412,0.0569339917385991,0.163497914003639,0.0118586941970718,1,0,0
DEUTNP,2020,17,f,28.2325315005727,868.767468499427,1012,2741,4549,9199,0.000264089744301817,0.00171396929843757,0.0114484144030058,0.0357062662828903,0.145447543775316,0.0113537444564341,1,0,0
DEUTNP,2020,17,b,62.736951045001,2534.263048955,2746,6074,7140,18557,0.000285377760537665,0.00246156412340213,0.0163900014735579,0.0448906028907021,0.151517796099382,0.0116028897702963,1,0,0
DEUTNP,2020,18,m,32.1248044034332,1659.87519559657,1646,3152,2384,8874,0.000284458470489572,0.00317582790168189,0.0207973633416459,0.0538421668046998,0.150435749511646,0.0112453571601641,1,0,0
DEUTNP,2020,18,f,25.9278350515464,861.072164948454,1002,2739,4418,9046,0.0002425313978282,0.00169878742928758,0.0113352877784701,0.0356802128233625,0.141259012618014,0.0111649062238181,1,0,0
DEUTNP,2020,18,b,58.0526394549796,2520.94736054502,2648,5891,6802,17920,0.000264069770127643,0.00244863041437697,0.0158050706125205,0.0435381201233333,0.144345104911484,0.0112046012116027,1,0,0
DEUTNP,2020,19,m,32.5214069269324,1688.47859307307,1635,3077,2377,8810,0.000287970303458579,0.00323055458717593,0.020658377316884,0.0525610238762884,0.149994033804188,0.0111642547420606,1,0,0
DEUTNP,2020,19,f,23.62313860252,849.37686139748,985,2599,4384,8841,0.000220973051354582,0.00167571406161544,0.0111429725167596,0.0338564706564144,0.140171912928332,0.010911887676849,1,0,0
DEUTNP,2020,19,b,56.1445455294524,2537.85545447055,2620,5676,6761,17651,0.000255390234984599,0.00246505347567652,0.015637947509367,0.0419491376370802,0.143475044737804,0.0110364071420758,1,0,0
DEUTNP,2020,20,m,32.1248044034332,1664.87519559657,1640,2997,2332,8666,0.000284458470489572,0.0031853943676129,0.0207215527826848,0.0511944714193164,0.147154432827667,0.0109817743013277,1,0,0
DEUTNP,2020,20,f,29.9610538373425,844.038946162657,998,2464,3999,8335,0.000280258504157031,0.00166518302406871,0.0112900371286559,0.0320978621382859,0.127862107618705,0.0102873638487203,1,0,0
DEUTNP,2020,20,b,62.0858582407757,2508.91414175923,2638,5461,6331,17001,0.000282416070444713,0.00243694238551809,0.0157453837899657,0.0403601551508272,0.134350023404088,0.0106299902454496,1,0,0
DEUTNP,2020,21,m,42.0398674909126,1617.96013250909,1630,2914,2390,8594,0.000372254294714748,0.00309563209707736,0.0205952018510831,0.0497766732452078,0.150814362975182,0.0108905340809613,1,0,0
DEUTNP,2020,21,f,29.9610538373425,847.038946162657,992,2516,4184,8569,0.000280258504157031,0.00167110164796032,0.0112221611539345,0.0327752520860095,0.133777208871383,0.0105761752633094,1,0,0
DEUTNP,2020,21,b,72.0009213282551,2464.99907867175,2622,5430,6574,17163,0.000327517696398211,0.0023942870882246,0.015649884873878,0.0401310460481581,0.13950672150663,0.0107312818412241,1,0,0
DEUTNP,2020,22,m,29.348586738939,1620.65141326106,1573,2907,2252,8382,0.000259875639706522,0.00310078130620227,0.0198750015409532,0.0496570999052228,0.142106253313854,0.0106218823209934,1,0,0
DEUTNP,2020,22,f,28.8087056128293,916.191294387171,978,2429,4042,8394,0.000269479330920222,0.00180753056141446,0.0110637838795846,0.0316419265965489,0.129236968990949,0.0103601838207748,1,0,0
DEUTNP,2020,22,b,58.1572923517683,2536.84270764823,2551,5336,6294,16776,0.000264545815087142,0.00246406978093144,0.0152261084337386,0.0394363281239359,0.133564847149792,0.0104893074735405,1,0,0
DEUTNP,2020,23,m,30.9349968329357,1589.06500316706,1619,2963,2429,8631,0.00027392297158255,0.00304034724299282,0.0204562158263212,0.0506136866251032,0.153275350488166,0.0109374214164273,1,0,0
DEUTNP,2020,23,f,28.2325315005727,869.767468499427,976,2502,4255,8631,0.000264089744301817,0.0017159421730681,0.0110411585546775,0.0325928778693147,0.1360473288116,0.0106526979458074,1,0,0
DEUTNP,2020,23,b,59.1675283335084,2458.83247166649,2595,5465,6684,17262,0.000269141175194406,0.0023882973790768,0.0154887304529799,0.0403897176156877,0.141841029289674,0.0107931822608641,1,0,0
DEUTNP,2020,24,m,42.833072537911,1594.16692746209,1506,2892,2329,8364,0.000379277960652762,0.00305010871998301,0.0190284502992216,0.0494008713195405,0.146965126095899,0.0105990722659018,1,0,0
DEUTNP,2020,24,f,24.1993127147766,845.800687285223,983,2436,3948,8237,0.000226362637972986,0.00166865871843499,0.0111203471918524,0.0317331137048963,0.126231458084182,0.0101664086409009,1,0,0
DEUTNP,2020,24,b,67.0323852526876,2439.96761474731,2489,5328,6277,16601,0.000304916826021533,0.00236997368730198,0.0148560501338986,0.0393772031942148,0.133204090492412,0.0103798875398335,1,0,0
DEUTNP,2020,25,m,35.2976245914266,1590.70237540857,1639,2769,2180,8214,0.000312553134241628,0.00304348001614577,0.0207089176895247,0.0472997969169459,0.137562891751421,0.0104089884734717,1,0,0
DEUTNP,2020,25,f,35.1466208476518,867.853379152348,932,2446,3906,8187,0.000328764783722671,0.00171216591475467,0.0105434014067207,0.0318633810025354,0.124888570232223,0.0101046968001767,1,0,0
DEUTNP,2020,25,b,70.4442454390784,2458.55575456092,2571,5215,6086,16401,0.000320436691157495,0.0023880285999934,0.0153454820788483,0.0385420635619051,0.129150883341854,0.0102548361870254,1,0,0
DEUTNP,2020,26,m,33.3146119739308,1619.68538802607,1675,2994,2402,8724,0.000294993969396593,0.00309893301670246,0.0211637810432909,0.0511432257021799,0.151571589902254,0.011055273367734,1,0,0
DEUTNP,2020,26,f,29.3848797250859,854.615120274914,991,2495,4199,8569,0.000274868917538626,0.00168604848966291,0.0112108484914809,0.0325016907609673,0.134256811675654,0.0105761752633094,1,0,0
DEUTNP,2020,26,b,62.6994916990167,2474.30050830098,2666,5489,6601,17293,0.000285207365513837,0.00240332169316868,0.0159125068931192,0.0405670924048508,0.140079687962468,0.0108125652205494,1,0,0
DEUTNP,2020,27,m,31.3315993564349,1677.66840064357,1590,2804,2224,8327,0.000277434804551558,0.00320987151965902,0.0200897981246762,0.0478976636168712,0.140339390484019,0.0105521849304357,1,0,0
DEUTNP,2020,27,f,27.0801832760596,855.91981672394,950,2412,3885,8130,0.000253310571065008,0.00168862249218775,0.0107470293308849,0.0314204721905623,0.124217126306243,0.0100343453017512,1,0,0
DEUTNP,2020,27,b,58.4117826324945,2533.58821736751,2540,5216,6109,16457,0.000265703440141955,0.00246090865031468,0.0151604529289283,0.0385494541781202,0.129638965878309,0.0102898505658117,1,0,0
DEUTNP,2020,28,m,39.2636498264184,1556.73635017358,1512,2814,2181,8103,0.000347671463931699,0.00297849305150127,0.0191042608581826,0.0480684826739927,0.137625993995344,0.0102683264670734,1,0,0
DEUTNP,2020,28,f,30.5372279495991,832.462772050401,909,2414,3853,8039,0.000285648090775435,0.00164234468384397,0.0102832101702888,0.0314465256500902,0.123193973657131,0.00992202975163316,1,0,0
DEUTNP,2020,28,b,69.8008777760175,2389.19912222398,2421,5228,6034,16142,0.000317510141176528,0.00232066156090446,0.0144501797405258,0.0386381415727018,0.12804739238987,0.010092894685139,1,0,0
DEUTNP,2020,29,m,38.47044477942,1597.52955522058,1565,2873,2255,8329,0.000340647797993685,0.00305654241276107,0.0197739207956718,0.0490763151110096,0.142295560045622,0.0105547193810014,1,0,0
DEUTNP,2020,29,f,20.7422680412371,858.257731958763,942,2490,3897,8208,0.00019402511826256,0.00169323490584287,0.0106565280312564,0.0324365571121477,0.12460080854966,0.0101306157732809,1,0,0
DEUTNP,2020,29,b,59.2127128206571,2455.78728717934,2507,5363,6152,16537,0.000269346710330219,0.00238533955002043,0.0149634864144973,0.0396358747617444,0.130551468011681,0.0103398711069349,1,0,0
DEUTNP,2020,30,m,36.090829638425,1640.90917036157,1600,2916,2322,8515,0.000319576800179642,0.00313954033483043,0.0202161490562779,0.0498108370566321,0.146523410388441,0.0107904232836147,1,0,0
DEUTNP,2020,30,f,26.504009163803,809.495990836197,965,2542,4029,8372,0.000247920984446604,0.0015970341038414,0.0109167192676883,0.0331139470598713,0.128821313227247,0.0103330306108562,1,0,0
DEUTNP,2020,30,b,62.594838802228,2450.40516119777,2565,5458,6351,16887,0.000284731320554338,0.00238011181794686,0.0153096699853154,0.0403379833021818,0.134774443001005,0.010558710974349,1,0,0
DEUTNP,2020,31,m,36.8840346854233,1651.11596531458,1621,2974,2421,8704,0.000326600466117656,0.00315906892606698,0.0204814860126415,0.0508015875879369,0.152770532536785,0.0110299288620767,1,0,0
DEUTNP,2020,31,f,31.1134020618557,870.886597938144,981,2542,4304,8729,0.00029103767739384,0.00171815007514604,0.0110977218669453,0.0331139470598713,0.137614031305553,0.0107736531536268,1,0,0
DEUTNP,2020,31,b,67.997436747279,2522.00256325272,2602,5516,6725,17433,0.000309306650992984,0.00244965534710022,0.0155305112287683,0.0407666390426594,0.142711089463354,0.010900101167515,1,0,0
DEUTNP,2020,32,m,33.7112144974299,1589.28878550257,1649,2959,2328,8559,0.0002985058023656,0.00304077540421053,0.0208352686211264,0.0505453590022546,0.146902023851977,0.0108461811960609,1,0,0
DEUTNP,2020,32,f,24.1993127147766,844.800687285223,1037,2583,4422,8911,0.000226362637972986,0.00166668584380446,0.0117312309643448,0.0336480429801918,0.141386906699153,0.0109982842538628,1,0,0
DEUTNP,2020,32,b,57.9105272122065,2434.08947278779,2686,5542,6750,17470,0.000263423330144315,0.00236426416817145,0.0160318805382289,0.0409587950642527,0.1432416139595,0.0109232356677845,1,0,0
DEUTNP,2020,33,m,40.8500599204151,1808.14994007958,1748,3349,2830,9776,0.000361718795807727,0.0034595209599872,0.0220861428439836,0.0572073022299935,0.178579350301157,0.0123883943653104,1,0,0
DEUTNP,2020,33,f,33.418098510882,936.581901489118,1150,3019,4805,9944,0.000312596023867457,0.00184775867286712,0.0130095618215975,0.0393276971572586,0.153632764968211,0.0122732508832243,1,0,0
DEUTNP,2020,33,b,74.2681584312971,2744.7318415687,2898,6368,7635,19720,0.000337830901555566,0.00266599532055322,0.0172972411763914,0.0470634440579505,0.162022181123079,0.0123300633868752,1,0,0
DEUTNP,2020,34,m,34.5044195444283,1535.49558045557,1726,2983,2481,8760,0.000305529468303614,0.0029378532315301,0.0218081707944598,0.0509553247393462,0.156556667172145,0.0111008934779172,1,0,0
DEUTNP,2020,34,f,29.9610538373425,860.038946162657,964,2579,4366,8799,0.000280258504157031,0.00169674901815729,0.0109054066052347,0.0335959360611361,0.139596389563207,0.0108600497306407,1,0,0
DEUTNP,2020,34,b,64.4654733817708,2395.53452661823,2690,5562,6847,17559,0.000293240460673553,0.00232681522524903,0.0160557552672508,0.0411066073885554,0.145300049004548,0.0109788835197841,1,0,0
DEUTNP,2020,35,m,40.8500599204151,1524.14994007958,1496,2842,2300,8203,0.000361718795807727,0.00291614569510562,0.0189020993676198,0.048546776033933,0.145135161022142,0.0103950489953602,1,0,0
DEUTNP,2020,35,f,24.7754868270332,793.224513172967,985,2431,4219,8453,0.000231752224591391,0.00156493251835827,0.0111429725167596,0.0316679800560767,0.134896282081349,0.0104330037928293,1,0,0
DEUTNP,2020,35,b,65.6255467474483,2317.37445325255,2481,5273,6519,16656,0.000298517400876129,0.00225089728430807,0.0148083006758548,0.0389707193023827,0.138339567615108,0.0104142766618557,1,0,0
DEUTNP,2020,36,m,32.5214069269324,1560.47859307307,1559,2905,2310,8367,0.000287970303458579,0.00298565305934197,0.0196981102367108,0.0496229360937985,0.145766183461369,0.0106028739417504,1,0,0
DEUTNP,2020,36,f,26.504009163803,859.495990836197,1054,2426,4056,8422,0.000247920984446604,0.0016956778353682,0.0119235462260554,0.0316028464072572,0.129684598274935,0.0103947424515804,1,0,0
DEUTNP,2020,36,b,59.0254160907354,2419.97458390927,2613,5331,6366,16789,0.000268494735211079,0.00235055418487531,0.0155961667335786,0.0393993750428602,0.135092757698693,0.010497435811473,1,0,0
DEUTNP,2020,37,m,36.8840346854233,1551.11596531458,1595,2986,2335,8504,0.000326600466117656,0.0029677396074467,0.020152973590477,0.0510065704564827,0.147343739559435,0.0107764838055032,1,0,0
DEUTNP,2020,37,f,29.3848797250859,861.615120274914,1024,2562,4174,8651,0.000274868917538626,0.00169985861207667,0.0115841663524485,0.0333744816551496,0.133457473668535,0.0106773826820971,1,0,0
DEUTNP,2020,37,b,66.2689144105092,2412.73108558949,2619,5548,6509,17155,0.000301443950857096,0.00234351847656586,0.0156319788271115,0.0410031387615435,0.13812735781665,0.0107262797871118,1,0,0
DEUTNP,2020,38,m,30.5383943094365,1599.46160569056,1608,3007,2492,8737,0.000270411138613543,0.00306023899176068,0.0203172298015593,0.0513652904764379,0.157250791855295,0.0110717472964113,1,0,0
DEUTNP,2020,38,f,32.2657502863688,875.734249713631,949,2658,4303,8818,0.000301816850630648,0.00172771388435157,0.0107357166684313,0.0346250477124854,0.137582057785268,0.0108835002301158,1,0,0
DEUTNP,2020,38,b,62.8041445958053,2475.19585540419,2557,5665,6795,17555,0.000285683410473336,0.0024041913559719,0.0152619205272715,0.0418678408587138,0.144196558052563,0.0109763824927279,1,0,0
DEUTNP,2020,39,m,37.6772397324217,1613.32276026758,1706,2966,2340,8663,0.00033362413205567,0.00308675944436579,0.0215554689312563,0.0506649323422397,0.147659250779049,0.0109779726254791,1,0,0
DEUTNP,2020,39,f,30.5372279495991,831.462772050401,1021,2625,4275,8783,0.000285648090775435,0.00164037180921344,0.0115502283650878,0.0341951656302762,0.136686799217295,0.0108403019416089,1,0,0
DEUTNP,2020,39,b,68.2144676820208,2444.78553231798,2727,5591,6615,17446,0.000310293881023968,0.00237465339608216,0.0162765965107037,0.0413209352587941,0.14037678168031,0.0109082295054475,1,0,0
DEUTNP,2020,40,m,30.9349968329357,1632.06500316706,1618,3065,2476,8822,0.00027392297158255,0.00312261884999953,0.020443580733161,0.0523560410077426,0.156241155952532,0.011179461445455,1,0,0
DEUTNP,2020,40,f,28.2325315005727,861.767468499427,988,2631,4283,8792,0.000264089744301817,0.00170015917602382,0.0111769105041203,0.0342733260088597,0.136942587379573,0.0108514100729393,1,0,0
DEUTNP,2020,40,b,59.1675283335084,2493.83247166649,2606,5696,6759,17614,0.000269141175194406,0.0024222933544964,0.0155543859577902,0.0420969499613828,0.143432602778113,0.0110132726418063,1,0,0
DEUTNP,2020,41,m,29.348586738939,1608.65141326106,1735,2959,2522,8854,0.000259875639706522,0.00307782178796783,0.0219218866329013,0.0505453590022546,0.159143859172975,0.0112200126545067,1,0,0
DEUTNP,2020,41,f,31.6895761741123,854.310423825888,992,2621,4148,8647,0.000296427264012244,0.00168544736176862,0.0112221611539345,0.0341430587112205,0.132626162141132,0.0106724457348392,1,0,0
DEUTNP,2020,41,b,61.0381629130513,2462.96183708695,2727,5580,6670,17501,0.000277650315313621,0.00239230828780059,0.0162765965107037,0.0412396384804277,0.141543935571832,0.0109426186274698,1,0,0
DEUTNP,2020,42,m,30.9349968329357,1622.06500316706,1699,3019,2556,8927,0.00027392297158255,0.00310348591813751,0.0214670232791351,0.0515702733449837,0.161289335466346,0.0113125201001561,1,0,0
DEUTNP,2020,42,f,19.5899198167239,882.410080183276,1054,2579,4292,8827,0.000183245945025751,0.00174088446092289,0.0119235462260554,0.0335959360611361,0.137230349062136,0.0108946083614462,1,0,0
DEUTNP,2020,42,b,50.5249166496596,2504.47508335034,2753,5598,6848,17754,0.000229827674514969,0.00243263066778796,0.0164317822493463,0.0413726695723001,0.145321269984394,0.011100808588772,1,0,0
DEUTNP,2020,43,m,35.2976245914266,1678.70237540857,1766,3152,2715,9347,0.000312553134241628,0.00321184981653162,0.0223135745208667,0.0538421668046998,0.17132259225005,0.0118447547189603,1,0,0
DEUTNP,2020,43,f,29.3848797250859,911.615120274914,1101,2653,4546,9241,0.000274868917538626,0.00179850234360347,0.0124552413613729,0.0345599140636658,0.145351623214461,0.0114055824026424,1,0,0
DEUTNP,2020,43,b,64.6825043165125,2590.31749568348,2867,5805,7261,18588,0.000294227690704537,0.00251601056892044,0.0171122120264714,0.0429025271288321,0.15408553466073,0.0116222727299816,1,0,0
DEUTNP,2020,44,m,32.5214069269324,1592.47859307307,1791,3289,2644,9349,0.000287970303458579,0.00304687844130046,0.0226294518498711,0.0561823878872644,0.166842332931541,0.011847289169526,1,0,0
DEUTNP,2020,44,f,33.9942726231386,869.005727376861,1051,2724,4557,9235,0.000317985610485862,0.00171443935333236,0.0118896082386947,0.0354848118769037,0.145703331937594,0.0113981769817555,1,0,0
DEUTNP,2020,44,b,66.515679550071,2461.48432044993,2842,6013,7201,18584,0.000302566435799924,0.00239087315582133,0.0169629949700844,0.0444397753015792,0.152812275869979,0.0116197717029254,1,0,0
DEUTNP,2020,45,m,27.3655741214431,1653.63442587856,1812,3180,2855,9528,0.000242316474861487,0.00316388747950376,0.0228947888062347,0.05432046016464,0.180156906399224,0.0120741224951593,1,0,0
DEUTNP,2020,45,f,32.2657502863688,883.734249713631,1054,2812,4697,9479,0.000301816850630648,0.00174349688139586,0.0119235462260554,0.0366311640961282,0.150179624777458,0.0116993307644895,1,0,0
DEUTNP,2020,45,b,59.6313244078119,2537.36867559219,2866,5992,7552,19007,0.000271250890168217,0.00246458066073985,0.017106243344216,0.0442845723610614,0.160260839795873,0.0118842553141145,1,0,0
DEUTNP,2020,46,m,32.1248044034332,1691.87519559657,1846,3501,2965,10036,0.000284458470489572,0.00323705328364038,0.0233243819736806,0.0598037518982404,0.187098153230718,0.0127178729388558,1,0,0
DEUTNP,2020,46,f,26.504009163803,829.495990836197,1133,2888,4814,9691,0.000247920984446604,0.00163649159645212,0.0128172465598869,0.0376211955581858,0.153920526650774,0.01196098896916,1,0,0
DEUTNP,2020,46,b,58.6288135672362,2521.37118643277,2979,6389,7779,19727,0.000266690670172939,0.00244904208221874,0.0177807044390856,0.0472186469984682,0.165078002220882,0.0123344401842235,1,0,0
DEUTNP,2020,47,m,33.7112144974299,1732.28878550257,1798,3660,3049,10273,0.0002985058023656,0.00331437632983753,0.0227178975019923,0.0625197749064724,0.192398741720222,0.0130182053308954,1,0,0
DEUTNP,2020,47,f,27.0801832760596,889.91981672394,1056,2907,5029,9909,0.000253310571065008,0.00175570022962598,0.0119461715509625,0.0378687034237001,0.160794833511994,0.0122300525947174,1,0,0
DEUTNP,2020,47,b,60.7913977734895,2622.20860222651,2854,6567,8078,20182,0.000276527830370794,0.00254698683389588,0.0170346191571502,0.0485341766847614,0.171423075194791,0.0126189320118619,1,0,0
DEUTNP,2020,48,m,29.348586738939,1742.65141326106,1936,3669,3279,10656,0.000259875639706522,0.003334203074919,0.0244615403580963,0.0626735120578818,0.206912257822436,0.0135035526142335,1,0,0
DEUTNP,2020,48,f,24.1993127147766,906.800687285223,1084,3218,5415,10648,0.000226362637972986,0.00178900407089769,0.0122629260996623,0.0419200163802776,0.173136612341907,0.0131421536006207,1,0,0
DEUTNP,2020,48,b,53.5478994537156,2649.45210054628,3020,6887,8694,21304,0.000243578614724776,0.00257344881387368,0.0180254204115604,0.0508991738736032,0.184495198779836,0.0133204701011151,1,0,0
DEUTNP,2020,49,m,36.8840346854233,1724.11596531458,2083,3943,3451,11238,0.000326600466117656,0.00329873932865978,0.0263188990526418,0.0673539542230111,0.217765843777136,0.0142410777288623,1,0,0
DEUTNP,2020,49,f,35.1466208476518,983.853379152348,1238,3350,5759,11366,0.000328764783722671,0.00194101937189686,0.014005076117511,0.0436395447091144,0.18413550331986,0.0140283356334199,1,0,0
DEUTNP,2020,49,b,72.0306555330751,2707.96934446693,3321,7293,9210,22604,0.000327652951310054,0.00263028740775794,0.019821993770461,0.0538997640569461,0.195445224380296,0.0141333038943675,1,0,0
DEUTNP,2020,50,m,32.1248044034332,1867.87519559657,2064,4212,3847,12023,0.000284458470489572,0.00357379288441206,0.0260788322825985,0.0719489868595797,0.242754332370513,0.0152358495759131,1,0,0
DEUTNP,2020,50,f,28.2325315005727,927.767468499427,1231,3526,6267,11980,0.000264089744301817,0.0018303689016392,0.0139258874803361,0.0459322491475634,0.200378051624512,0.0147861570375128,1,0,0
DEUTNP,2020,50,b,60.3573359040059,2795.642664096,3295,7738,10114,24003,0.000274553370308826,0.00271544569401692,0.0196668080318184,0.0571885882726791,0.214628990160946,0.01500803810726,1,0,0
DEUTNP,2020,51,m,21.8131387924547,1851.18686120755,2148,4391,3948,12360,0.000193150813295388,0.00354186320793648,0.0271401801080531,0.0750066479820548,0.249127659006703,0.0156629044962394,1,0,0
DEUTNP,2020,51,f,29.3848797250859,944.615120274914,1258,3600,6532,12364,0.000274868917538626,0.00186360720641116,0.0142313293665823,0.0468962271500931,0.20885103449997,0.0152601039742745,1,0,0
DEUTNP,2020,51,b,51.1980185175406,2795.80198148246,3406,7991,10480,24724,0.00023288947940778,0.00271560044115847,0.0203293317621771,0.0590584141751071,0.222395868784528,0.015458848234133,1,0,0
DEUTNP,2020,52,m,39.2636498264184,1872.73635017358,2172,4450,4126,12660,0.000347671463931699,0.00358309369834134,0.0274434223438972,0.0760144804190717,0.260359858424938,0.0160430720810995,1,0,0
DEUTNP,2020,52,f,27.6563573883161,938.343642611684,1285,3831,6812,12894,0.000258700157683413,0.0018512343672334,0.0145367712528285,0.0499054017255574,0.217803620179699,0.0159142494859507,1,0,0
DEUTNP,2020,52,b,66.9200072147345,2811.07999278526,3457,8281,10938,25554,0.000304405640950048,0.00273044018106448,0.0206337345572068,0.061201692877495,0.232115077553928,0.0159778113482865,1,0,0
DEUTNP,2020,53,m,36.8840346854233,1904.11596531458,2202,4546,3953,12642,0.000326600466117656,0.00364313210217628,0.0278224751387025,0.0776543433674382,0.249443170226316,0.0160202620260079,1,0,0
DEUTNP,2020,53,f,19.0137457044674,991.986254295533,1300,3809,6779,12899,0.000177856358407346,0.00195706451494016,0.0147064611896319,0.0496188136707512,0.216748494010302,0.0159204206700232,1,0,0
DEUTNP,2020,53,b,55.8977803898907,2896.10221961011,3502,8355,10732,25541,0.000254267750041773,0.00281302342487183,0.0209023252587035,0.0617485984774146,0.227743555705682,0.015969683010354,1,0,0
DEUTNP,2021,1,m,30.6288013024982,1924.3711986975,2183,4353,3983,12474,0.000269531905441829,0.00370732915762729,0.0266473377595581,0.0770150385302253,0.235094204435224,0.0158280493390765,1,0,1
DEUTNP,2021,1,f,20.2094760256638,1001.79052397434,1237,3692,6494,12445,0.000187813420594709,0.00198995762827846,0.0135241571991393,0.0498074155227123,0.199868711382232,0.0153811007522935,1,0,1
DEUTNP,2021,1,b,50.838277328162,2926.16172267184,3420,8045,10477,24919,0.000229786851905145,0.00286178539979555,0.0197245668200164,0.0615781753712256,0.211941409421929,0.0156016346773248,1,0,1
DEUTNP,2021,2,m,31.8539533545981,1917.1460466454,2200,4244,3735,12128,0.000280313181659502,0.00369340979690875,0.0268548525291011,0.0750865663961121,0.22045615203755,0.0153890157434921,1,0,1
DEUTNP,2021,2,f,25.406198432263,1038.59380156774,1257,3690,6393,12404,0.000236108300176206,0.00206306369310935,0.0137428177844124,0.0497804342575321,0.196760189693041,0.0153304277807512,1,0,1
DEUTNP,2021,2,b,57.2601517868611,2955.73984821314,3457,7934,10128,24532,0.000258813451403572,0.00289071279884243,0.0199379612563733,0.0607285572896586,0.204881415923003,0.0153593363258611,1,0,1
DEUTNP,2021,3,m,28.5868812156649,1876.41311878433,2182,4223,3665,11975,0.000251563111745707,0.00361493721779456,0.0266351310084085,0.0747150258932096,0.216324443699497,0.0151948766101845,1,0,1
DEUTNP,2021,3,f,31.1803344395955,999.819665560404,1269,3521,6333,12154,0.00028976927748898,0.00198604271329254,0.0138740141355762,0.0475005173498023,0.194913543145007,0.0150214462469566,1,0,1
DEUTNP,2021,3,b,59.7672156552604,2876.23278434473,3451,7744,9998,24129,0.000270145273489634,0.00281295491116441,0.0199033567531803,0.0592742560689585,0.202251618917672,0.0151070204714945,1,0,1
DEUTNP,2021,4,m,36.7545615629978,1840.245438437,2143,3915,3411,11346,0.000323438286530195,0.00354525965454369,0.0261590677135744,0.0692657651839724,0.201332244872847,0.0143967490621422,1,0,1
DEUTNP,2021,4,f,30.025507238129,917.974492761871,1216,3348,5816,11328,0.000279037082026425,0.00182346538594663,0.0132945635846026,0.045166637911712,0.179001605389446,0.0140005712592993,1,0,1
DEUTNP,2021,4,b,66.7800688011268,2758.21993119887,3359,7263,9227,22674,0.000301843071525939,0.0026975383716395,0.0193727543708874,0.0555925777155017,0.186654899755287,0.0141960538012626,1,0,1
DEUTNP,2021,5,m,35.5294095108979,1873.4705904891,2015,3740,3215,10879,0.000312657010312522,0.00360926839415313,0.0245966035664267,0.0661695943264513,0.189763461526298,0.0138041805964257,1,0,1
DEUTNP,2021,5,f,27.715852835196,956.284147164804,1213,3142,5555,10894,0.000257572691101315,0.00189956371907259,0.0132617644968117,0.0423875675981479,0.170968692905497,0.013464179316632,1,0,1
DEUTNP,2021,5,b,63.2452623460939,2829.7547376539,3228,6882,8770,21773,0.000285865896647394,0.0027674993936514,0.01861722271784,0.0526763210571503,0.177410151821163,0.0136319431690434,1,0,1
DEUTNP,2021,6,m,23.2778889898986,1847.7221110101,2000,3669,3060,10600,0.00020484424813579,0.00355966357321127,0.0244135022991828,0.0649134335785427,0.180614678777752,0.0134501621768648,1,0,1
DEUTNP,2021,6,f,28.2932664359293,892.706733564071,1152,3046,5227,10346,0.000262938788832593,0.00177327348558238,0.0125948497117288,0.0410924668694967,0.160873691776244,0.0127868917945543,1,0,1
DEUTNP,2021,6,b,51.5711554258279,2740.42884457417,3152,6715,8287,20946,0.000233099429744984,0.00268013869357161,0.0181788990107286,0.0513980668263244,0.167639444485972,0.0131141634877502,1,0,1
DEUTNP,2021,7,m,30.2204172851315,1825.77958271487,1960,3508,2974,10298,0.000265938146702605,0.00351739097268803,0.0239252322531992,0.0620649563896233,0.175538579962429,0.0130669594431466,1,0,1
DEUTNP,2021,7,f,23.09654402933,905.90345597067,1156,3043,5067,10195,0.000214643909251096,0.00179948746724104,0.0126385818287834,0.0410519949717263,0.155949300981486,0.0126002669481424,1,0,1
DEUTNP,2021,7,b,53.3169613144615,2731.68303868554,3116,6551,8041,20493,0.000240990398130814,0.00267158529769892,0.0179712719915705,0.0501427752463516,0.162663059383577,0.012830542936812,1,0,1
DEUTNP,2021,8,m,35.9377935282645,1648.06220647174,1902,3327,2698,9611,0.000316250769051746,0.00317501585752878,0.0232172406865229,0.0588626311027015,0.159247844229534,0.0121952366680988,1,0,1
DEUTNP,2021,8,f,28.8706800366625,897.129319963337,1047,2849,4546,9368,0.00026830488656387,0.00178205851531797,0.0114468816390452,0.0384348122492436,0.139914253456056,0.01157815603435,1,0,1
DEUTNP,2021,8,b,64.808473564927,2545.19152643508,2949,6176,7244,18979,0.00029293154488956,0.00248919664747187,0.017008113319365,0.0472724438897065,0.146540380820126,0.0118826367246257,1,0,1
DEUTNP,2021,9,m,34.3042574587979,1678.6957425412,1848,3253,2544,9358,0.000301875734094848,0.00323403181118077,0.0225580761244449,0.0575533931400925,0.150158085885817,0.011874209212368,1,0,1
DEUTNP,2021,9,f,40.4189520513275,908.581047948672,1048,2739,4361,9097,0.000375626841189418,0.00180480623843575,0.0114578146683088,0.0369508426643307,0.134220426599617,0.0112432200517166,1,0,1
DEUTNP,2021,9,b,74.7232095101254,2587.27679048987,2896,5992,6905,18455,0.000337745729792239,0.00253035602471524,0.0167024402078267,0.0458640679707127,0.139682679398532,0.011554563504556,1,0,1
DEUTNP,2021,10,m,30.6288013024982,1671.3711986975,1806,3092,2646,9246,0.000269531905441829,0.00321992097072731,0.0220453925761621,0.0547049159511731,0.156178575178409,0.0117320942912539,1,0,1
DEUTNP,2021,10,f,19.6320624249305,956.36793757507,1153,2761,4470,9360,0.000182447322863432,0.00189973016042145,0.0126057827409924,0.0372476365813133,0.137575167828546,0.0115682686252685,1,0,1
DEUTNP,2021,10,b,50.2608637274287,2627.73913627257,2959,5853,7116,18606,0.000227176966981168,0.00256992818831277,0.0170657874913534,0.0448001318145162,0.143951042230262,0.011649103688202,1,0,1
DEUTNP,2021,11,m,38.796481649831,1593.20351835017,1829,3177,2489,9127,0.000341407080226317,0.00306932979542189,0.0223261478526027,0.0562087703676834,0.146911743620204,0.0115810971875703,1,0,1
DEUTNP,2021,11,f,29.4480936373958,888.551906362604,1135,2712,4482,9247,0.000273670984295148,0.00176502033296627,0.0124089882142467,0.0365865955843976,0.137944497138153,0.0114286089719934,1,0,1
DEUTNP,2021,11,b,68.2445752872268,2481.75542471277,2964,5889,6971,18374,0.000308462578573027,0.00242715615657137,0.0170946245773475,0.0450756836247542,0.141017807108931,0.0115038498961101,1,0,1
DEUTNP,2021,12,m,28.5868812156649,1716.41311878433,1833,3130,2699,9407,0.000251563111745707,0.00330669488615821,0.0223749748572011,0.0553772273373777,0.159306868634363,0.0119363844903554,1,0,1
DEUTNP,2021,12,f,20.786889626397,890.213110373603,1118,2642,4359,9030,0.000193179518325987,0.00176832015015829,0.0122231267167646,0.0356422513030894,0.134158871714683,0.0111604130006597,1,0,1
DEUTNP,2021,12,b,49.3737708420619,2606.62622915793,2951,5772,7058,18437,0.000223167344858056,0.00254927977067414,0.0170196481537627,0.0441801402414809,0.142777748181729,0.0115432938137902,1,0,1
DEUTNP,2021,13,m,38.3880976324644,1809.61190236754,1843,3239,2605,9535,0.000337813321487092,0.00348624370089169,0.022497042368697,0.0573056994714909,0.153758574580406,0.0120988015430571,1,0,1
DEUTNP,2021,13,f,24.2513712307965,859.748628769203,1082,2751,4268,8985,0.000225376104713651,0.00170780547557371,0.011829537663273,0.0371127302554121,0.131358124450164,0.0111047963245767,1,0,1
DEUTNP,2021,13,b,62.6394688632609,2669.36053113674,2925,5990,6873,18520,0.000283127735863025,0.00261063390160898,0.016869695306593,0.0458487595368106,0.139035344751066,0.011595259610099,1,0,1
DEUTNP,2021,14,m,33.079105406698,1765.9208945933,1954,3105,2661,9519,0.000291094457877175,0.00340207233771749,0.0238519917463016,0.0549349172148747,0.157063941250849,0.0120784994114694,1,0,1
DEUTNP,2021,14,f,27.1384392344627,905.861560765537,1152,2832,4437,9354,0.000252206593370038,0.00179940424656661,0.0125948497117288,0.0382054714952116,0.136559512227127,0.0115608530684575,1,0,1
DEUTNP,2021,14,b,60.2175446411607,2671.78245535884,3106,5937,7098,18873,0.00027218074135814,0.00261300254286503,0.0179135978195821,0.0454430860384047,0.143586916491062,0.011816270767894,1,0,1
DEUTNP,2021,15,m,36.7545615629978,1847.245438437,1992,3283,2705,9864,0.000323438286530195,0.00355874525655278,0.0243158482899861,0.0580841652870962,0.159661015063339,0.0125162641238296,1,0,1
DEUTNP,2021,15,f,28.8706800366625,922.129319963337,1163,2758,4362,9234,0.00026830488656387,0.00183171853856274,0.012715113033629,0.0372071646835429,0.134251204042084,0.0114125419322361,1,0,1
DEUTNP,2021,15,b,65.6252415996603,2769.37475840034,3155,6041,7067,19098,0.000296623301677986,0.00270844778972636,0.0181962012623251,0.0462391246013143,0.142959811051329,0.011957141902466,1,0,1
DEUTNP,2021,16,m,38.796481649831,1883.20351835017,2006,3275,2679,9882,0.000341407080226317,0.00362801902151278,0.0244867428060804,0.0579426260478952,0.158126380537777,0.0125391040218658,1,0,1
DEUTNP,2021,16,f,34.0674024432617,969.932597556738,1227,2731,4438,9400,0.000316599766145367,0.00192667501362133,0.0134148269065028,0.0368429176036098,0.136590289669594,0.0116177056706757,1,0,1
DEUTNP,2021,16,b,72.8638840930927,2853.13611590691,3233,6006,7117,19282,0.000329341657964838,0.00279036637547031,0.0186460598038342,0.0459712270080274,0.143971271437995,0.0120723431858493,1,0,1
DEUTNP,2021,17,m,28.1784971982983,1899.8215028017,1990,3404,2626,9948,0.000247969353006483,0.00366003381072801,0.0242914347876869,0.0602249462800108,0.154998087081822,0.0126228503146652,1,0,1
DEUTNP,2021,17,f,27.1384392344627,1018.86156076554,1195,2891,4475,9607,0.000252206593370038,0.002023867551633,0.0130649699700659,0.0390014188180285,0.137729055040882,0.0118735423806576,1,0,1
DEUTNP,2021,17,b,55.316936432761,2918.68306356724,3185,6295,7101,19555,0.000250030200627585,0.00285447127314638,0.0183692237782901,0.0481832957068819,0.143647604114262,0.0122432668291299,1,0,1
DEUTNP,2021,18,m,37.9797136150977,1927.0202863849,2020,3247,2741,9973,0.000334219562747868,0.0037124326636615,0.0246576373221747,0.0574472387106918,0.161785893637195,0.012654572395271,1,0,1
DEUTNP,2021,18,f,31.7577480403287,991.242251959671,1189,2792,4352,9356,0.000295135375220257,0.00196900453094084,0.012999371794484,0.0376658461916069,0.133943429617412,0.0115633249207278,1,0,1
DEUTNP,2021,18,b,69.7374616554264,2918.26253834457,3209,6039,7093,19329,0.000315210361480507,0.00285405999958854,0.0185076417910622,0.0462238161674122,0.143485770452395,0.0121017696006265,1,0,1
DEUTNP,2021,19,m,36.7545615629978,1730.245438437,1929,3174,2612,9482,0.000323438286530195,0.00333334305154369,0.0235468229675618,0.056155693152983,0.154171745414211,0.0120315507321728,1,0,1
DEUTNP,2021,19,f,23.6739576300632,883.326042369937,1197,2687,4306,9097,0.000220010006982374,0.00175463967187227,0.0130868360285932,0.0362493297696446,0.132527667263919,0.0112432200517166,1,0,1
DEUTNP,2021,19,b,60.428519193061,2613.57148080694,3126,5861,6918,18579,0.000273134337362197,0.00255607222497119,0.0180289461635588,0.0448613655501247,0.139945659099065,0.0116321991520534,1,0,1
DEUTNP,2021,20,m,37.9797136150977,1757.0202863849,1923,2920,2441,9079,0.000334219562747868,0.00338492518629788,0.0234735824606643,0.0516618223083524,0.144078572188396,0.0115201907928071,1,0,1
DEUTNP,2021,20,f,32.9125752417953,914.087424758205,1136,2578,4071,8732,0.000305867570682812,0.00181574411044998,0.0124199212435103,0.0347788508173219,0.125294968284119,0.0107921070123766,1,0,1
DEUTNP,2021,20,b,70.892288856893,2671.10771114311,3059,5498,6512,17811,0.00032043013132846,0.00261234264319844,0.0176425292112369,0.0420828847968922,0.13173260075934,0.0111513590127145,1,0,1
DEUTNP,2021,21,m,40.0216337019309,1700.97836629807,1807,2820,2407,8775,0.00035218835644399,0.00327695961056698,0.0220575993273117,0.0498925818183403,0.142071742424199,0.0111344502926404,1,0,1
DEUTNP,2021,21,f,26.5610256337295,834.43897436627,1051,2451,4055,8418,0.000246840495638761,0.00165753035453503,0.0114906137560998,0.033065540478377,0.124802529204643,0.0104040262059306,1,0,1
DEUTNP,2021,21,b,66.5826593356604,2535.41734066434,2858,5271,6462,17193,0.000300950789135782,0.00247963749634333,0.016483278354271,0.0403453775490031,0.130721140372674,0.0107644329630902,1,0,1
DEUTNP,2021,22,m,41.6551697713975,1738.3448302286,1891,2992,2628,9291,0.000366563391400887,0.00334894664786044,0.0230829664238774,0.0529356754611611,0.155116135891481,0.0117891940363444,1,0,1
DEUTNP,2021,22,f,31.7577480403287,882.242251959671,1071,2563,4352,8900,0.000295135375220257,0.00175248682959362,0.0117092743413729,0.0345764913284701,0.133943429617412,0.0109997426030865,1,0,1
DEUTNP,2021,22,b,73.4129178117262,2620.58708218827,2962,5555,6980,18191,0.000331823267028423,0.00256293348128807,0.0170830897429499,0.0425191751631023,0.141199869978531,0.0113892747066582,1,0,1
DEUTNP,2021,23,m,42.8803218234974,1748.1196781765,1757,2987,2323,8858,0.000377344667618561,0.00336777803487826,0.0214472617698321,0.0528472134366605,0.137113692418535,0.0112397676002517,1,0,1
DEUTNP,2021,23,f,25.406198432263,859.593801567737,1059,2502,4138,8584,0.000236108300176206,0.00170749792667676,0.011578077990209,0.033753562740473,0.127357056929423,0.0106091899443702,1,0,1
DEUTNP,2021,23,b,68.2865202557604,2607.71347974424,2816,5489,6461,17442,0.000308652168047319,0.00255034310146331,0.0162410468319199,0.0420139968443328,0.130700911164941,0.0109203303520165,1,0,1
DEUTNP,2021,24,m,46.5557779797972,1816.4442220202,1890,3173,2690,9616,0.00040968849627158,0.00349940626426809,0.0230707596727278,0.0561380007480829,0.158775648990899,0.01220158108422,1,0,1
DEUTNP,2021,24,f,28.8706800366625,926.129319963337,1136,2716,4653,9460,0.00026830488656387,0.00183966414228191,0.0124199212435103,0.036640558114758,0.14320743980005,0.0116918612387864,1,0,1
DEUTNP,2021,24,b,75.4264580164597,2742.57354198354,3026,5889,7343,19076,0.000340924383139095,0.00268223620707729,0.0174522044436753,0.0450756836247542,0.148543072385724,0.0119433678359745,1,0,1
DEUTNP,2021,25,m,41.2467857540308,1684.75321424597,1663,2907,2385,8681,0.000362969632661663,0.00324570161869389,0.0202998271617705,0.0514318210446508,0.140773205517953,0.0110151752695626,1,0,1
DEUTNP,2021,25,f,34.644816043995,849.355183956005,1041,2412,4173,8510,0.000321965863876644,0.00168715992713304,0.0113812834634633,0.0325394058073624,0.128434267415777,0.010517731410367,1,0,1
DEUTNP,2021,25,b,75.8916017980258,2534.10839820197,2704,5319,6558,17191,0.000343026813254092,0.00247835735095733,0.0155950961056504,0.0407127799626537,0.132663144315072,0.0107631807752274,1,0,1
DEUTNP,2021,26,m,36.3461775456311,1674.65382245437,1708,2821,2366,8606,0.00031984452779097,0.00322624499323169,0.0208491309635021,0.0499102742232404,0.139651741826196,0.0109200090277451,1,0,1
DEUTNP,2021,26,f,34.644816043995,877.355183956005,1029,2436,4030,8407,0.000321965863876644,0.00174277915316719,0.0112500871122994,0.0328631809895252,0.124033093142962,0.0103904310184436,1,0,1
DEUTNP,2021,26,b,70.9909935896261,2552.00900641038,2737,5257,6396,17013,0.000320876272523538,0.00249586414110544,0.015785420873212,0.0402382185116884,0.129386012662276,0.0106517360554327,1,0,1
DEUTNP,2021,27,m,40.8384017366642,1664.16159826334,1761,2787,2342,8595,0.000359375873922439,0.00320603157042735,0.0214960887744305,0.0493087324566363,0.138235156110292,0.0109060513122786,1,0,1
DEUTNP,2021,27,f,25.406198432263,821.593801567737,1060,2415,4077,8399,0.000236108300176206,0.0016320146913447,0.0115890110194727,0.0325798777051328,0.125479632938922,0.0103805436093622,1,0,1
DEUTNP,2021,27,b,66.2446001689272,2485.75539983108,2821,5202,6419,16994,0.000299422776076255,0.00243106813119136,0.0162698839179141,0.0398172365793804,0.129851284440142,0.0106398402707355,1,0,1
DEUTNP,2021,28,m,37.1629455803644,1690.83705441964,1775,2864,2452,8819,0.000327032045269419,0.0032574222254466,0.0216669832905248,0.0506710476339456,0.144727840641519,0.0111902811545067,1,0,1
DEUTNP,2021,28,f,27.1384392344627,918.861560765537,1133,2526,4238,8843,0.000252206593370038,0.0018252274586539,0.0123871221557194,0.0340773379226358,0.130434801176147,0.0109292948133814,1,0,1
DEUTNP,2021,28,b,64.3013848148271,2609.69861518518,2908,5390,6690,17662,0.000290639525300268,0.00255228456340558,0.0167716492142128,0.0412562293661785,0.13533339973587,0.0110580710169313,1,0,1
DEUTNP,2021,29,m,41.6551697713975,1605.3448302286,1785,2889,2510,8831,0.000366563391400887,0.00309272020968772,0.0217890508020207,0.0511133577564486,0.14815125612162,0.0112055077531974,1,0,1
DEUTNP,2021,29,f,28.2932664359293,935.706733564071,1050,2478,4290,8782,0.000262938788832593,0.0018586887255634,0.0114796807268361,0.0334297875583102,0.132035228184443,0.0108539033191355,1,0,1
DEUTNP,2021,29,b,69.9484362073268,2541.05156379267,2835,5367,6800,17613,0.000316163957484564,0.0024851477650899,0.0163506277586978,0.0410801823763042,0.137558612586534,0.0110273924142912,1,0,1
DEUTNP,2021,30,m,38.3880976324644,1606.61190236754,1693,2921,2357,8616,0.000337813321487092,0.00309516124262807,0.0206660296962583,0.0516795147132525,0.139120522182732,0.0109326978599874,1,0,1
DEUTNP,2021,30,f,26.5610256337295,849.43897436627,1076,2537,4106,8595,0.000246840495638761,0.0016873263684819,0.0117639394876911,0.0342257348811271,0.126372178770472,0.0106227851318572,1,0,1
DEUTNP,2021,30,b,64.9491232661939,2456.05087673381,2769,5458,6463,17211,0.000293567275558931,0.0024020171153678,0.0159699782235747,0.0417767161188501,0.130741369580408,0.010775702653856,1,0,1
DEUTNP,2021,31,m,37.9797136150977,1647.0202863849,1680,2720,2465,8550,0.000334219562747868,0.00317300858329788,0.0205073419313136,0.0481233413283282,0.1454951579043,0.0108489515671881,1,0,1
DEUTNP,2021,31,f,31.1803344395955,848.819665560404,1068,2410,4113,8471,0.00028976927748898,0.0016860961728941,0.0116764752535819,0.0325124245421822,0.126587620867743,0.0104695302910951,1,0,1
DEUTNP,2021,31,b,69.1600480546932,2495.8399519453,2748,5130,6578,17021,0.00031260047655653,0.00244093082052271,0.0158488624623991,0.0392661329589046,0.133067728469739,0.0106567448068841,1,0,1
DEUTNP,2021,32,m,33.4874894240646,1634.51251057594,1728,2782,2519,8697,0.0002946882166164,0.0031489121709295,0.021093265986494,0.0492202704321357,0.148682475765084,0.0110354774011503,1,0,1
DEUTNP,2021,32,f,31.7577480403287,850.242251959671,1065,2491,4425,8863,0.000295135375220257,0.00168892199984031,0.0116436761657909,0.0336051657819817,0.13619018291752,0.0109540133360849,1,0,1
DEUTNP,2021,32,b,65.2452374643933,2484.75476253561,2793,5273,6944,17560,0.000294905699144165,0.00243008950817799,0.0161083962363467,0.0403606859829052,0.140471618500132,0.0109942094359254,1,0,1
DEUTNP,2021,33,m,35.1210254935312,1616.87897450647,1714,2868,2534,8768,0.000309063251573297,0.00311494090672296,0.0209223714703997,0.0507418172535461,0.149567841837524,0.0111255681100708,1,0,1
DEUTNP,2021,33,f,28.2932664359293,874.706733564071,1065,2510,4255,8733,0.000262938788832593,0.00173751826884614,0.0116436761657909,0.0338614878011939,0.13095801769809,0.0107933429385118,1,0,1
DEUTNP,2021,33,b,63.4142919294605,2491.58570807054,2779,5378,6789,17501,0.000286629903177158,0.00243677017112536,0.016027652395563,0.0411643787627658,0.137336091301468,0.0109572698939709,1,0,1
DEUTNP,2021,34,m,35.5294095108979,1583.4705904891,1665,2793,2420,8497,0.000312657010312522,0.00305057916806224,0.0203242406640697,0.049414886886037,0.14283905968698,0.0107817007563038,1,0,1
DEUTNP,2021,34,f,32.9125752417953,895.087424758205,1050,2533,4143,8654,0.000305867570682812,0.00177800249278395,0.0114796807268361,0.0341717723507666,0.12751094414176,0.0106957047738327,1,0,1
DEUTNP,2021,34,b,68.4419847526932,2478.5580152473,2715,5326,6563,17151,0.000309354860963183,0.00242402909095003,0.0156585376948376,0.040766359481311,0.132764290353739,0.0107381370179702,1,0,1
DEUTNP,2021,35,m,33.8958734414313,1674.10412655857,1632,2832,2490,8662,0.000298281975355624,0.00322518599607786,0.0199214178761332,0.0501048906771417,0.146970768025033,0.0109910664883021,1,0,1
DEUTNP,2021,35,f,30.6029208388623,898.397079161138,1079,2502,4169,8679,0.000284403179757703,0.00178457679336723,0.0117967385754821,0.033753562740473,0.128311157645908,0.0107266029272121,1,0,1
DEUTNP,2021,35,b,64.4987942802936,2572.50120571971,2711,5334,6659,17341,0.000291531807690425,0.00251590550667276,0.0156354680260422,0.0408275932169195,0.134706294296137,0.010857094864942,1,0,1
DEUTNP,2021,36,m,44.1054738755973,1657.8945261244,1823,3082,2751,9358,0.000388125943836234,0.00319395796462336,0.0222529073457051,0.0545279919021719,0.162376137685488,0.011874209212368,1,0,1
DEUTNP,2021,36,f,28.8706800366625,940.129319963337,1190,2733,4629,9521,0.00026830488656387,0.00186747375529898,0.0130103048237476,0.03686989886879,0.142468781180836,0.0117672527330322,1,0,1
DEUTNP,2021,36,b,72.9761539122598,2598.02384608774,3013,5815,7380,18879,0.000329849112773817,0.00254086664228038,0.0173772280200905,0.0445092715703762,0.149291553071856,0.0118200273314826,1,0,1
DEUTNP,2021,37,m,36.3461775456311,1655.65382245437,1729,2995,2644,9060,0.00031984452779097,0.00318964121634987,0.0211054727376436,0.0529887526758614,0.15606052636875,0.0114960820115467,1,0,1
DEUTNP,2021,37,f,33.4899888425285,864.510011157471,1080,2593,4426,8997,0.000311233668414089,0.00171726348997685,0.0118076716047457,0.0349812103061736,0.136220960359987,0.0111196274381988,1,0,1
DEUTNP,2021,37,b,69.8361663881596,2520.16383361184,2809,5588,7070,18057,0.000315656502675585,0.00246471957043366,0.0162006749115281,0.0427717643224871,0.143020498674529,0.0113053781198465,1,0,1
DEUTNP,2021,38,m,40.8384017366642,1739.16159826334,1819,2946,2646,9191,0.000359375873922439,0.00335052016338189,0.0222040803411068,0.0521218248357555,0.156178575178409,0.0116623057139212,1,0,1
DEUTNP,2021,38,f,30.025507238129,905.974492761871,1108,2572,4350,8966,0.000279037082026425,0.00179962857478914,0.012113796424128,0.0346979070217812,0.133881874732477,0.0110813137280083,1,0,1
DEUTNP,2021,38,b,70.8639089747932,2645.13609102521,2927,5518,6996,18157,0.000320301855468067,0.00258694240551282,0.0168812301409906,0.0422359691359133,0.141523537302264,0.0113679875129896,1,0,1
DEUTNP,2021,39,m,32.6707213893314,1625.32927861067,1803,2994,2684,9139,0.000287500699137951,0.00313122054072368,0.0220087723227133,0.0529710602709613,0.158421502561923,0.0115963237862611,1,0,1
DEUTNP,2021,39,f,36.3770568461947,880.622943153805,1168,2550,4355,8990,0.000338064157070477,0.00174927023307603,0.0127697781799472,0.0344011131047986,0.134035761944814,0.0111109759552526,1,0,1
DEUTNP,2021,39,b,69.0477782355261,2505.95222176447,2971,5544,7039,18129,0.000312093021747552,0.00245082061776223,0.0171349964977394,0.0424349787766407,0.142393393234796,0.0113504568829095,1,0,1
DEUTNP,2021,40,m,39.2048656671976,1700.7951343328,1769,2960,2707,9176,0.000345000838965541,0.0032766066115157,0.0215937427836272,0.0523695185043572,0.159779063872998,0.0116432724655577,1,0,1
DEUTNP,2021,40,f,27.1384392344627,932.861560765537,1116,2612,4345,9033,0.000252206593370038,0.00185303707167097,0.0122012606582373,0.0352375323253859,0.133727987520141,0.0111641207790652,1,0,1
DEUTNP,2021,40,b,66.3433049016603,2633.65669509834,2885,5572,7052,18209,0.000299868917271333,0.00257571555929736,0.0166389986186396,0.0426492968512702,0.142656372935329,0.011400544397424,1,0,1
DEUTNP,2021,41,m,33.8958734414313,1774.10412655857,1800,3087,2834,9529,0.000298281975355624,0.00341783745335059,0.0219721520692645,0.0546164539266725,0.167275163286323,0.0120911882437117,1,0,1
DEUTNP,2021,41,f,23.6739576300632,930.326042369937,1159,2702,4605,9420,0.000220010006982374,0.00184800051557245,0.0126713809165744,0.0364516892584964,0.141730122561623,0.0116424241933792,1,0,1
DEUTNP,2021,41,b,57.5698310714945,2704.43016892851,2959,5789,7439,18949,0.000260213188602706,0.00264493199820118,0.0170657874913534,0.0443102619296488,0.150485076328122,0.0118638539066828,1,0,1
DEUTNP,2021,42,m,43.6970898582307,1804.30291014177,1922,3186,2895,9851,0.000384532185097009,0.00347601585000226,0.0234613757095147,0.0563680020117845,0.170875651980912,0.0124997686419146,1,0,1
DEUTNP,2021,42,f,28.2932664359293,905.706733564071,1206,2852,4918,9910,0.000262938788832593,0.00179909669766967,0.0131852332919661,0.038475284147014,0.151363462053868,0.0122480279996166,1,0,1
DEUTNP,2021,42,b,71.99035629416,2710.00964370584,3128,6038,7813,19761,0.000325393349455628,0.00265038872307478,0.0180404809979565,0.0462161619504612,0.158050800020381,0.0123722421790046,1,0,1
DEUTNP,2021,43,m,46.5557779797972,1794.4442220202,1944,3378,3049,10212,0.00040968849627158,0.00345702294366809,0.0237299242348057,0.0597649437526076,0.179965410324629,0.0129578354858626,1,0,1
DEUTNP,2021,43,f,28.2932664359293,894.706733564071,1230,2956,5066,10175,0.000262938788832593,0.00177724628744196,0.0134476259942938,0.0398783099363861,0.155918523539019,0.0125755484254388,1,0,1
DEUTNP,2021,43,b,74.8490444157265,2689.15095558427,3174,6334,8115,20387,0.000338314498215118,0.00262998893154491,0.0183057821891029,0.048481810167973,0.164160020755842,0.0127641769800803,1,0,1
DEUTNP,2021,44,m,33.4874894240646,1714.51251057594,1997,3426,3147,10318,0.0002946882166164,0.00330303333674768,0.0243768820457341,0.0606141791878134,0.185749801997903,0.0130923371076312,1,0,1
DEUTNP,2021,44,f,28.2932664359293,910.706733564071,1133,2887,5149,10108,0.000262938788832593,0.00180902870231862,0.0123871221557194,0.038947456287668,0.158473051263799,0.0124927413743819,1,0,1
DEUTNP,2021,44,b,61.7807558599939,2625.21924414001,3130,6313,8296,20426,0.000279246389600306,0.0025674637344659,0.0180520158323542,0.0483210716120009,0.167821507355572,0.0127885946434061,1,0,1
DEUTNP,2021,45,m,34.3042574587979,1782.6957425412,1983,3474,3273,10547,0.000301875734094848,0.00343438932674441,0.0242059875296398,0.0614634146230192,0.193186877006399,0.0133829113659805,1,0,1
DEUTNP,2021,45,f,27.715852835196,965.284147164804,1227,3036,5268,10524,0.000257572691101315,0.00191744132744071,0.0134148269065028,0.0409575605435955,0.1621355669174,0.013006886646616,1,0,1
DEUTNP,2021,45,b,62.0201102939939,2747.979889706,3210,6510,8541,21071,0.000280328261464755,0.0026875236137365,0.018513409208261,0.0498289523513584,0.172777663250234,0.013192425229179,1,0,1
DEUTNP,2021,46,m,37.5713295977311,1856.42867040227,2110,3746,3427,11177,0.000330625804008644,0.0035764368867586,0.0257562449256379,0.066275748755852,0.202276635350116,0.0141823077972469,1,0,1
DEUTNP,2021,46,f,42.7286064542605,1070.27139354574,1316,3153,5585,11167,0.000397091232114528,0.002125988091268,0.014387866510968,0.0425359645566392,0.171892016179514,0.0138015871515356,1,0,1
DEUTNP,2021,46,b,80.2999360519916,2926.70006394801,3426,6899,9012,22344,0.000362952296641848,0.00286231189742291,0.0197591713232094,0.0528064427453182,0.182305620092625,0.0139894428038905,1,0,1
DEUTNP,2021,47,m,39.6132496845643,1978.38675031544,2240,3892,3583,11733,0.000348594597704766,0.00381139090497314,0.0273431225750848,0.0688588398712697,0.211484442503491,0.0148878068699202,1,0,1
DEUTNP,2021,47,f,28.2932664359293,1080.70673356407,1357,3360,5714,11540,0.000262938788832593,0.00214671686038309,0.0148361207107778,0.0453285255027934,0.175862306257788,0.0142625875999571,1,0,1
DEUTNP,2021,47,b,67.9065161204936,3059.09348387951,3597,7252,9297,23273,0.000306934565513499,0.00299179262750471,0.0207453996642102,0.0555083813290401,0.188070944296619,0.0145710840661897,1,0,1
DEUTNP,2021,48,m,35.5294095108979,2137.4705904891,2442,4041,3684,12340,0.000312657010312522,0.00411786824135312,0.0298088863073022,0.0714950082013876,0.217445907391254,0.0156580189870294,1,0,1
DEUTNP,2021,48,f,39.264124849861,1024.73587515014,1361,3457,5963,11845,0.000364894645726864,0.00203553629518846,0.0148798528278324,0.0466371168640348,0.183525889432129,0.0146395450711865,1,0,1
DEUTNP,2021,48,b,74.7935343607589,3162.20646563924,3803,7498,9647,24185,0.000338063595126925,0.00309263709670922,0.0219334876071703,0.0573913186989993,0.195151167003279,0.0151420817316546,1,0,1
DEUTNP,2021,49,m,31.4455693372314,2082.55443066277,2319,3968,3686,12087,0.000276719422920278,0.00401207145916947,0.0283074559159025,0.0702034626436788,0.217563956200913,0.0153369915312985,1,0,1
DEUTNP,2021,49,f,30.6029208388623,1058.39707916114,1381,3420,6055,11945,0.000284403179757703,0.00210240094213379,0.0150985134131054,0.0461379634582005,0.186357414139115,0.0147631376847043,1,0,1
DEUTNP,2021,49,b,62.0484901760937,3140.95150982391,3700,7388,9741,24032,0.000280456537325148,0.00307184975547844,0.0213394436356903,0.0565493548343834,0.19705271253021,0.0150462893601457,1,0,1
DEUTNP,2021,50,m,33.8958734414313,1971.10412655857,2246,3855,3505,11611,0.000298281975355624,0.00379736082417785,0.0274163630819823,0.0682042208899652,0.206880538926804,0.0147330031165639,1,0,1
DEUTNP,2021,50,f,33.4899888425285,1032.51001115747,1394,3316,5622,11398,0.000311233668414089,0.00205097884618175,0.0152406427935329,0.0447349376688283,0.173030781550802,0.0140870860887618,1,0,1
DEUTNP,2021,50,b,67.3858622839598,3003.61413771604,3640,7171,9127,23009,0.000304581232310308,0.00293753384146063,0.0209933986037601,0.0548883897560048,0.184631978981956,0.014405795268292,1,0,1
DEUTNP,2021,51,m,40.8384017366642,1991.16159826334,2235,3702,3337,11306,0.000359375873922439,0.00383600183570915,0.0272820888193368,0.0654972829402467,0.196964438915476,0.0143459937331729,1,0,1
DEUTNP,2021,51,f,26.5610256337295,960.43897436627,1341,3250,5595,11173,0.000246840495638761,0.0019078168716887,0.0146611922425593,0.0438445559178806,0.172199790604187,0.0138090027083467,1,0,1
DEUTNP,2021,51,b,67.3994273703937,2951.60057262961,3576,6952,8932,22479,0.000304642545924208,0.00288666458840385,0.0206242839030347,0.0532121162437241,0.18068728347396,0.0140739654846336,1,0,1
DEUTNP,2021,52,m,33.079105406698,1920.9208945933,2179,3648,3295,11076,0.000291094457877175,0.00370068209649021,0.0265985107549597,0.0645418930756402,0.194485413912644,0.0140541505915995,1,0,1
DEUTNP,2021,52,f,28.8706800366625,996.129319963337,1340,3156,5577,11098,0.00026830488656387,0.00197871220736728,0.0146502592132956,0.0425764364544095,0.171645796639776,0.0137163082482083,1,0,1
DEUTNP,2021,52,b,61.9497854433605,2917.05021455664,3519,6804,8872,22174,0.00028001039613007,0.00285287434724088,0.0202955411227011,0.0520792921349681,0.179473531009961,0.0138830068355472,1,0,1
DEUTNP,2022,1,m,30.5407492624176,1858.45925073758,2014,3417,3084,10404,0.000267659283757774,0.00361177308338032,0.0238631299875316,0.0619198675560859,0.170403241500055,0.0132309269179288,1,0,1
DEUTNP,2022,1,f,32.263997760672,1037.73600223933,1213,2993,5190,10466,0.000298440187594411,0.00208057911330497,0.0128926763592489,0.0414541282147959,0.153334559222747,0.0129688010013416,1,0,1
DEUTNP,2022,1,b,62.8047470230896,2896.19525297691,3227,6410,8274,20870,0.000282634567104148,0.00285810077288014,0.0180802137565202,0.0503200880969084,0.159281396427434,0.013098163379001,1,0,1
DEUTNP,2022,2,m,38.9080778274635,1767.09192217254,2022,3287,2950,10065,0.000340990594376343,0.00343420768457987,0.0239579189845029,0.0595641219364513,0.162999209606084,0.0127998154007068,1,0,1
DEUTNP,2022,2,f,32.263997760672,947.736002239328,1163,2858,4855,9856,0.000298440187594411,0.00190013618775032,0.0123612387516954,0.0395843295816527,0.143437241816269,0.0122129278300423,1,0,1
DEUTNP,2022,2,b,71.1720755881355,2714.82792441187,3185,6145,7805,19921,0.000320289304984559,0.00267911902038464,0.0178448964408171,0.048239772442356,0.150252755513189,0.0125025640954997,1,0,1
DEUTNP,2022,3,m,35.5611464014451,1768.43885359855,1907,3300,2978,9989,0.000311658070128915,0.0034368253425499,0.0225953271530401,0.0597996964984148,0.164546320748108,0.0127031650310641,1,0,1
DEUTNP,2022,3,f,32.8506159017751,931.149384098225,1159,2775,4958,9856,0.0003038663728234,0.00186688132216767,0.0123187237430911,0.0384347496812758,0.146480297615873,0.0122129278300423,1,0,1
DEUTNP,2022,3,b,68.4117623032202,2699.58823769677,3066,6075,7936,19845,0.000307867314811315,0.00266407978560442,0.017178164046325,0.0476902550996441,0.152774614702456,0.0124548659442393,1,0,1
DEUTNP,2022,4,m,35.5611464014451,1812.43885359855,2034,3328,3053,10263,0.000311658070128915,0.00352233596948759,0.0241001024799599,0.0603070878626438,0.168690368449957,0.0130516150479338,1,0,1
DEUTNP,2022,4,f,32.8506159017751,925.149384098225,1202,2870,4931,9961,0.0003038663728234,0.00185485179379736,0.0127757600855871,0.0397505339045988,0.145682603377142,0.0123430371464135,1,0,1
DEUTNP,2022,4,b,68.4117623032202,2737.58823769677,3236,6198,7984,20224,0.000307867314811315,0.00270157996079386,0.0181306388955994,0.0486558355732665,0.153698654710737,0.0126927290932878,1,0,1
DEUTNP,2022,5,m,30.9591156906699,1747.04088430933,1969,3442,3243,10432,0.000271325849288703,0.00339524002961546,0.0233299418795679,0.0623728955598617,0.179188622627976,0.0132665349488498,1,0,1
DEUTNP,2022,5,f,31.0907614784657,946.909238521534,1176,2960,5152,10266,0.000287587817136432,0.00189847859148387,0.0124994125296593,0.0409970663266942,0.152211878442311,0.0127209737320631,1,0,1
DEUTNP,2022,5,b,62.0498771691356,2693.95012283086,3145,6402,8395,20698,0.000279237494040327,0.00265851583046732,0.0176207847115761,0.0502572861148842,0.161610747281643,0.0129902149314117,1,0,1
DEUTNP,2022,6,m,40.1631771122204,1796.83682288778,1934,3299,3140,10210,0.000351990290969128,0.00349201461886078,0.0229152400178183,0.0597815753782638,0.173497463784103,0.0129842141322619,1,0,1
DEUTNP,2022,6,f,34.6104703250845,954.389529674915,1247,2920,5129,10285,0.000320144928510368,0.00191347598725849,0.0132540539323853,0.040443051916874,0.151532361127836,0.0127445173226446,1,0,1
DEUTNP,2022,6,b,74.7736474373049,2751.22635256269,3181,6219,8269,20495,0.000336497135582304,0.00271503868965506,0.017822485267893,0.0488206907760801,0.159185142259905,0.0128628106589663,1,0,1
DEUTNP,2022,7,m,40.1631771122204,1738.83682288778,2003,3439,3300,10521,0.000351990290969128,0.00337929606517018,0.023732795116696,0.0623185321994086,0.182338098881382,0.013379717618563,1,0,1
DEUTNP,2022,7,f,29.3309070551564,919.669092944844,1265,2979,5451,10644,0.000271309261449465,0.00184386424081284,0.0134453714711046,0.0412602231713588,0.16104560353048,0.0131893672709994,1,0,1
DEUTNP,2022,7,b,69.4940841673768,2658.50591583262,3268,6418,8751,21165,0.000312737990772016,0.0026235378312072,0.0183099282789923,0.0503828900789326,0.168464044009727,0.0132833075187617,1,0,1
DEUTNP,2022,8,m,33.8876806884359,1670.11231931156,1948,3369,3143,10164,0.000296991808005202,0.00324573526092509,0.0230811207625181,0.0610500537888362,0.173663225692177,0.0129257152243203,1,0,1
DEUTNP,2022,8,f,25.2245800674345,982.775419932566,1147,2914,5142,10211,0.00023332596484654,0.00197038746595364,0.0121911787172782,0.040359949755401,0.151916436131669,0.0126528212330115,1,0,1
DEUTNP,2022,8,b,59.1122607558704,2652.88773924413,3095,6283,8285,20375,0.000266017602509261,0.00261799355209368,0.0173406450500248,0.0493231066322738,0.159493155595999,0.0127874977885551,1,0,1
DEUTNP,2022,9,m,36.3978792579497,1694.60212074205,2013,3386,3278,10408,0.000318991201190772,0.00329332931260465,0.0238512813629102,0.0613581128314038,0.181122511555506,0.0132360137794889,1,0,1
DEUTNP,2022,9,f,30.5041433373626,922.495856662637,1164,2827,5459,10403,0.000282161631907443,0.0018495316798694,0.0123718675038464,0.0391549684140421,0.161281957378993,0.0128907354115189,1,0,1
DEUTNP,2022,9,b,66.9020225953123,2617.09797740469,3177,6213,8737,20811,0.000301073168683673,0.00258267454317349,0.0178000740949689,0.0487735892895619,0.168194532340645,0.0130611345510489,1,0,1
DEUTNP,2022,10,m,38.0713449709589,1727.92865502904,2030,3598,3344,10738,0.000333657463314486,0.0033580968771624,0.0240527079814742,0.0651997903034232,0.184769273533134,0.0136556798582006,1,0,1
DEUTNP,2022,10,f,29.3309070551564,903.669092944844,1183,2980,5417,10513,0.000271309261449465,0.00181178549849201,0.0125738137947168,0.0412740735316043,0.160041099674301,0.013027040409622,1,0,1
DEUTNP,2022,10,b,67.4022520261153,2631.59774797388,3213,6578,8761,21251,0.000303324306301913,0.00259698359413537,0.0180017746512858,0.0516389297194171,0.168656552344785,0.0133372817425563,1,0,1
DEUTNP,2022,11,m,35.5611464014451,1695.43885359855,1985,3544,3378,10638,0.000311658070128915,0.0032949554387669,0.0235195198735105,0.0642212498152673,0.186647908491306,0.0135285083191971,1,0,1
DEUTNP,2022,11,f,29.9175251962595,908.082474803741,1249,3023,5509,10719,0.000276735446678454,0.00182063398220545,0.0132753114366874,0.041869639022161,0.162759168932199,0.0132823024969788,1,0,1
DEUTNP,2022,11,b,65.4786715977046,2603.52132840229,3234,6567,8887,21357,0.000294667789916711,0.00256927647169783,0.0181194333091374,0.0515525769941338,0.171082157366523,0.0134038081114195,1,0,1
DEUTNP,2022,12,m,36.3978792579497,1745.60212074205,2052,3434,3319,10587,0.000318991201190772,0.0033924439029188,0.0243133777231454,0.0622279265986535,0.183387924299184,0.0134636508343053,1,0,1
DEUTNP,2022,12,f,32.263997760672,917.736002239328,1256,2950,5493,10649,0.000298440187594411,0.00183998854589877,0.0133497127017449,0.0408585627242392,0.162286461235173,0.0131955629527314,1,0,1
DEUTNP,2022,12,b,68.6618770186217,2663.33812298138,3308,6384,8812,21236,0.000308992883620436,0.00262830647896062,0.0185340400082333,0.0501159816553297,0.169638344853584,0.0133278676337549,1,0,1
DEUTNP,2022,13,m,37.6529785427066,1696.34702145729,2031,3390,3208,10363,0.000329990897783557,0.00329672039337975,0.0240645566060957,0.0614305973120079,0.177254733700446,0.0131787865869373,1,0,1
DEUTNP,2022,13,f,28.7442889140532,973.255711085947,1190,2952,5376,10520,0.000265883076220475,0.0019513011980124,0.0126482150597743,0.0408862634447302,0.158829786200672,0.0130357143640468,1,0,1
DEUTNP,2022,13,b,66.3972674567598,2669.60273254324,3221,6342,8584,20883,0.000298801664428972,0.0026344886883307,0.018046596997134,0.0497862712497025,0.165249154814249,0.0131063222732955,1,0,1
DEUTNP,2022,14,m,38.0713449709589,1828.92865502904,1992,3450,3330,10639,0.000333657463314486,0.00355438263445121,0.0236024602458604,0.06251786452107,0.183995717962122,0.0135297800345871,1,0,1
DEUTNP,2022,14,f,26.3978163496407,928.602183650359,1195,2876,5288,10314,0.000244178335304518,0.00186177438549226,0.0127013588205296,0.0398336360660718,0.15622989386703,0.0127804522766899,1,0,1
DEUTNP,2022,14,b,64.4691613205996,2757.5308386794,3187,6326,8618,20953,0.000290124781407308,0.00272126025107232,0.0178561020272792,0.049660667285654,0.165903683153448,0.0131502547810354,1,0,1
DEUTNP,2022,15,m,38.0713449709589,1717.92865502904,2009,3266,3088,10119,0.000333657463314486,0.00333866264376747,0.0238038868644245,0.0591835784132796,0.170624257377487,0.0128684880317687,1,0,1
DEUTNP,2022,15,f,34.0238521839814,940.976147816019,1177,2799,5183,10134,0.000314718743281379,0.00188658321098959,0.0125100412818103,0.0387671583271679,0.153127749605298,0.0125574077343393,1,0,1
DEUTNP,2022,15,b,72.0951971549403,2658.90480284506,3186,6065,8271,20253,0.000324443546133281,0.00262393147154528,0.0178504992340481,0.0476117526221138,0.159223643926917,0.0127109297036372,1,0,1
DEUTNP,2022,16,m,25.52035212339,1726.47964787661,1926,3227,2947,9852,0.000223660497386633,0.00335528084284327,0.022820451020847,0.0584768547273893,0.16283344769801,0.0125289400226292,1,0,1
DEUTNP,2022,16,f,22.878107503022,865.121892496978,1142,2762,4935,9727,0.000211621223930582,0.00173450139159474,0.0121380349565229,0.0382546949980843,0.145800780301398,0.0120530792413577,1,0,1
DEUTNP,2022,16,b,48.398459626412,2591.60154037359,3068,5989,7882,19579,0.000217803244713168,0.00255751346803211,0.0171893696327871,0.0470151337928837,0.15173506969314,0.012287922414828,1,0,1
DEUTNP,2022,17,m,35.9795128296974,1733.0204871703,1890,3101,3011,9771,0.000315324635659844,0.00336799246258651,0.022393900534476,0.0561935935883589,0.166369701736922,0.0124259310760364,1,0,1
DEUTNP,2022,17,f,22.2914893619188,826.708510638081,1210,2656,4875,9590,0.000206195038701593,0.00165748558044955,0.0128607901027957,0.0367865568120608,0.144028126437551,0.0118833175619019,1,0,1
DEUTNP,2022,17,b,58.2710021916162,2559.72899780838,3100,5757,7886,19361,0.000262231762084759,0.00252606015408663,0.0173686590161799,0.0451938763141812,0.151812073027163,0.0121511040335811,1,0,1
DEUTNP,2022,18,m,42.6733756817341,1674.32662431827,1906,3031,2904,9558,0.000373989684154698,0.00325392543963485,0.0225834785284187,0.0549251151777864,0.160457527015616,0.0121550556979588,1,0,1
DEUTNP,2022,18,f,25.8111982085376,879.188801791462,1257,2701,4804,9667,0.000238752150075529,0.0017627044390015,0.013360341453896,0.0374098230231085,0.141930486031999,0.0119787310605741,1,0,1
DEUTNP,2022,18,b,68.4845738902717,2553.51542610973,3163,5732,7708,19225,0.000308194982262613,0.00251992831126423,0.0177216349897345,0.0449976201203555,0.148385424663121,0.0120657494471152,1,0,1
DEUTNP,2022,19,m,35.1427799731928,1785.85722002681,1884,3043,2898,9646,0.000307991504597987,0.0034706766024024,0.0223228087867475,0.0551425686195989,0.160126003199468,0.0122669666522819,1,0,1
DEUTNP,2022,19,f,35.7837066072908,939.216293392709,1161,2715,4768,9619,0.000330997298968347,0.00188305484120413,0.0123399812473932,0.0376037280665455,0.140866893713691,0.0119192525159473,1,0,1
DEUTNP,2022,19,b,70.9264865804836,2725.07351341952,3045,5758,7666,19265,0.0003191841028119,0.00268922984624532,0.0170605053884735,0.0452017265619342,0.147576889655875,0.0120908537372523,1,0,1
DEUTNP,2022,20,m,32.632581403679,1693.36741859632,1798,3126,2727,9377,0.000285992111412416,0.00329092976363731,0.0213038270693057,0.0566466215921347,0.150677574439251,0.0119248752123624,1,0,1
DEUTNP,2022,20,f,34.0238521839814,888.976147816019,1149,2590,4526,9188,0.000314718743281379,0.00178232729844691,0.0122124362215804,0.0358724330358574,0.133717189796176,0.0113851847506522,1,0,1
DEUTNP,2022,20,b,66.6564335876604,2582.34356641234,2947,5716,7253,18565,0.000299967966511013,0.00254837726683616,0.016511431651833,0.0448720161563071,0.139626295417958,0.011651528659854,1,0,1
DEUTNP,2022,21,m,38.4897113992112,1514.51028860079,1752,2826,2538,8669,0.000337324028845414,0.00294333464276924,0.0207587903367206,0.0512102855468243,0.14023457423059,0.0110245007162173,1,0,1
DEUTNP,2022,21,f,26.9844344907438,838.015565509256,1041,2399,4258,8563,0.000249604520533507,0.00168015533667579,0.0110645309892647,0.033227014228966,0.125799335870993,0.0106107245341571,1,0,1
DEUTNP,2022,21,b,65.474145889955,2352.52585411005,2793,5225,6796,17232,0.00029464742328025,0.00232158241228428,0.015648601494255,0.0410175445095704,0.130828664505782,0.0108149281910372,1,0,1
DEUTNP,2022,22,m,30.5407492624176,1597.45925073758,1826,2945,2730,9129,0.000267659283757774,0.00310453959177262,0.0216355885587054,0.0533666988447974,0.150843336347325,0.0116094897956336,1,0,1
DEUTNP,2022,22,f,26.9844344907438,877.015565509256,1125,2491,4455,8975,0.000249604520533507,0.00175834727108281,0.0119573461699547,0.0345012473715525,0.131619549390624,0.0111212487088707,1,0,1
DEUTNP,2022,22,b,57.5251837531614,2474.47481624684,2951,5436,7185,18104,0.00025887542229386,0.00244192734502901,0.0165338428247571,0.0426739467854593,0.138317238739559,0.0113622017160246,1,0,1
DEUTNP,2022,23,m,33.0509478319313,1653.94905216807,1769,2875,2668,8999,0.000289658676943345,0.00321432319031596,0.0209602169552847,0.052098220434225,0.147417590247129,0.011444166794929,1,0,1
DEUTNP,2022,23,f,30.5041433373626,881.495856662637,1106,2447,4496,8961,0.000282161631907443,0.00176732990267228,0.0117553998790843,0.0338918315207502,0.132830862864252,0.0111039008000212,1,0,1
DEUTNP,2022,23,b,63.5550911692939,2535.44490883071,2875,5322,7164,17960,0.000286011273531508,0.00250209548063983,0.0161080305391991,0.0417790185416141,0.137912971235937,0.0112718262715313,1,0,1
DEUTNP,2022,24,m,46.4386735360048,1702.561326464,1865,3028,2688,9330,0.000406988773933054,0.0033087974187685,0.0220976849189406,0.0548707518173333,0.148522669634289,0.0118651045890307,1,0,1
DEUTNP,2022,24,f,34.0238521839814,870.976147816019,1164,2584,4514,9167,0.000314718743281379,0.00174623871333598,0.0123718675038464,0.0357893308743844,0.133362659023406,0.011359162887378,1,0,1
DEUTNP,2022,24,b,80.4625257199862,2573.53747428002,3029,5612,7202,18497,0.000362098284013691,0.00253968700373889,0.0169708606967771,0.0440555903899922,0.138644502909159,0.0116088513666211,1,0,1
DEUTNP,2022,25,m,42.2550092534818,1694.74499074652,1899,3066,2781,9483,0.00037032311862377,0.00329360696950584,0.0225005381560688,0.0555593543830727,0.153661288784583,0.0120596770437062,1,0,1
DEUTNP,2022,25,f,42.8231243005283,941.176875699472,1151,2651,4790,9576,0.000396111521716218,0.00188698565461771,0.0122336937258825,0.0367173050108332,0.141516866797102,0.0118659696530524,1,0,1
DEUTNP,2022,25,b,85.0781335540101,2635.92186644599,3050,5717,7571,19059,0.000382869489757299,0.00260125083624706,0.0170885193546286,0.0448798664040601,0.145748060472819,0.0119615666430465,1,0,1
DEUTNP,2022,26,m,41.8366428252295,1660.16335717477,1907,2974,2695,9278,0.000366656553092842,0.00322640021570471,0.0225953271530401,0.0538922113291775,0.148909447419795,0.0117989753887489,1,0,1
DEUTNP,2022,26,f,31.0907614784657,948.909238521534,1138,2552,4614,9284,0.000287587817136432,0.00190248843427397,0.0120955199479186,0.0353461193465283,0.136317082129818,0.0115041418399059,1,0,1
DEUTNP,2022,26,b,72.9274043036952,2609.0725956963,3045,5526,7309,18562,0.00032818865328486,0.00257475472159385,0.0170605053884735,0.0433804690832318,0.140704342094285,0.0116496458380938,1,0,1
DEUTNP,2022,27,m,36.3978792579497,1669.60212074205,1816,2926,2715,9163,0.000318991201190772,0.00324474372911732,0.0215171023124912,0.0530223975619278,0.150014526806955,0.0116527281188948,1,0,1
DEUTNP,2022,27,f,37.5435610306001,871.4564389694,1144,2585,4354,8992,0.000347275854655315,0.00174720165934525,0.012159292460825,0.0358031812346299,0.128635582053148,0.0111423140267594,1,0,1
DEUTNP,2022,27,b,73.9414402885498,2541.05855971145,2960,5511,7069,18155,0.000332752028430724,0.00250763529357352,0.0165842679638363,0.0432627153669364,0.13608414205288,0.0113942096859494,1,0,1
DEUTNP,2022,28,m,35.9795128296974,1727.0204871703,1877,3109,2700,9449,0.000315324635659844,0.00335633192254955,0.0222398684143976,0.0563385625495672,0.149185717266585,0.0120164387204449,1,0,1
DEUTNP,2022,28,f,31.0907614784657,936.909238521534,1185,2682,4735,9570,0.000287587817136432,0.00187842937753335,0.0125950712990189,0.0371466661784439,0.139891934088575,0.0118585348349741,1,0,1
DEUTNP,2022,28,b,67.0702743081631,2663.92972569183,3062,5791,7435,19019,0.000301830336768573,0.00262889030015232,0.0171557528734009,0.0454607847377842,0.143129947116023,0.0119364623529095,1,0,1
DEUTNP,2022,29,m,42.6733756817341,1814.32662431827,2044,3453,3143,10497,0.000373989684154698,0.00352600470716389,0.0242185887261741,0.0625722278815231,0.173663225692177,0.0133491964492021,1,0,1
DEUTNP,2022,29,f,35.7837066072908,965.216293392709,1274,2919,5296,10490,0.000330997298968347,0.00193518279747547,0.0135410302404642,0.0404292015566285,0.156466247715543,0.012998540273655,1,0,1
DEUTNP,2022,29,b,78.4570822890249,2779.54291771098,3318,6372,8439,20987,0.000353073366904269,0.00274298279896621,0.0185900679405435,0.0500217786822933,0.1624577839559,0.0131715934276519,1,0,1
DEUTNP,2022,30,m,37.2346121144543,1717.76538788555,1906,3291,3181,10133,0.000326324332252629,0.00333834534659023,0.0225834785284187,0.0596366064170555,0.175762876527781,0.0128862920472292,1,0,1
DEUTNP,2022,30,f,36.3703247483939,947.629675251606,1239,2867,5074,10164,0.000336423484197336,0.00189992301049777,0.0131690239151767,0.0397089828238623,0.14990742841931,0.0125945818247311,1,0,1
DEUTNP,2022,30,b,73.6049368628482,2665.39506313716,3145,6158,8255,20297,0.000331237692260923,0.00263033636359735,0.0176207847115761,0.0483418256631454,0.158915630590823,0.0127385444227879,1,0,1
DEUTNP,2022,31,m,42.2550092534818,1650.74499074652,1939,3242,3148,10022,0.00037032311862377,0.00320809634256814,0.0229744831409254,0.0587486715296548,0.173939495538967,0.0127451316389353,1,0,1
DEUTNP,2022,31,f,26.9844344907438,870.015565509256,1189,2803,5061,9950,0.000249604520533507,0.00174431282131745,0.0126375863076232,0.03882255976815,0.149523353415476,0.0123294066466032,1,0,1
DEUTNP,2022,31,b,69.2394437442256,2520.76055625578,3128,6045,8209,19972,0.000311592055326434,0.00248760427553185,0.0175255372266486,0.0474547476670532,0.158030092249554,0.0125345720654244,1,0,1
DEUTNP,2022,32,m,39.7448106839681,1726.25518931603,1962,3232,3009,9969,0.0003483237254382,0.0033548446248379,0.023247001507218,0.0585674603281444,0.166259193798206,0.0126777307232634,1,0,1
DEUTNP,2022,32,f,31.6773796195689,941.322620380431,1179,2714,4997,9863,0.000293014002365422,0.00188727786124678,0.0125312987861125,0.0375898777063,0.147632522627373,0.012221601784467,1,0,1
DEUTNP,2022,32,b,71.422190303537,2667.57780969646,3141,5946,8006,19832,0.000321414873793679,0.0026324903998702,0.017598373538652,0.0466775731395035,0.154122173047865,0.0124467070499448,1,0,1
DEUTNP,2022,33,m,39.7448106839681,1710.25518931603,1927,3122,3004,9803,0.0003483237254382,0.00332374985140601,0.0228322996454684,0.0565741371115306,0.165982923951416,0.0124666259685175,1,0,1
DEUTNP,2022,33,f,25.8111982085376,953.188801791462,1133,2788,5229,10129,0.000238752150075529,0.00191106862223532,0.0120423761871632,0.0386148043644674,0.154486784234247,0.0125512120526074,1,0,1
DEUTNP,2022,33,b,65.5560088925057,2663.44399110749,3060,5910,8233,19932,0.00029501582400447,0.00262841095457315,0.0171445472869389,0.0463949642203945,0.158492112253694,0.0125094677752874,1,0,1
DEUTNP,2022,34,m,41.8366428252295,1670.16335717477,1871,2902,2946,9431,0.000366656553092842,0.00324583444909964,0.0221687766666691,0.0525874906783029,0.162778193728652,0.0119935478434243,1,0,1
DEUTNP,2022,34,f,25.8111982085376,903.188801791462,1113,2670,4849,9561,0.000238752150075529,0.00181082255248274,0.0118298011441418,0.0369804618554978,0.143259976429884,0.0118473826078566,1,0,1
DEUTNP,2022,34,b,67.6478410337671,2573.35215896623,2984,5572,7795,18992,0.000304429508474572,0.00253950412593014,0.0167187350013809,0.0437415804798711,0.15006024717813,0.0119195169570669,1,0,1
DEUTNP,2022,35,m,40.1631771122204,1630.83682288778,1790,2984,2641,9086,0.000351990290969128,0.00316940634450493,0.0212090380723344,0.0540734225306878,0.145925733074464,0.0115548060338621,1,0,1
DEUTNP,2022,35,f,23.4647256441251,865.535274355875,1093,2600,4626,9208,0.000217047409159572,0.00173533018972797,0.0116172261011204,0.0360109366383125,0.136671612902587,0.0114099674775801,1,0,1
DEUTNP,2022,35,b,63.6279027563455,2496.37209724365,2883,5584,7267,18294,0.000286338940982807,0.00246353660485935,0.0161528528850473,0.0438357834529074,0.139895807087039,0.0114814470941756,1,0,1
DEUTNP,2022,36,m,42.6733756817341,1601.32662431827,1866,2941,2814,9265,0.000373989684154698,0.00311205553585186,0.022109533543562,0.0532942143641933,0.155484669773397,0.0117824430886784,1,0,1
DEUTNP,2022,36,f,33.4372340428782,905.562765957122,1140,2691,4742,9512,0.00030929255805239,0.00181558216402956,0.0121167774522207,0.0372713194206534,0.140098743706024,0.0117866649268833,1,0,1
DEUTNP,2022,36,b,76.1106097246123,2506.88939027539,3006,5632,7556,18777,0.000342513746988585,0.00247391556094379,0.0168419964524635,0.0442125953450527,0.145459297970231,0.0117845813975804,1,0,1
DEUTNP,2022,37,m,44.3468413947433,1629.65315860526,1895,2912,2683,9164,0.000388655946278412,0.00316710598371215,0.0224531436575831,0.0527687018798133,0.148246399787499,0.0116539998342848,1,0,1
DEUTNP,2022,37,f,32.263997760672,871.736002239328,1116,2501,4591,9112,0.000298440187594411,0.0017477621617264,0.011861687400595,0.0346397509740075,0.135637564815343,0.0112910103883264,1,0,1
DEUTNP,2022,37,b,76.6108391554153,2501.38916084459,3011,5413,7274,18276,0.000344764884606825,0.00246848767759544,0.0168700104186186,0.0424933910871396,0.14003056292158,0.0114701501636139,1,0,1
DEUTNP,2022,38,m,36.816245686202,1699.1837543138,1876,3035,2893,9540,0.000322657766721701,0.00330223336622099,0.0222280197897762,0.0549975996583906,0.159849733352678,0.0121321648209382,1,0,1
DEUTNP,2022,38,f,33.4372340428782,823.562765957122,1206,2748,4770,9581,0.00030929255805239,0.00165117860963533,0.0128182750941914,0.0380607899546472,0.140925982175819,0.0118721653347844,1,0,1
DEUTNP,2022,38,b,70.2534797290802,2522.74652027092,3082,5783,7663,19121,0.000316155430472298,0.00248956411759732,0.0172678087380215,0.0453979827557599,0.147519137155358,0.0120004782927589,1,0,1
DEUTNP,2022,39,m,41.8366428252295,1698.16335717477,2005,3212,3151,10108,0.000366656553092842,0.00330025030260545,0.0237564923659388,0.0582050379251237,0.174105257447041,0.0128544991624783,1,0,1
DEUTNP,2022,39,f,31.0907614784657,943.909238521534,1248,2849,5222,10294,0.000287587817136432,0.00189246382729871,0.0132646826845364,0.0394596763394432,0.154279974616798,0.0127556695497621,1,0,1
DEUTNP,2022,39,b,72.9274043036952,2642.0725956963,3253,6061,8373,20402,0.00032818865328486,0.00260732066320573,0.0182258863805269,0.0475803516311017,0.161187228944514,0.0128044431843976,1,0,1
DEUTNP,2022,40,m,33.8876806884359,1775.11231931156,1998,3316,3195,10318,0.000296991808005202,0.00344979471157186,0.0236735519935889,0.0600896344208314,0.176536432098793,0.0131215593943858,1,0,1
DEUTNP,2022,40,f,35.1970884661876,889.802911533812,1267,2912,5205,10309,0.000325571113739357,0.00178398489471337,0.0134666289754067,0.04033224903491,0.153777722688709,0.012774256594958,1,0,1
DEUTNP,2022,40,b,69.0847691546235,2664.91523084537,3265,6228,8400,20627,0.000310895987150917,0.00262986284267621,0.0182931198992992,0.0488913430058573,0.161707001449172,0.0129456548164185,1,0,1
DEUTNP,2022,41,m,41.4182763969772,1758.58172360302,2092,3467,3509,10868,0.000362989987561913,0.00341766876605616,0.024787322708002,0.0628259235636376,0.193886178477203,0.0138210028589053,1,0,1
DEUTNP,2022,41,f,34.6104703250845,954.389529674915,1284,3086,5563,10922,0.000320144928510368,0.00191347598725849,0.0136473177619749,0.0427422117176278,0.164354557409661,0.0135338471752964,1,0,1
DEUTNP,2022,41,b,76.0287467220617,2712.97125327793,3376,6553,9072,21790,0.000342145346264365,0.00267728677057433,0.018915029947943,0.0514426735255914,0.174643561565106,0.0136755620521529,1,0,1
DEUTNP,2022,42,m,36.816245686202,1775.1837543138,2115,3482,3385,10794,0.000322657766721701,0.00344993354002246,0.0250598410742946,0.0630977403659031,0.187034686276811,0.0137268959200426,1,0,1
DEUTNP,2022,42,f,26.3978163496407,995.602183650359,1271,3138,5594,11025,0.000244178335304518,0.00199610411896072,0.013509143984011,0.0434624304503941,0.165270428572649,0.0136614782189749,1,0,1
DEUTNP,2022,42,b,63.2140620358427,2770.78593796416,3386,6620,8979,21819,0.000284476570725247,0.00273434100226526,0.0189710578802533,0.0519686401250442,0.172853234049061,0.0136937626625023,1,0,1
DEUTNP,2022,43,m,35.1427799731928,1684.85722002681,2013,3424,3500,10657,0.000307991504597987,0.0032743908451136,0.0238512813629102,0.0620467153971431,0.193388892752981,0.0135526709116078,1,0,1
DEUTNP,2022,43,f,32.8506159017751,896.149384098225,1308,3093,5462,10792,0.0003038663728234,0.00179670907334087,0.0139024078136006,0.0428391642393463,0.161370590072186,0.0133727594502655,1,0,1
DEUTNP,2022,43,b,67.9933958749679,2581.00660412503,3321,6517,8962,21449,0.000305984577917295,0.00254705788999417,0.0186068763202366,0.0511600646064824,0.172525969879462,0.0134615479787347,1,0,1
DEUTNP,2022,44,m,34.3060471166882,1659.69395288331,1973,3168,3166,10001,0.00030065837353613,0.00322548796444903,0.0233773363780535,0.0574077086384782,0.174934066987411,0.0127184256157445,1,0,1
DEUTNP,2022,44,f,28.1576707729501,896.84232922705,1207,2747,5053,9932,0.000260456890991486,0.00179809837385524,0.0128289038463425,0.0380469395944017,0.149286999566963,0.0123071021923681,1,0,1
DEUTNP,2022,44,b,62.4637178896383,2556.53628211036,3180,5915,8219,19933,0.000281099864297886,0.00252290943308648,0.017816882474662,0.0464342154591596,0.158222600584612,0.0125100953825408,1,0,1
DEUTNP,2022,45,m,39.7448106839681,1649.25518931603,1937,3209,3200,10035,0.0003483237254382,0.00320520102769693,0.0229507858916826,0.0581506745646706,0.176812701945582,0.0127616639390057,1,0,1
DEUTNP,2022,45,f,24.0513437852282,939.948656214772,1239,2859,5091,10153,0.000222473594388561,0.00188452317109502,0.0131690239151767,0.0395981799418982,0.1504096803474,0.0125809513249208,1,0,1
DEUTNP,2022,45,b,63.7961544691963,2589.2038455308,3176,6068,8291,20188,0.000287096109067707,0.00255514731075171,0.0177944713017379,0.0476353033653729,0.159608660597034,0.0126701352321645,1,0,1
DEUTNP,2022,46,m,40.1631771122204,1774.83682288778,1993,3414,3296,10518,0.000351990290969128,0.00344925930539193,0.0236143088704818,0.0618655041956328,0.18211708300395,0.0133759024723928,1,0,1
DEUTNP,2022,46,f,34.0238521839814,920.976147816019,1233,2905,5214,10307,0.000314718743281379,0.00184648478308856,0.0131052514022703,0.0402352965131914,0.154043620768286,0.0127717783222652,1,0,1
DEUTNP,2022,46,b,74.1870292962018,2695.8129707038,3226,6319,8510,20825,0.000333857230603383,0.00266035417577223,0.0180746109632892,0.0496057155513829,0.163824593134816,0.0130699210525968,1,0,1
DEUTNP,2022,47,m,41.4182763969772,1726.58172360302,2052,3495,3396,10711,0.000362989987561913,0.00335547921919238,0.0243133777231454,0.0633333149278666,0.187642479939749,0.0136213435426697,1,0,1
DEUTNP,2022,47,f,31.6773796195689,998.322620380431,1368,2914,5428,10740,0.000293014002365422,0.00200155838076473,0.0145401329426649,0.040359949755401,0.160366086216006,0.0133083243602531,1,0,1
DEUTNP,2022,47,b,73.0956560165461,2724.90434398345,3420,6409,8824,21451,0.000328945821369761,0.00268906290194297,0.0191615528501082,0.0503122378491554,0.169869354855654,0.0134628031932415,1,0,1
DEUTNP,2022,48,m,39.3264442557158,1829.67355574428,2148,3636,3521,11174,0.000344657159907271,0.00355583029188682,0.0254508456868013,0.0658883928691625,0.194549226109499,0.0142101477682561,1,0,1
DEUTNP,2022,48,f,33.4372340428782,968.562765957122,1356,3149,5592,11099,0.00030929255805239,0.00194189221191781,0.014412587916852,0.0436147844130946,0.16521134011052,0.0137531743086079,1,0,1
DEUTNP,2022,48,b,72.763678298594,2798.2363217014,3504,6785,9113,22273,0.000327451851836421,0.00276143032329589,0.0196321874815143,0.0532639310042938,0.175432845738846,0.0139786963555577,1,0,1
DEUTNP,2022,49,m,43.928474966491,1848.07152503351,2218,3780,3930,11820,0.000384989380747484,0.00359158533480277,0.0262802494103004,0.0684978341709115,0.217148099576919,0.015031675910219,1,0,1
DEUTNP,2022,49,f,45.1695968649408,1100.83040313506,1415,3450,6294,12305,0.000417816262632176,0.00220707842756878,0.0150396842937652,0.0477837428469916,0.185951390317528,0.015247572742357,1,0,1
DEUTNP,2022,49,b,89.0980718314318,2948.90192816857,3633,7230,10224,24125,0.000400960057249065,0.00291011418217856,0.0203549478083167,0.0567572912543912,0.196820521763849,0.0151410249889027,1,0,1
DEUTNP,2022,50,m,42.6733756817341,2032.32662431827,2406,4217,4217,12915,0.000373989684154698,0.00394967099517339,0.0285077908391266,0.0764167636769137,0.233005988782663,0.0164242042623078,1,0,1
DEUTNP,2022,50,f,38.1301791717033,1093.8698208283,1604,3610,6716,13062,0.000352702039884304,0.00219312300717994,0.0170485184503176,0.0499998004862723,0.198419055826583,0.0161855989565759,1,0,1
DEUTNP,2022,50,b,80.8035548534374,3126.19644514657,4010,7827,10933,25977,0.000363632986819952,0.00308507669393649,0.0224672008564134,0.0614438891629488,0.210469362719499,0.0163033536222477,1,0,1
DEUTNP,2022,51,m,38.9080778274635,2077.09192217254,2672,4577,4604,13969,0.000340990594376343,0.00403666891982274,0.0316595249884232,0.0829403669312862,0.254389274924207,0.0177645922834052,1,0,1
DEUTNP,2022,51,f,46.9294512882502,1113.07054871175,1631,4038,7884,14713,0.000434094818319143,0.00223161895731404,0.0173354947583965,0.0559277546713484,0.232926717709467,0.0182314130644696,1,0,1
DEUTNP,2022,51,b,85.8375291157137,3190.16247088429,4303,8615,12488,28682,0.000386286929457582,0.00314820135634008,0.0241088192731039,0.0676298843923347,0.240404408821102,0.0180010312427651,1,0,1
DEUTNP,2022,52,m,45.1835742512479,1957.81642574875,2509,4305,4400,13217,0.000395989077340269,0.00380486613624313,0.0297281991751324,0.0780114222502048,0.243117465175176,0.0168082623100985,1,0,1
DEUTNP,2022,52,f,39.3034154539095,1097.69658454609,1546,3851,7540,14074,0.000363554410342282,0.00220079536763155,0.0164320508255555,0.053337737305439,0.222763502223413,0.0174396049391249,1,0,1
DEUTNP,2022,52,b,84.4869897051574,3055.51301029484,4055,8156,11940,27291,0.000380209218141917,0.00301532297841199,0.0227193265518095,0.064026620673695,0.229854952059894,0.0171280295532495,1,0,1
DEUTNP,2023,1,m,32.9454147361125,1952.05458526389,2332,3928,4000,12245,0.000287555617785229,0.00382833865984616,0.0269588346906325,0.0723414955640828,0.207058026115358,0.0156069745719276,1,0,1
DEUTNP,2023,1,f,33.3107916397172,1070.68920836028,1499,3665,6951,13219,0.000306758263550712,0.00216730240225474,0.015575590289738,0.0518261952885785,0.196502919808142,0.016422342107165,1,0,1
DEUTNP,2023,1,b,66.2562063758297,3022.74379362417,3831,7593,10951,25464,0.0002968996177082,0.00301095499908913,0.0209639144943829,0.0607366365657559,0.200231199660254,0.0160198789888814,1,0,1
DEUTNP,2023,2,m,35.512589910355,1805.48741008964,2170,3546,3625,11182,0.000309962549041221,0.00354089342792497,0.0250860511486588,0.0653062482867204,0.187646336167044,0.0142521183881825,1,0,1
DEUTNP,2023,2,f,27.9572715547626,956.042728445237,1363,3182,6002,11531,0.000257457828337205,0.00193523357276644,0.0141624613508425,0.0449961673692379,0.169674942409505,0.0143252913864679,1,0,1
DEUTNP,2023,2,b,63.4698614651176,2761.53013853488,3533,6728,9627,22713,0.000284413772471286,0.00275076008535532,0.0193332054055481,0.0538174754134605,0.176022806970073,0.0142891734006623,1,0,1
DEUTNP,2023,3,m,40.6469402588401,1791.35305974116,2035,3357,3345,10569,0.000354776411553204,0.00351317336298447,0.0235253981970142,0.061825458403418,0.173152274338968,0.0134708137403596,1,0,1
DEUTNP,2023,3,f,28.5521071197576,940.447892880242,1319,2864,5532,10684,0.000262935654472039,0.00190366631280074,0.013705272576494,0.0404993788012248,0.156388167512393,0.0132730390402414,1,0,1
DEUTNP,2023,3,b,69.1990473785977,2731.8009526214,3354,6221,8877,21253,0.000310086735059014,0.00272114684418885,0.0183536855166172,0.0497619670848897,0.162309593588172,0.0133706600750352,1,0,1
DEUTNP,2023,4,m,39.7912152007593,1689.20878479924,2068,3227,3231,10255,0.000347307434467874,0.00331284962224786,0.0239068911407495,0.059431264303792,0.167251120594681,0.0130706022241828,1,0,1
DEUTNP,2023,4,f,32.1211205097273,880.878879490273,1265,2906,5318,10402,0.000295802611281044,0.00178308597556381,0.0131441772625207,0.0410932942724718,0.150338444474133,0.0129227023677078,1,0,1
DEUTNP,2023,4,b,71.9123357104866,2570.08766428951,3333,6133,8549,20657,0.000322245207638932,0.00256006424269643,0.0182387697754577,0.0490580524243094,0.156312348269155,0.0129957053201902,1,0,1
DEUTNP,2023,5,m,30.37823956187,1825.62176043813,2101,3301,3226,10484,0.000265148686529237,0.0035803805982182,0.0242883840844849,0.0607941132528099,0.166992298062037,0.0133624762280187,1,0,1
DEUTNP,2023,5,f,26.7676004247727,936.232399575227,1333,2845,5458,10599,0.000246502176067537,0.00189513325886192,0.0138507417319685,0.0402307027547083,0.154296207209443,0.0131674411070309,1,0,1
DEUTNP,2023,5,b,57.1458399866427,2761.85416001336,3434,6146,8684,21083,0.000256075301827688,0.00275108284313998,0.0187914597686534,0.0491620398173496,0.158780726677897,0.0132637098932841,1,0,1
DEUTNP,2023,6,m,47.0648781944465,1766.93512180555,1996,3289,3230,10329,0.000410793739693184,0.00346528528828702,0.0230745428998724,0.0605731107205367,0.167199356088152,0.0131649195878678,1,0,1
DEUTNP,2023,6,f,42.2333251146414,935.766674885359,1202,2803,5235,10218,0.000388925655573225,0.00189419053315659,0.0124895660628853,0.0396367872834612,0.147992056566771,0.0126941139005229,1,0,1
DEUTNP,2023,6,b,89.2982033090879,2702.70179669091,3198,6092,8465,20547,0.000400152738508873,0.0026921611758689,0.0175000257251466,0.0487300921847208,0.154776468370382,0.0129265022614101,1,0,1
DEUTNP,2023,7,m,38.507627613638,1758.49237238636,2002,3346,3216,10361,0.000336103968839878,0.00344872750130664,0.0231439052532788,0.0616228727488343,0.166474652996748,0.0132057054748667,1,0,1
DEUTNP,2023,7,f,36.2849694646919,914.715030535308,1248,2942,5494,10635,0.000334147394224883,0.00185157753303011,0.0129675361451588,0.0416023646763978,0.155313917627094,0.0132121649375671,1,0,1
DEUTNP,2023,7,b,74.7925970783299,2673.20740292167,3250,6288,8710,20996,0.000335151900397067,0.00266278181115002,0.0177845789889701,0.0502979021105588,0.159256118075136,0.0132089765649762,1,0,1
DEUTNP,2023,8,m,41.502665316921,1748.49733468308,2022,3395,3380,10587,0.000362245388638535,0.00342912539103013,0.0233751130979669,0.0625252997556164,0.174964032067478,0.0134937558017965,1,0,1
DEUTNP,2023,8,f,32.1211205097273,853.878879490273,1303,2845,5280,10314,0.000295802611281044,0.00172843224000361,0.0135390221130945,0.0402307027547083,0.149264194588835,0.0128133774486194,1,0,1
DEUTNP,2023,8,b,73.6237858266483,2602.37621417335,3325,6240,8660,20901,0.000329914359149551,0.00259222686623441,0.018194992350254,0.0499139486593332,0.158341903849676,0.0131492102869388,1,0,1
DEUTNP,2023,9,m,39.7912152007593,1815.20878479924,2099,3295,3269,10518,0.000347307434467874,0.00355995883465516,0.0242652633000161,0.0606836119866733,0.169218171842777,0.0134058112329551,1,0,1
DEUTNP,2023,9,f,29.7417782497475,908.258221750252,1300,2937,5360,10535,0.000273891306741708,0.00183850758044118,0.0135078501512071,0.0415316604536303,0.151525773294726,0.0130879320749666,1,0,1
DEUTNP,2023,9,b,69.5329934505068,2723.46700654949,3399,6232,8629,21053,0.000311583175415447,0.00271284540076507,0.0185999335333875,0.0498499564174622,0.157775091029891,0.0132448363317986,1,0,1
DEUTNP,2023,10,m,41.502665316921,1782.49733468308,2097,3452,3550,10923,0.000362245388638535,0.0034958056546956,0.0242421425155473,0.0635750617839139,0.183763998177381,0.0139220076152851,1,0,1
DEUTNP,2023,10,f,39.2591472896667,1022.74085271033,1332,3060,5558,11012,0.000361536524899054,0.0020702447448385,0.013840351078006,0.0432709843337108,0.157123180591807,0.0136805228295711,1,0,1
DEUTNP,2023,10,b,80.7618126065877,2805.23818739341,3429,6512,9108,21935,0.000361900455820006,0.00279429767146785,0.0187640988779011,0.0520896848829451,0.166533263309798,0.013799719039472,1,0,1
DEUTNP,2023,11,m,39.3633526717189,1851.63664732828,2083,3453,3465,10892,0.000343572945925208,0.00363140058401415,0.0240802970242656,0.0635934786616033,0.179364015122429,0.0138824962872549,1,0,1
DEUTNP,2023,11,f,37.4746405946818,1014.52535940532,1352,3074,5458,10936,0.000345103046494552,0.00205361484118706,0.0140481641572554,0.0434689561574598,0.154296207209443,0.0135861058539947,1,0,1
DEUTNP,2023,11,b,76.8379932664007,2866.1620067336,3435,6527,8923,21828,0.000344317492264119,0.00285498388602327,0.0187969319468038,0.0522096703364532,0.163150670675596,0.0137324033368404,1,0,1
DEUTNP,2023,12,m,41.502665316921,1736.49733468308,2090,3477,3384,10729,0.000362245388638535,0.00340559118032468,0.0241612197699064,0.0640354837261497,0.175171090093593,0.0136747431753542,1,0,1
DEUTNP,2023,12,f,32.7159560747222,901.284043925278,1328,2899,5442,10603,0.000301280437415878,0.0018243903630117,0.0137987884621562,0.0409943083605973,0.153843891468265,0.0131724104215349,1,0,1
DEUTNP,2023,12,b,74.2186213916432,2637.78137860836,3418,6376,8826,21332,0.000332579867205422,0.00262749394943015,0.0187039049182461,0.0510018167711392,0.161377095078203,0.0134203604536137,1,0,1
DEUTNP,2023,13,m,39.7912152007593,1676.20878479924,2048,3407,3262,10433,0.000347307434467874,0.00328735422731695,0.0236756832960614,0.0627463022878895,0.168855820297075,0.0132974737206142,1,0,1
DEUTNP,2023,13,f,32.1211205097273,988.878879490273,1230,2862,5184,10297,0.000295802611281044,0.00200170091780459,0.0127805043738344,0.0404710971121178,0.146550300141765,0.0127922578619773,1,0,1
DEUTNP,2023,13,b,71.9123357104866,2665.08766428951,3278,6269,8446,20730,0.000322245207638932,0.00265469373975034,0.0179377999771828,0.0501459205361153,0.154429066964707,0.0130416309864716,1,0,1
DEUTNP,2023,14,m,36.7961774974763,1722.20382250252,1935,3159,3111,9964,0.000321166014669216,0.00337755896970983,0.0223693589735737,0.0581789166209108,0.16103937981122,0.0126997055642864,1,0,1
DEUTNP,2023,14,f,22.6037514698081,937.396248530192,1290,2730,5030,10010,0.000208157393123698,0.00189748913638106,0.0134039436115824,0.0386045056310557,0.142196761132924,0.0124357095463137,1,0,1
DEUTNP,2023,14,b,59.3999289672844,2659.60007103271,3225,5889,8141,19974,0.000266176063601409,0.00264922754827742,0.0176477745352088,0.0471062890472457,0.148852360189401,0.0125660172370373,1,0,1
DEUTNP,2023,15,m,35.9404524393955,1716.0595475606,1950,3115,3212,10029,0.000313697037583886,0.00336550891461688,0.0225427648570897,0.0573685740025758,0.166267594970633,0.0127825518972529,1,0,1
DEUTNP,2023,15,f,36.2849694646919,926.715030535308,1270,2798,5097,10128,0.000334147394224883,0.00187586808216798,0.0131961305323331,0.0395660830606938,0.144090833299108,0.0125823043241824,1,0,1
DEUTNP,2023,15,b,72.2254219040874,2642.77457809591,3220,5913,8309,20157,0.000323648173131139,0.00263246767528485,0.0176204136444565,0.0472982657728585,0.151924119986947,0.0126811459620988,1,0,1
DEUTNP,2023,16,m,37.6519025555572,1677.34809744444,2034,3192,3122,10063,0.000328634991754547,0.00328958862930458,0.0235138378047798,0.058786673584662,0.161608789383037,0.0128258869021893,1,0,1
DEUTNP,2023,16,f,35.690133899697,922.309866100303,1244,2654,4942,9798,0.000328669568090049,0.00186695109357057,0.0129259735293089,0.0375298014449897,0.139709024556443,0.0121723358776006,1,0,1
DEUTNP,2023,16,b,73.3420364552542,2599.65796354474,3278,5846,8064,19861,0.000328651816585886,0.00258951921686755,0.0179377999771828,0.0467623307471894,0.147444470282192,0.0124949268221086,1,0,1
DEUTNP,2023,17,m,34.6568648522742,1657.34313514773,1930,3072,2920,9614,0.00030249357195589,0.00325035521281745,0.0223115570124016,0.0565766482619303,0.151152359064212,0.0122536099252358,1,0,1
DEUTNP,2023,17,f,33.3107916397172,932.689208360283,1253,2609,4868,9696,0.000306758263550712,0.0018879610871693,0.0130194894149711,0.0368934634400822,0.137617064253494,0.0120456183577481,1,0,1
DEUTNP,2023,17,b,67.9676564919914,2590.03234350801,3183,5681,7788,19310,0.000304568769218818,0.00257993113704747,0.0174179430528898,0.0454424907586013,0.142398007757653,0.0121482824094918,1,0,1
DEUTNP,2023,18,m,40.6469402588401,1715.35305974116,1839,3041,2927,9563,0.000354776411553204,0.00336412336184991,0.0212595613190708,0.056005725053558,0.151514710609914,0.0121886074178313,1,0,1
DEUTNP,2023,18,f,29.1469426847525,846.853057315247,1198,2663,4755,9492,0.000268413480606873,0.00171421048343892,0.0124480034470355,0.0376570690459712,0.134422584331422,0.011792183318043,1,0,1
DEUTNP,2023,18,b,69.7938829435926,2562.20611705641,3037,5704,7682,19055,0.000312752243114885,0.00255221343374196,0.0166190050429238,0.0456264684539802,0.140459873599678,0.0119878571368652,1,0,1
DEUTNP,2023,19,m,37.6519025555572,1590.34809744444,1931,2978,2818,9355,0.000328634991754547,0.00311896560169002,0.022323117404636,0.0548454617591239,0.14587237939827,0.0119234991523384,1,0,1
DEUTNP,2023,19,f,26.1727648597778,887.827235140222,1210,2611,4806,9541,0.000241024349932703,0.00179715092342568,0.0125726912945851,0.0369217451291892,0.135864340756428,0.0118530574207172,1,0,1
DEUTNP,2023,19,b,63.824667415335,2478.17533258466,3141,5589,7624,18896,0.000286003687691947,0.00246851037193557,0.0171881115705708,0.0447065799770854,0.139399385098144,0.0118878272609921,1,0,1
DEUTNP,2023,20,m,38.0797650845976,1682.9202349154,1931,2885,2766,9303,0.000332369480297212,0.00330051661741469,0.022323117404636,0.0531326921340068,0.14318062505877,0.0118572220859651,1,0,1
DEUTNP,2023,20,f,29.1469426847525,898.853057315247,1167,2521,4466,9082,0.000268413480606873,0.001819469529703,0.012125893174199,0.0356490691193742,0.126252631256389,0.0112828285813808,1,0,1
DEUTNP,2023,20,b,67.2267077693501,2581.77329223065,3098,5406,7232,18385,0.000301248515848957,0.00257170429632621,0.0169528079101014,0.0432427574442877,0.132231945570538,0.0115663475970227,1,0,1
DEUTNP,2023,21,m,41.502665316921,1651.49733468308,1818,2951,2836,9298,0.000362245388638535,0.00323889052116102,0.0210167930821483,0.0543482060615092,0.146804140515789,0.0118508492911215,1,0,1
DEUTNP,2023,21,f,26.1727648597778,858.827235140222,1147,2550,4536,9118,0.000241024349932703,0.00173844876300917,0.0119180800949496,0.0360591536114257,0.128231512624044,0.0113275524119169,1,0,1
DEUTNP,2023,21,b,67.6754301766988,2510.3245698233,2965,5501,7372,18416,0.000303259278590839,0.00250053422615199,0.0162250082160912,0.0440026653165051,0.134791745401826,0.0115858502772243,1,0,1
DEUTNP,2023,22,m,38.0797650845976,1613.9202349154,1874,2835,2729,9090,0.000332369480297212,0.00316519490585832,0.021664175047275,0.0522118482495353,0.141265338317203,0.0115857410256286,1,0,1
DEUTNP,2023,22,f,31.5262849447323,841.473715055268,1199,2441,4429,8942,0.00029032478514621,0.00170332155198096,0.0124583941009979,0.0345178015550942,0.125206651104915,0.01110890257374,1,0,1
DEUTNP,2023,22,b,69.6060500293299,2455.39394997067,3073,5276,7158,18032,0.000311910548072442,0.00244581783742026,0.0168160034563401,0.0422028835138849,0.130878908516857,0.0113442686902101,1,0,1
DEUTNP,2023,23,m,35.512589910355,1686.48741008964,1911,2857,2815,9305,0.000309962549041221,0.00330751250509585,0.0220919095599479,0.0526170195587028,0.145717085878683,0.0118597712039026,1,0,1
DEUTNP,2023,23,f,31.5262849447323,843.473715055268,1123,2481,4605,9084,0.00029032478514621,0.00170736997683727,0.0116687043998504,0.0350834353372342,0.130182124257876,0.0112853132386328,1,0,1
DEUTNP,2023,23,b,67.0388748550873,2529.96112514491,3034,5338,7420,18389,0.000300406820806514,0.00252009419829888,0.0166025885084724,0.0426988233883847,0.135669391058267,0.0115688640718874,1,0,1
DEUTNP,2023,24,m,38.0797650845976,1694.9202349154,1861,2864,2676,9134,0.000332369480297212,0.00332405082812015,0.0215138899482277,0.0527459377025288,0.138521819471175,0.0116418216202521,1,0,1
DEUTNP,2023,24,f,23.793422599798,808.206577400202,1184,2368,4339,8723,0.000219113045393366,0.00163598179849042,0.0123025342915609,0.0334855199026886,0.122662375060787,0.0108368326046448,1,0,1
DEUTNP,2023,24,b,61.8731876843956,2503.1268123156,3045,5232,7015,17857,0.000277258943346116,0.00249336454012178,0.0166627824681274,0.0418509261835947,0.128264255832041,0.0112341729148781,1,0,1
DEUTNP,2023,25,m,44.0698404911635,1691.93015950884,1785,2880,2678,9079,0.000384652319894527,0.00331818673939987,0.0206353001384129,0.0530406077455597,0.138625348484232,0.0115717208769727,1,0,1
DEUTNP,2023,25,f,30.9314493797374,864.068550620263,1231,2428,4464,9018,0.000284846959011376,0.00174905829894375,0.0127908950277969,0.0343339705758986,0.126196091788742,0.0112033195493164,1,0,1
DEUTNP,2023,25,b,75.0012898709009,2555.9987101291,3016,5308,7142,18097,0.000336087070303737,0.00254603023589417,0.0165040893017643,0.0424588524813687,0.13058635996471,0.011385161406762,1,0,1
DEUTNP,2023,26,m,39.7912152007593,1506.20878479924,1768,2658,2518,8490,0.000347307434467874,0.00295395290898964,0.020438773470428,0.0489520608985061,0.130343027439618,0.010821005644399,1,0,1
DEUTNP,2023,26,f,29.7417782497475,851.258221750252,1137,2342,4209,8569,0.000273891306741708,0.00172312747203632,0.011814173555325,0.0331178579442976,0.118987309663713,0.01064551399624,1,0,1
DEUTNP,2023,26,b,69.5329934505068,2357.46700654949,2905,5000,6727,17059,0.000311583175415447,0.00234827281211529,0.0158966775270641,0.0399951511693375,0.122998381893391,0.0107321361793641,1,0,1
DEUTNP,2023,27,m,41.502665316921,1598.49733468308,1760,2746,2562,8708,0.000362245388638535,0.00313494775721192,0.0203462903325528,0.050572746135176,0.132620665726887,0.0110988594995791,1,0,1
DEUTNP,2023,27,f,30.9314493797374,857.068550620263,1120,2326,4126,8460,0.000284846959011376,0.00173488881194667,0.011637532437963,0.0328916044314416,0.116640921756351,0.0105101001760054,1,0,1
DEUTNP,2023,27,b,72.4341146966584,2455.56588530334,2880,5072,6688,17168,0.000324583343037809,0.00244598910219981,0.0157598730733028,0.040571081346176,0.122285294797533,0.0108007101194281,1,0,1
DEUTNP,2023,28,m,35.9404524393955,1618.0595475606,1812,2728,2754,8948,0.000313697037583886,0.00317331286052231,0.0209474307287419,0.0502412423367663,0.142559450980424,0.0114047536520709,1,0,1
DEUTNP,2023,28,f,33.3107916397172,816.689208360283,1131,2381,4448,8810,0.000306758263550712,0.00165315244550327,0.0117518296315502,0.0336693508818841,0.125743776047564,0.0109449151951073,1,0,1
DEUTNP,2023,28,b,69.2512440791127,2434.74875592088,2943,5109,7202,17758,0.000310320632851783,0.00242525316026751,0.0161046202967813,0.040867045464829,0.131683417035262,0.011171890161976,1,0,1
DEUTNP,2023,29,m,34.2290023232338,1530.77099767677,1721,2603,2463,8352,0.000298759083413225,0.00300212393342731,0.019895435035411,0.0479391326255874,0.127495979580532,0.0106451165067162,1,0,1
DEUTNP,2023,29,f,23.793422599798,815.206577400202,1109,2290,4189,8427,0.000219113045393366,0.00165015128548751,0.0115232352443759,0.0323825340275156,0.11842191498724,0.0104691033313472,1,0,1
DEUTNP,2023,29,b,58.0224249230318,2345.97757507697,2830,4893,6652,16779,0.000260003352447224,0.00233682818978182,0.0154862641657801,0.0391392549343137,0.121627060555201,0.0105559829388329,1,0,1
DEUTNP,2023,30,m,29.9503770328296,1458.04962296717,1695,2705,2546,8434,0.000261414197986572,0.00285950392049347,0.0195948648373165,0.0498176541499094,0.131792433622426,0.0107496303421509,1,0,1
DEUTNP,2023,30,f,29.1469426847525,834.853057315247,1105,2379,4194,8542,0.000268413480606873,0.00168991993430105,0.011481672628526,0.0336410691927771,0.118563263656358,0.0106119711233379,1,0,1
DEUTNP,2023,30,b,59.0973197175821,2292.90268028242,2800,5084,6740,16976,0.000264820046173518,0.0022839602887229,0.0153220988212666,0.0406670697089824,0.123236077592011,0.0106799193259209,1,0,1
DEUTNP,2023,31,m,32.9454147361125,1489.05458526389,1755,2651,2433,8361,0.000287555617785229,0.00292031036346061,0.0202884883713808,0.0488231427546801,0.125943044384667,0.0106565875374346,1,0,1
DEUTNP,2023,31,f,29.7417782497475,810.258221750252,1123,2319,4242,8524,0.000273891306741708,0.00164013476248195,0.0116687043998504,0.0327926185195671,0.119920210879893,0.0105896092080698,1,0,1
DEUTNP,2023,31,b,62.68719298586,2299.31280701414,2878,4970,6675,16885,0.000280906569372972,0.00229034541576158,0.0157489287170018,0.0397551802623215,0.122047599098913,0.0106226695227483,1,0,1
DEUTNP,2023,32,m,35.0847273813146,1516.91527261869,1807,2689,2714,8762,0.000306228060498555,0.00297495030401116,0.0208896287675698,0.0495229841068785,0.140488870719271,0.0111676856838898,1,0,1
DEUTNP,2023,32,f,25.5779292947828,827.422070705217,1188,2447,4229,8717,0.000235546523797868,0.00167487803885157,0.0123440969074108,0.0346026466224152,0.119552704340186,0.0108293786328888,1,0,1
DEUTNP,2023,32,b,60.6626566760974,2344.33734332391,2995,5136,6943,17479,0.000271834452370147,0.00233519435498346,0.0163891735606048,0.0410830192811435,0.126947787347379,0.0109963660401609,1,0,1
DEUTNP,2023,33,m,36.7961774974763,1568.20382250252,1844,2877,2831,9157,0.000321166014669216,0.0030755365989898,0.0213173632802428,0.0529853571124914,0.146545317983145,0.0116711364765326,1,0,1
DEUTNP,2023,33,f,27.3624359897677,868.637564010232,1241,2535,4669,9341,0.000251980002202371,0.00175830695263214,0.0128948015674215,0.0358470409431232,0.131991387222589,0.0116045916955161,1,0,1
DEUTNP,2023,33,b,64.158613487244,2436.84138651275,3085,5412,7500,18498,0.000287500128048379,0.00242733762953517,0.0168816695941455,0.0432907516256909,0.137132133819003,0.0116374380119513,1,0,1
DEUTNP,2023,34,m,44.0698404911635,1583.93015950884,1849,2836,2746,9059,0.000384652319894527,0.00310637884305076,0.0213751652414148,0.0522302651272247,0.142145334928194,0.0115462296975984,1,0,1
DEUTNP,2023,34,f,24.3882581647929,865.611741835207,1164,2533,4513,9100,0.0002245908715282,0.00175218204578006,0.0120947212123116,0.0358187592540162,0.127581308746101,0.0113051904966489,1,0,1
DEUTNP,2023,34,b,68.4580986559564,2449.54190134405,3013,5369,7259,18159,0.000306766481689153,0.00243998861196476,0.0164876727673129,0.0429467933256346,0.132725621252286,0.0114241667671653,1,0,1
DEUTNP,2023,35,m,37.2240400265167,1488.77595997348,1788,2582,2568,8464,0.000324900503211882,0.00291976392793625,0.0206699813151161,0.0475523781941094,0.13293125276606,0.0107878671112124,1,0,1
DEUTNP,2023,35,f,29.7417782497475,835.258221750252,1048,2329,4066,8308,0.000273891306741708,0.00169074007318583,0.0108894053526654,0.0329340269651021,0.114944737726932,0.0103212662248526,1,0,1
DEUTNP,2023,35,b,66.9658182762642,2324.03418172373,2836,4911,6634,16772,0.000300079448149519,0.00231497037634315,0.0155190972346829,0.0392832374785233,0.121297943434036,0.0105515791078196,1,0,1
DEUTNP,2023,36,m,44.9255655492443,1660.07443445076,1912,2755,2786,9158,0.000392121296979857,0.00325571179392554,0.0221034699521824,0.0507384980343809,0.144215915189347,0.0116724110355013,1,0,1
DEUTNP,2023,36,f,27.3624359897677,847.637564010232,1146,2386,4586,8993,0.000251980002202371,0.00171579849164087,0.0119076894409872,0.0337400551046516,0.129644999315226,0.0111722613336663,1,0,1
DEUTNP,2023,36,b,72.288001539012,2507.71199846099,3058,5141,7372,18151,0.000323928597723818,0.00249793184389901,0.0167339207840833,0.0411230144323128,0.134791745401826,0.0114191338174359,1,0,1
DEUTNP,2023,37,m,38.507627613638,1612.49237238636,1778,2707,2658,8794,0.000336103968839878,0.00316239460439024,0.0205543773927721,0.0498544879052882,0.137590058353656,0.0112084715708887,1,0,1
DEUTNP,2023,37,f,32.7159560747222,878.284043925278,1185,2518,4520,9134,0.000301280437415878,0.00177783347716412,0.0123129249455234,0.0356066465857137,0.127779196882866,0.011347429669933,1,0,1
DEUTNP,2023,37,b,71.2235836883602,2490.77641631164,2963,5225,7178,17928,0.000319158852061839,0.00248106231104524,0.0162140638597903,0.0417949329719577,0.131244594207041,0.0112788403437271,1,0,1
DEUTNP,2023,38,m,36.7961774974763,1537.20382250252,1728,2661,2660,8623,0.000321166014669216,0.0030147398880007,0.0199763577810518,0.0490073115315744,0.137693587366713,0.0109905219872382,1,0,1
DEUTNP,2023,38,f,27.9572715547626,842.042728445237,1125,2482,4292,8769,0.000257457828337205,0.00170447335595673,0.0116894857077754,0.0350975761817877,0.121333697571075,0.0108939797214411,1,0,1
DEUTNP,2023,38,b,64.7534490522389,2379.24655094776,2853,5143,6952,17392,0.00029016563610425,0.00236996741561499,0.0156121242632405,0.0411390124927805,0.127112345907962,0.010941632711853,1,0,1
DEUTNP,2023,39,m,35.0847273813146,1550.91527261869,1809,2687,2737,8819,0.000306228060498555,0.00304163056767662,0.0209127495520386,0.0494861503514996,0.141679454369434,0.0112403355451066,1,0,1
DEUTNP,2023,39,f,27.9572715547626,839.042728445237,1070,2523,4391,8851,0.000257457828337205,0.00169840071867226,0.0111179997398397,0.0356773508084812,0.124132401219616,0.0109958506687735,1,0,1
DEUTNP,2023,39,b,63.0419989360772,2389.95800106393,2879,5210,7128,17670,0.000282496484593632,0.00238063709074352,0.0157544008951523,0.0416749475184497,0.130330379981581,0.0111165277149519,1,0,1
DEUTNP,2023,40,m,41.9305278459614,1543.06947215404,1851,2705,2848,8989,0.0003659798771812,0.00302624350756929,0.0213982860258836,0.0498176541499094,0.147425314594135,0.0114570105697883,1,0,1
DEUTNP,2023,40,f,27.9572715547626,903.042728445237,1130,2547,4619,9227,0.000257457828337205,0.00182795031407421,0.0117414389775877,0.0360167310777652,0.130577900531407,0.0114629662321515,1,0,1
DEUTNP,2023,40,b,69.887799400724,2446.11220059928,2981,5252,7467,18216,0.000313173090636107,0.00243657228715926,0.0163125630664984,0.0420109067882721,0.1365287524302,0.0114600265339877,1,0,1
DEUTNP,2023,41,m,34.6568648522742,1622.34313514773,1817,2975,3016,9465,0.00030249357195589,0.00318171376492653,0.0210052326899139,0.0547902111260556,0.15612175169098,0.0120637006388971,1,0,1
DEUTNP,2023,41,f,31.5262849447323,929.473715055268,1146,2571,4660,9338,0.00029032478514621,0.00188145224565864,0.0119076894409872,0.0363561113470492,0.131736959618176,0.0116008647096381,1,0,1
DEUTNP,2023,41,b,66.1831497970065,2551.816850203,2963,5546,7676,18803,0.000296572245051205,0.00254186468535146,0.0162140638597903,0.0443626216770291,0.140350167892623,0.0118293192203871,1,0,1
DEUTNP,2023,42,m,33.8011397941934,1590.19886020581,1950,3041,3086,9701,0.000295024594870559,0.00311867291997176,0.0225427648570897,0.056005725053558,0.159745267147999,0.0123644965555141,1,0,1
DEUTNP,2023,42,f,32.7159560747222,913.284043925278,1188,2658,4999,9791,0.000301280437415878,0.00184868091214956,0.0123440969074108,0.0375863648232037,0.141320399384391,0.0121636395772186,1,0,1
DEUTNP,2023,42,b,66.5170958689156,2503.48290413109,3138,5699,8085,19492,0.000298068685407638,0.00249371924316814,0.0171716950361195,0.0455864733028109,0.147828440256886,0.0122627820158371,1,0,1
DEUTNP,2023,43,m,37.2240400265167,1612.77595997348,1933,3203,3284,10070,0.000324900503211882,0.00316295077189264,0.0223462381891049,0.0589892592392457,0.169994639440709,0.0128348088149703,1,0,1
DEUTNP,2023,43,f,31.5262849447323,964.473715055268,1248,2817,5160,10221,0.00029032478514621,0.00195229968064408,0.0129675361451588,0.0398347591072103,0.145871826529998,0.0126978408864009,1,0,1
DEUTNP,2023,43,b,68.750324971249,2577.24967502875,3181,6020,8444,20291,0.000308075972317132,0.00256719832137168,0.0174069986965889,0.0481541620078823,0.154392498395689,0.0127654478700673,1,0,1
DEUTNP,2023,44,m,32.9454147361125,1666.05458526389,1942,3104,3387,10132,0.000287555617785229,0.0032674399713661,0.0224502817192145,0.0571659883479921,0.17532638361318,0.0129138314710307,1,0,1
DEUTNP,2023,44,f,37.4746405946818,922.525359405318,1258,2852,5190,10260,0.000345103046494552,0.00186738729779677,0.0130714426847835,0.0403296886665828,0.146719918544707,0.0127462917028151,1,0,1
DEUTNP,2023,44,b,70.4200553307943,2588.57994466921,3200,5956,8577,20392,0.000315558174099298,0.00257848440260917,0.0175109700814475,0.0476422240729148,0.156824308235412,0.0128289888604017,1,0,1
DEUTNP,2023,45,m,38.0797650845976,1661.9202349154,1957,3232,3509,10398,0.000332369480297212,0.00325933174868015,0.0226236876027306,0.0595233486922392,0.181641653409698,0.0132528641567092,1,0,1
DEUTNP,2023,45,f,36.8798050296869,921.120194970313,1228,2817,5220,10223,0.000339625220359717,0.00186454294648383,0.0127597230659095,0.0398347591072103,0.147568010559416,0.0127003255436529,1,0,1
DEUTNP,2023,45,b,74.9595701142845,2583.04042988571,3185,6049,8729,20621,0.000335900120575283,0.00257296649210512,0.0174288874091907,0.0483861338846645,0.159603519480811,0.0129730570464076,1,0,1
DEUTNP,2023,46,m,34.2290023232338,1634.77099767677,2090,3347,3432,10538,0.000298759083413225,0.0032060870928746,0.0241612197699064,0.0616412896265237,0.177655786406978,0.0134313024123294,1,0,1
DEUTNP,2023,46,f,27.9572715547626,939.042728445237,1305,2758,5269,10299,0.000257457828337205,0.0019008219614878,0.0135598034210194,0.0390004492785537,0.148953227516775,0.0127947425192293,1,0,1
DEUTNP,2023,46,b,62.1862738779964,2573.81372612201,3395,6105,8701,20837,0.000278661908838323,0.00256377577277223,0.0185780448207857,0.0488340795777611,0.159091559514553,0.0131089466891031,1,0,1
DEUTNP,2023,47,m,37.2240400265167,1713.77595997348,2034,3384,3451,10620,0.000324900503211882,0.00336103037866357,0.0235138378047798,0.0623227141010326,0.178639312031025,0.0135358162477641,1,0,1
DEUTNP,2023,47,f,36.8798050296869,964.120194970313,1299,2866,5313,10479,0.000339625220359717,0.00195158408089451,0.0134974594972446,0.0405276604903318,0.150197095805015,0.0130183616719103,1,0,1
DEUTNP,2023,47,b,74.1038450562036,2677.89615494379,3333,6250,8764,21099,0.000332065544819974,0.00266745227689386,0.0182387697754577,0.0499939389616719,0.160243469438633,0.013273775792743,1,0,1
DEUTNP,2023,48,m,43.2141154330826,1826.78588456692,2221,3399,3688,11178,0.000377183342809196,0.00358266366009605,0.0256756311526135,0.0625989672663741,0.19090750007836,0.0142470201523077,1,0,1
DEUTNP,2023,48,f,27.3624359897677,971.637564010232,1380,2918,5583,10880,0.000251980002202371,0.00196680083273214,0.0143391024682045,0.0412629844071138,0.157829923937398,0.0135165354509384,1,0,1
DEUTNP,2023,48,b,70.5765514228503,2798.42344857715,3601,6317,9271,22058,0.000316259446213199,0.00278750951034431,0.0197053135197789,0.050529873987341,0.169513601684797,0.0138771006415625,1,0,1
DEUTNP,2023,49,m,47.4927407234869,1827.50725927651,2232,3643,3804,11554,0.000414528228235849,0.00358407840879715,0.025802795467192,0.0670926854225951,0.196912182835706,0.0147262543245449,1,0,1
DEUTNP,2023,49,f,29.7417782497475,1013.25822175025,1370,3093,5946,11452,0.000273891306741708,0.00205104988539749,0.0142351959285798,0.0437376322039763,0.168091837315381,0.0142271474250135,1,0,1
DEUTNP,2023,49,b,77.2345189732344,2840.76548102676,3602,6736,9750,23006,0.000346094357213232,0.00282968640755427,0.0197107856979293,0.0538814676553315,0.178271773964704,0.0144735051845038,1,0,1
DEUTNP,2023,50,m,38.9354901426784,1773.06450985732,2231,3655,3767,11465,0.000339838457382543,0.00347730614744584,0.0257912350749575,0.0673136879548683,0.194996896094139,0.0146128185763292,1,0,1
DEUTNP,2023,50,f,29.7417782497475,949.258221750252,1334,3109,5813,11235,0.000273891306741708,0.00192150028999555,0.013861132385931,0.0439638857168323,0.164331962716836,0.0139575621131703,1,0,1
DEUTNP,2023,50,b,68.6772683924259,2722.32273160757,3565,6764,9580,22700,0.000307748599660138,0.00271170558853091,0.0195083151063626,0.0541054405018798,0.17516344559814,0.0142809948573519,1,0,1
DEUTNP,2023,51,m,41.9305278459614,1783.06947215404,2334,3768,3865,11792,0.0003659798771812,0.00349692772167843,0.0269819554751013,0.0693947951337739,0.200069817733965,0.0150295993590993,1,0,1
DEUTNP,2023,51,f,30.3366138147424,971.663386185258,1413,3116,5845,11376,0.000279369132876542,0.00196685310229975,0.0146819940489659,0.0440628716287068,0.165236594199193,0.0141327304494371,1,0,1
DEUTNP,2023,51,b,72.2671416607038,2754.7328583393,3747,6884,9710,23168,0.000323835122859592,0.0027439893147633,0.0205042515297449,0.0550653241299439,0.177540402584336,0.0145754224165255,1,0,1
DEUTNP,2023,52,m,38.507627613638,1764.49237238636,2065,3544,3624,11036,0.000336103968839878,0.00346049460665937,0.0238722099640463,0.0652694145313415,0.187594571660515,0.01406603277875,1,0,1
DEUTNP,2023,52,f,31.5262849447323,924.473715055268,1345,3001,5792,11094,0.00029032478514621,0.00187133118351786,0.0139754295795181,0.0424366745050543,0.16373829830654,0.0137823937769036,1,0,1
DEUTNP,2023,52,b,70.0339125583703,2688.96608744163,3410,6545,9416,22130,0.000313827835950097,0.00267847903631165,0.0186601274930425,0.0523536528806628,0.172164822938631,0.0139223971891276,1,0,1
DEUTNP,2024,1,m,41.9761395257527,1698.02386047425,2145,3348,3661,10894,0.000364384307434323,0.00336387176566479,0.0242332092041138,0.0623743458175895,0.177130328866388,0.0139160119348713,1,0,1
DEUTNP,2024,1,f,28.9278800533132,988.072119946687,1330,2946,5664,10957,0.00026486562376015,0.00202139274143761,0.0135412546303192,0.0424146792916065,0.152311137816731,0.0136469965874448,1,0,1
DEUTNP,2024,1,b,70.9040195790659,2686.09598042094,3475,6294,9325,21851,0.000315950962696432,0.00270342447083918,0.0186094315720683,0.0511154609305333,0.161177597842522,0.01377980370466,1,0,1
DEUTNP,2024,2,m,41.5388880723594,1800.46111192764,2112,3321,3459,10734,0.000360588637565215,0.00356680517899158,0.0238603906009736,0.0618713268997057,0.167356953714514,0.0137116276949613,1,0,1
DEUTNP,2024,2,f,34.3518575633094,976.648142436691,1346,2993,5354,10704,0.000314527928215178,0.00199802162838738,0.0137041569416614,0.0430913561166932,0.143974899694699,0.0133318838616418,1,0,1
DEUTNP,2024,2,b,75.8907456356688,2777.10925436433,3458,6314,8813,21438,0.000338172000483016,0.00279502488785452,0.0185183926262481,0.0512778869264994,0.152327953864466,0.013519355261567,1,0,1
DEUTNP,2024,3,m,36.7291220850336,1845.27087791497,2184,3425,3545,11036,0.000318836269005033,0.00365557560804121,0.024673813007825,0.0638088812500729,0.171517895610857,0.0140974029477914,1,0,1
DEUTNP,2024,3,f,30.1332083888679,952.866791611132,1311,2915,5570,10779,0.000275901691416823,0.00194936986606161,0.0133478081356004,0.0419683605346344,0.149783375289405,0.0134252967250222,1,0,1
DEUTNP,2024,3,b,66.8623304739015,2798.1376695261,3495,6340,9115,21815,0.000297941044905066,0.00281618896112132,0.0187165362142097,0.0514890407212553,0.157547861054647,0.0137571011769328,1,0,1
DEUTNP,2024,4,m,42.413390979146,1780.58660902085,2192,3372,3606,10993,0.00036817997730343,0.00352743277631752,0.0247641932752529,0.0628214737445973,0.174469261374541,0.0140424746833156,1,0,1
DEUTNP,2024,4,f,33.7491933955321,980.250806604468,1350,3057,5717,11138,0.000309009894386842,0.00200539193977617,0.0137448825194969,0.0440127883891517,0.153736365624691,0.0138724329644027,1,0,1
DEUTNP,2024,4,b,76.1625843746781,2760.83741562532,3542,6429,9323,22131,0.000339383324069437,0.00277864807654426,0.018968232123242,0.0522118364033045,0.161143028920733,0.0139563789203163,1,0,1
DEUTNP,2024,5,m,41.9761395257527,1789.02386047425,2156,3358,3489,10834,0.000364384307434323,0.0035441474012439,0.0243574820718272,0.0625606491205095,0.168808445073703,0.013839367844905,1,0,1
DEUTNP,2024,5,f,41.5838275766377,1046.41617242336,1382,2997,5633,11100,0.000380744334155216,0.00214075269685136,0.0140706871421813,0.0431489456337219,0.151477514004528,0.01382510378029,1,0,1
DEUTNP,2024,5,b,83.5599671023904,2835.44003289761,3538,6355,9122,21934,0.000372346338128864,0.00285373196877768,0.0189468111948137,0.0516108602182299,0.15766885228091,0.0138321456435867,1,0,1
DEUTNP,2024,6,m,40.2271337121797,1828.77286628782,2177,3391,3603,11040,0.000349201627957893,0.00362289220659203,0.0245947302738255,0.0631754500201452,0.174324112238622,0.0141025125537891,1,0,1
DEUTNP,2024,6,f,39.7758350733057,1017.22416492669,1463,2996,5694,11210,0.000364190232670206,0.00208103184159138,0.0148953800933511,0.0431345482544647,0.153117870538218,0.0139621093132478,1,0,1
DEUTNP,2024,6,b,80.0029687854854,2845.99703121451,3640,6387,9297,22250,0.000356496220614969,0.00286435707219787,0.0194930448697348,0.0518707418117757,0.160693632937472,0.0140314233869702,1,0,1
DEUTNP,2024,7,m,38.4781278986067,1812.52187210139,2109,3229,3306,10495,0.000334018948481463,0.00359069815927609,0.0238264980006881,0.0601573365128425,0.159954347782649,0.0134063287365957,1,0,1
DEUTNP,2024,7,f,25.311895046649,1000.68810495335,1353,2868,5470,10717,0.000231757420790131,0.00204720245714939,0.0137754267028736,0.0412916837095477,0.147094266217782,0.0133480754246277,1,0,1
DEUTNP,2024,7,b,63.7900229452557,2813.20997705474,3462,6097,8776,21212,0.000284250727668641,0.00283135850282867,0.0185398135546764,0.0495155648702671,0.151688428811364,0.0133768338375016,1,0,1
DEUTNP,2024,8,m,40.6643851655729,1711.33561483443,1981,3107,3169,10009,0.000352997297827,0.00339024302915879,0.0223804137218412,0.0578844362172194,0.153325870575685,0.0127855116078691,1,0,1
DEUTNP,2024,8,f,32.5438650599773,922.456134940023,1289,2812,5160,10216,0.000297973826730169,0.00188715590473595,0.0131238174575048,0.0404854304711464,0.13875802809575,0.0127240774972471,1,0,1
DEUTNP,2024,8,b,73.2082502255502,2633.79174977445,3270,5919,8329,20225,0.000326218700623751,0.00265078281615194,0.0175116089901189,0.0480699735061688,0.14396227479146,0.0127544062023133,1,0,1
DEUTNP,2024,9,m,40.2271337121797,1713.77286628782,2109,2933,3152,9948,0.000349201627957893,0.0033950713484426,0.0238264980006881,0.0546427587464128,0.152503358805478,0.0127075901164035,1,0,1
DEUTNP,2024,9,f,37.9678425699736,945.032157430026,1265,2671,5051,9970,0.000347636131185197,0.0019333418126981,0.0128794639904916,0.0384553999958863,0.135826899207681,0.0124176833053596,1,0,1
DEUTNP,2024,9,b,78.1949762821533,2658.80502371785,3374,5604,8203,19918,0.000348439738410336,0.00267595745524424,0.0180685531292542,0.0455117640697026,0.141784432718735,0.0125608040908617,1,0,1
DEUTNP,2024,10,m,38.4781278986067,1688.52187210139,1883,3035,2950,9595,0.000334018948481463,0.00334504784266279,0.0212732554458491,0.056543052436196,0.142729983653604,0.012256667387102,1,0,1
DEUTNP,2024,10,f,36.1598500666415,903.840149933358,1242,2571,4985,9738,0.000331082029700188,0.00184907142061022,0.0126452919179372,0.0370156620701698,0.13405208722041,0.0121287261813031,1,0,1
DEUTNP,2024,10,b,74.6379779652482,2592.36202203475,3125,5606,7935,19333,0.00033258962089644,0.00260908581775422,0.0167351003345938,0.0455280066692993,0.137152197198972,0.0121918880152941,1,0,1
DEUTNP,2024,11,m,38.9153793519999,1652.084620648,1960,3002,3074,9727,0.00033781461835057,0.00327286379140437,0.0221431655198429,0.0559282515365603,0.148729481271586,0.0124252843850278,1,0,1
DEUTNP,2024,11,f,26.5172233822038,874.482776617796,1288,2551,4945,9685,0.000242793488446804,0.00178901226082849,0.013113636063046,0.0367277144850265,0.132976443591761,0.0120627144245143,1,0,1
DEUTNP,2024,11,b,65.4326027342037,2526.5673972658,3248,5553,8019,19412,0.000291570124632379,0.00254286673997496,0.0173937938837634,0.0450975777799891,0.138604091914122,0.01224170745114,1,0,1
DEUTNP,2024,12,m,49.4094142334381,1633.59058576656,1832,2861,2857,9233,0.000428910695209151,0.00323622616621016,0.020697081240996,0.0533013749653894,0.138230360440118,0.0117942480443057,1,0,1
DEUTNP,2024,12,f,31.3385367244226,890.661463275577,1192,2471,4935,9520,0.000286937759073496,0.00182211053282284,0.0121362221949928,0.0355759241444534,0.132707532684599,0.0118572061250775,1,0,1
DEUTNP,2024,12,b,80.7479509578607,2524.25204904214,3024,5332,7792,18753,0.000359815889033642,0.00254053645502163,0.0161942218917797,0.0433027705245636,0.134680519291038,0.0118261250685776,1,0,1
DEUTNP,2024,13,m,43.2878938859325,1585.71210611407,1852,2893,3024,9398,0.000375771317041645,0.00314137645906823,0.0209230319095658,0.0538975455347331,0.146310329006271,0.0120050192917129,1,0,1
DEUTNP,2024,13,f,28.3252158855358,931.674784114464,1179,2594,4711,9444,0.000259347589931814,0.0019060153686869,0.0120038640670273,0.0373468017930846,0.126683928364163,0.0117625477568521,1,0,1
DEUTNP,2024,13,b,71.6131097714683,2517.38689022853,3031,5487,7735,18842,0.000319110695110168,0.00253362700782832,0.0162317085165292,0.0445615719933009,0.133695305020044,0.0118822507621255,1,0,1
DEUTNP,2024,14,m,35.8546191782471,1594.14538082175,1963,2931,3060,9584,0.000311244929266817,0.0031580832058588,0.0221770581201284,0.0546054980858288,0.148052118637298,0.0122426159706082,1,0,1
DEUTNP,2024,14,f,37.3651784021962,897.634821597804,1126,2458,4980,9499,0.000342118097356861,0.00183637659256831,0.0114642501607063,0.0353887582141102,0.133917631766829,0.0118310505233311,1,0,1
DEUTNP,2024,14,b,73.2197975804433,2491.78020241955,3089,5389,8040,19083,0.000326270156068968,0.00250785512665038,0.0165423119787392,0.043765684613067,0.138967065592909,0.0120342315727439,1,0,1
DEUTNP,2024,15,m,38.4781278986067,1562.52187210139,1846,2867,2892,9206,0.000334018948481463,0.00309543542416864,0.0208552467089949,0.0534131569471413,0.139923767025838,0.0117597582038209,1,0,1
DEUTNP,2024,15,f,28.9278800533132,787.072119946687,1135,2461,4798,9210,0.00026486562376015,0.00161018799957031,0.0115558827108363,0.0354319503518817,0.129023453256475,0.0114710996231055,1,0,1
DEUTNP,2024,15,b,67.4060079519199,2349.59399204808,2981,5328,7690,18416,0.000300363692077907,0.00236475164734958,0.0159639469111757,0.0432702853253704,0.132917504279785,0.0116136041840199,1,0,1
DEUTNP,2024,16,m,33.6683619112808,1596.33163808872,1823,2784,2859,9096,0.00029226657992128,0.00316241429287354,0.0205954034401396,0.051866839532906,0.13832712653073,0.0116192440388828,1,0,1
DEUTNP,2024,16,f,33.1465292277547,881.853470772245,1172,2387,4591,9065,0.000303491860558505,0.00180409118812781,0.0119325943058151,0.0343665442868515,0.123456997478215,0.0112905014205702,1,0,1
DEUTNP,2024,16,b,66.8148911390355,2478.18510886097,2995,5171,7450,18161,0.000297729653454912,0.00249417232868727,0.0160389201606747,0.0419952412570365,0.128769233665071,0.0114527946126187,1,0,1
DEUTNP,2024,17,m,38.4781278986067,1587.52187210139,1909,2837,2937,9309,0.000334018948481463,0.00314496169767938,0.0215669913149899,0.0528542470383816,0.142101004064622,0.0118913305582629,1,0,1
DEUTNP,2024,17,f,31.3385367244226,866.661463275577,1204,2522,4752,9376,0.000286937759073496,0.00177301145916705,0.0122583989284995,0.0363101904865687,0.127786463083528,0.0116778534273873,1,0,1
DEUTNP,2024,17,b,69.8166646230293,2454.18333537697,3113,5359,7689,18685,0.000311105668350751,0.00247001571542656,0.0166708375493089,0.0435220456191179,0.13290021981889,0.0117832425162039,1,0,1
DEUTNP,2024,18,m,41.5388880723594,1655.46111192764,1852,2796,3098,9443,0.000360588637565215,0.00327955279262926,0.0209230319095658,0.0520904034964099,0.149890674358938,0.0120625023591876,1,0,1
DEUTNP,2024,18,f,34.9545217310868,903.045478268913,1186,2573,4836,9533,0.000320045962043515,0.00184744568550252,0.0120751338282395,0.0370444568286841,0.130045314703692,0.0118733976880635,1,0,1
DEUTNP,2024,18,b,76.4934098034462,2558.50659019655,3038,5369,7934,18976,0.000340857494551227,0.00257501197840919,0.0162691951412787,0.0436032586171009,0.137134912738077,0.0119667546153324,1,0,1
DEUTNP,2024,19,m,48.0976598732583,1541.90234012674,1851,2659,2895,8995,0.000417523685601828,0.00305458708095903,0.0209117343761374,0.049538048246407,0.140068916161757,0.0114902264874396,1,0,1
DEUTNP,2024,19,f,41.5838275766377,829.416172423362,1212,2465,4615,9163,0.000380744334155216,0.00169681523921352,0.0123398500841706,0.0354895398689104,0.124102383655405,0.0114125608953871,1,0,1
DEUTNP,2024,19,b,89.681487449896,2371.3185125501,3063,5124,7510,18158,0.000399624061711283,0.00238661631665794,0.0164030759439554,0.0416135401665161,0.12980630131875,0.0114509027353081,1,0,1
DEUTNP,2024,20,m,38.9153793519999,1593.084620648,1870,2755,2985,9242,0.00033781461835057,0.00315598178591901,0.0211263875112787,0.0513265599544382,0.144423390239325,0.0118057446578006,1,0,1
DEUTNP,2024,20,f,37.3651784021962,890.634821597804,1235,2490,4847,9500,0.000342118097356861,0.00182205602941871,0.012574022156725,0.0358494743503395,0.13034111670157,0.0118322960281761,1,0,1
DEUTNP,2024,20,b,76.2805577541961,2483.7194422458,3105,5245,7832,18742,0.000339909017860177,0.00249974236505656,0.0166279956924524,0.0425962174421111,0.135371897726824,0.0118191881851054,1,0,1
DEUTNP,2024,21,m,33.6683619112808,1499.33163808872,1780,2662,2783,8758,0.00029226657992128,0.00297025235165185,0.0201096095027145,0.049593939237283,0.134650015087451,0.0111874823320729,1,0,1
DEUTNP,2024,21,f,25.9145592144264,826.085440785574,1141,2388,4473,8854,0.000237275454618468,0.00169000124596305,0.0116169710775896,0.0343809416661087,0.1202838487737,0.0110276998982601,1,0,1
DEUTNP,2024,21,b,59.5829211257072,2325.41707887429,2921,5050,7256,17612,0.00026550372463638,0.00234041876454131,0.0156426329847515,0.0410125639814415,0.125416048251511,0.0111065810647784,1,0,1
DEUTNP,2024,22,m,46.7859055130785,1503.21409448692,1790,2643,2773,8756,0.000406136675994506,0.00297794369555068,0.0202225848369994,0.0492399629617351,0.134166184634388,0.011184927529074,1,0,1
DEUTNP,2024,22,f,28.3252158855358,788.674784114464,1141,2355,4474,8787,0.000259347589931814,0.00161346672148777,0.0116169710775896,0.0339058281506223,0.120310739864416,0.0109442510736404,1,0,1
DEUTNP,2024,22,b,75.1111213986143,2291.88887860138,2931,4998,7247,17543,0.000334697965728693,0.0023066742677915,0.0156961853058222,0.0405902563919297,0.125260488103459,0.0110630678866345,1,0,1
DEUTNP,2024,23,m,37.6036249918201,1566.39637500818,1876,2529,2788,8797,0.000326427608743248,0.00310311101179582,0.0211941727118496,0.047116105308448,0.134891930313982,0.011237300990551,1,0,1
DEUTNP,2024,23,f,31.3385367244226,817.661463275577,1119,2326,4380,8674,0.000286937759073496,0.00167276751711979,0.0113929803994941,0.0334883041521645,0.11778297733709,0.0108035090261473,1,0,1
DEUTNP,2024,23,b,68.9421617162427,2384.05783828376,2995,4855,7168,17471,0.00030720885069612,0.00239943782608329,0.0160389201606747,0.039428910520772,0.123895015692783,0.01101766283118,1,0,1
DEUTNP,2024,24,m,42.413390979146,1682.58660902085,1765,2683,2750,8923,0.00036817997730343,0.00333328978415539,0.0199401465012871,0.0499851761734148,0.133053374592343,0.0113982535794801,1,0,1
DEUTNP,2024,24,f,28.9278800533132,888.072119946687,1183,2329,4475,8904,0.00026486562376015,0.00181681326787179,0.0120445896448629,0.033531496289936,0.120337630955132,0.0110899751405137,1,0,1
DEUTNP,2024,24,b,71.3412710324592,2570.65872896754,2948,5012,7225,17827,0.000317899371523748,0.00258724251282269,0.0157872242516424,0.0407039545891059,0.124880229963777,0.0112421656053716,1,0,1
DEUTNP,2024,25,m,39.3526308053932,1579.64736919461,1863,2779,2947,9208,0.000341610288219678,0.00312936190629048,0.0210473047772793,0.051773687881446,0.142584834517685,0.0117623130068198,1,0,1
DEUTNP,2024,25,f,34.9545217310868,841.045478268913,1224,2413,4510,9023,0.000320045962043515,0.00172060641189171,0.0124620268176772,0.0347408761475378,0.1212788191302,0.0112381902170772,1,0,1
DEUTNP,2024,25,b,74.30715253648,2420.69284746352,3087,5192,7457,18231,0.000331115450414649,0.00243630917432546,0.0165316015145251,0.0421657885528009,0.128890224891334,0.0114969384165327,1,0,1
DEUTNP,2024,26,m,49.4094142334381,1680.59058576656,1913,2947,3088,9678,0.000428910695209151,0.00332933556041036,0.0216121814487038,0.0549035833705007,0.149406843905874,0.0123626917115553,1,0,1
DEUTNP,2024,26,f,46.4051409188566,941.594859081143,1154,2542,4812,9496,0.000424888604781907,0.00192630980583107,0.0117493292055552,0.036598138071712,0.129399928526502,0.0118273140087958,1,0,1
DEUTNP,2024,26,b,95.8145551522947,2622.1854448477,3067,5489,7900,19174,0.000426953240738919,0.0026391016368554,0.0164244968723837,0.0445778145928975,0.136547241067659,0.0120916185178322,1,0,1
DEUTNP,2024,27,m,32.7938590044943,1526.20614099551,1787,2630,2688,8664,0.000284675240183065,0.00302349211090892,0.0201886922367139,0.0489977686679392,0.130053625783352,0.0110674065911258,1,0,1
DEUTNP,2024,27,f,36.1598500666415,778.840149933358,1106,2298,4310,8529,0.000331082029700188,0.00159334707865294,0.0112606222715286,0.0330851775329639,0.115900600986954,0.010622910823612,1,0,1
DEUTNP,2024,27,b,68.9537090711358,2305.04629092887,2893,4928,6998,17193,0.000307260306141336,0.00231991656096282,0.0154926864857535,0.0400217654060483,0.120956657340694,0.0108423488670642,1,0,1
DEUTNP,2024,28,m,36.2918706316404,1504.70812936836,1902,2683,2913,9039,0.000315040599135925,0.00298090345475759,0.0214879085809904,0.0499851761734148,0.140939810977271,0.0115464321534148,1,0,1
DEUTNP,2024,28,f,33.1465292277547,869.853470772245,1138,2418,4626,9085,0.000303491860558505,0.00177954165129991,0.011586426894213,0.0348128630438236,0.124398185653283,0.0113154115174716,1,0,1
DEUTNP,2024,28,b,69.4383998593951,2374.56160014061,3040,5101,7539,18124,0.000309420106418806,0.00238988032599236,0.0162799056054928,0.0414267502711551,0.130307550684694,0.0114294614591212,1,0,1
DEUTNP,2024,29,m,36.7291220850336,1560.27087791497,1815,2751,2920,9083,0.000318836269005033,0.00309097609001871,0.0205050231727117,0.0512520386332703,0.141278492294415,0.0116026378193901,1,0,1
DEUTNP,2024,29,f,29.5305442210906,793.469455778909,1171,2338,4682,9014,0.000270383657588487,0.0016232756355381,0.0119224129113562,0.0336610727032505,0.125904086733392,0.0112269806734715,1,0,1
DEUTNP,2024,29,b,66.2596663061242,2353.74033369388,2986,5089,7602,18097,0.000295255550836856,0.00236892473779439,0.015990723071711,0.0413292946735754,0.131396471721056,0.0114124345633258,1,0,1
DEUTNP,2024,30,m,34.5428648180673,1442.45713518193,1758,2563,2653,8451,0.000299857919659495,0.00285758106418188,0.0198610637672877,0.0477495365383757,0.128360219197631,0.0107953200717456,1,0,1
DEUTNP,2024,30,f,24.7092308788717,846.290769121128,1131,2325,4396,8723,0.000226239386961795,0.00173133720030417,0.0115151571330008,0.0334739067729074,0.11821323478855,0.0108645387635558,1,0,1
DEUTNP,2024,30,b,59.252095696939,2288.74790430306,2889,4888,7049,17174,0.000264029554154589,0.00230351303050055,0.0154712655573252,0.0396969134141161,0.12183816484632,0.0108303669774304,1,0,1
DEUTNP,2024,31,m,38.4781278986067,1553.52187210139,1820,2654,2931,8997,0.000334018948481463,0.00307760596570477,0.0205615108398541,0.049444896594947,0.141810705792784,0.0114927812904385,1,0,1
DEUTNP,2024,31,f,31.3385367244226,823.661463275577,1165,2292,4450,8762,0.000286937759073496,0.00168504228553374,0.0118613245446029,0.0329987932574209,0.119665353687227,0.0109131134525136,1,0,1
DEUTNP,2024,31,b,69.8166646230293,2377.18333537697,2985,4946,7381,17759,0.000311105668350751,0.00239251897451636,0.015985367839604,0.0401679488024178,0.127576605863341,0.0111992830529979,1,0,1
DEUTNP,2024,32,m,44.5996482461123,1468.40035175389,1723,2566,2851,8653,0.000387158326648968,0.00290897589776953,0.0194656500972905,0.0478054275292517,0.13794006216828,0.011053355174632,1,0,1
DEUTNP,2024,32,f,28.9278800533132,850.072119946687,1129,2280,4515,8803,0.00026486562376015,0.00173907306791677,0.011494794344083,0.032826024706335,0.121413274583782,0.0109641791511615,1,0,1
DEUTNP,2024,32,b,73.5275282994255,2318.47247170058,2852,4846,7366,17456,0.000327641415660326,0.00233342935645216,0.0152731219693637,0.0393558188225873,0.127317338949921,0.011008203444627,1,0,1
DEUTNP,2024,33,m,41.1016366189662,1626.89836338103,1967,2766,2931,9332,0.000356792967696108,0.00322296853275974,0.0222222482538423,0.0515314935876501,0.141810705792784,0.01192071079275,1,0,1
DEUTNP,2024,33,f,30.1332083888679,845.866791611132,1106,2460,4655,9097,0.000275901691416823,0.00173046982934618,0.0112606222715286,0.0354175529726246,0.125178027284054,0.0113303575756124,1,0,1
DEUTNP,2024,33,b,71.2348450078341,2472.76515499216,3073,5226,7586,18429,0.000317425133178223,0.00248871740971693,0.0164566282650261,0.0424419127459433,0.131119920346742,0.0116218023190325,1,0,1
DEUTNP,2024,34,m,45.0368996995055,1451.96310030049,1784,2628,2717,8626,0.000390953996518076,0.0028764128653197,0.0201547996364284,0.0489605080073552,0.131456734097235,0.0110188653341472,1,0,1
DEUTNP,2024,34,f,21.6959100399849,827.304089960015,1080,2264,4455,8648,0.000198649217820113,0.00169249435202873,0.0109959060155975,0.0325956666382203,0.119799809140808,0.0107711259001755,1,0,1
DEUTNP,2024,34,b,66.7328097394904,2279.2671902605,2864,4892,7172,17274,0.000297363895669109,0.002293971154659,0.0153373847546485,0.0397293986133093,0.123964153536361,0.0108934295544505,1,0,1
DEUTNP,2024,35,m,40.6643851655729,1478.33561483443,1771,2688,2979,8957,0.000352997297827,0.00292865816003865,0.0200079317018581,0.0500783278248748,0.144133091967487,0.011441685230461,1,0,1
DEUTNP,2024,35,f,30.1332083888679,834.866791611132,1138,2393,4618,9014,0.000275901691416823,0.00170796608725394,0.011586426894213,0.0344529285623945,0.124183056927553,0.0112269806734715,1,0,1
DEUTNP,2024,35,b,70.7975935544408,2313.20240644556,2909,5081,7597,17971,0.000315476724350907,0.00232812529305413,0.0155783701994666,0.041264324275189,0.131310049416583,0.0113329757162805,1,0,1
DEUTNP,2024,36,m,45.911402606292,1540.08859739371,1970,2760,2957,9273,0.000398545336256291,0.00305099396421206,0.0222561408541278,0.0514197116058982,0.143068664970748,0.0118453441042832,1,0,1
DEUTNP,2024,36,f,29.5305442210906,859.469455778909,1187,2426,4751,9253,0.000270383657588487,0.00175829808809155,0.0120853152226984,0.034928042077881,0.127759571992812,0.0115246563314435,1,0,1
DEUTNP,2024,36,b,75.4419468273826,2399.55805317262,3157,5186,7708,18526,0.000336172136210484,0.00241503803565854,0.01690646776202,0.042117060754011,0.133228624575888,0.011682973018742,1,0,1
DEUTNP,2024,37,m,41.5388880723594,1425.46111192764,1770,2586,2765,8588,0.000360588637565215,0.0028239110763304,0.0199966341684296,0.0481780341350916,0.133779120271937,0.0109703240771686,1,0,1
DEUTNP,2024,37,f,34.3518575633094,829.648142436691,1091,2379,4566,8900,0.000314527928215178,0.00169728980224562,0.0111079013546453,0.0342513652527942,0.122784720210309,0.0110849931211334,1,0,1
DEUTNP,2024,37,b,75.8907456356688,2255.10925436433,2861,4965,7331,17488,0.000338172000483016,0.00226965737155418,0.0153213190583273,0.0403222534985856,0.126712382818609,0.0110283834692735,1,0,1
DEUTNP,2024,38,m,45.4741511528988,1510.5258488471,1856,2853,3097,9362,0.000394749666387183,0.00299242865340211,0.0209682220432798,0.0531523323230534,0.149842291313631,0.0119590328377331,1,0,1
DEUTNP,2024,38,f,23.503902543317,925.496097456683,1195,2395,4891,9430,0.000215203319305122,0.00189337504404913,0.0121667663783695,0.0344817233209089,0.131524324693084,0.0117451106890211,1,0,1
DEUTNP,2024,38,b,68.9780536962158,2436.02194630378,3051,5248,7988,18792,0.000307368786701058,0.00245173716395157,0.0163388131586706,0.042620581341506,0.138068273626388,0.0118507194736154,1,0,1
DEUTNP,2024,39,m,36.7291220850336,1523.27087791497,1823,2795,3125,9303,0.000318836269005033,0.00301767720522281,0.0205954034401396,0.0520717731661179,0.151197016582208,0.0118836661492663,1,0,1
DEUTNP,2024,39,f,34.9545217310868,879.045478268913,1161,2551,4892,9518,0.000320045962043515,0.00179834661184673,0.0118205989667674,0.0367277144850265,0.131551215783801,0.0118547151153874,1,0,1
DEUTNP,2024,39,b,71.6836438161204,2402.31635618388,2984,5346,8017,18821,0.000319424997450755,0.00241781413298083,0.0159800126074969,0.0434164687217399,0.138569522992332,0.0118690076209513,1,0,1
DEUTNP,2024,40,m,35.4173677248538,1536.58263227515,1866,2754,3233,9425,0.00030744925939771,0.00304404846871681,0.0210811973775647,0.0513079296241462,0.156422385475289,0.0120395091321977,1,0,1
DEUTNP,2024,40,f,26.5172233822038,851.482776617796,1197,2432,4899,9406,0.000242793488446804,0.00174195898190835,0.0121871291672873,0.035014426353424,0.131739453418814,0.0117152185727394,1,0,1
DEUTNP,2024,40,b,61.9345911070576,2388.06540889295,3063,5186,8132,18831,0.000275982854013853,0.00240347125025445,0.0164030759439554,0.042117060754011,0.140557235995216,0.0118753138786533,1,0,1
DEUTNP,2024,41,m,32.356607551101,1591.6433924489,1892,3024,3365,9905,0.000280879570313957,0.00315312663943981,0.0213749332467055,0.0563381188029841,0.162808947455721,0.0126526618519276,1,0,1
DEUTNP,2024,41,f,31.3385367244226,857.661463275577,1230,2524,5242,9885,0.000286937759073496,0.00175459930654612,0.0125231151844305,0.0363389852450831,0.140963097534481,0.0123118153935285,1,0,1
DEUTNP,2024,41,b,63.6951442755236,2449.30485572448,3122,5548,8607,19790,0.000283827944768332,0.00246510576382052,0.0167190346382726,0.0450569712809975,0.14876735492017,0.012480083992276,1,0,1
DEUTNP,2024,42,m,39.7898822587864,1629.21011774121,1907,3032,3449,10057,0.000345405958088785,0.00322754823590902,0.0215443962481329,0.05648716144532,0.166873123261451,0.0128468268798421,1,0,1
DEUTNP,2024,42,f,31.3385367244226,838.661463275577,1262,2626,5248,10006,0.000286937759073496,0.00171572920656862,0.0128489198071149,0.0378075179293139,0.141124444078779,0.0124625214797821,1,0,1
DEUTNP,2024,42,b,71.128418983209,2467.87158101679,3169,5658,8697,20063,0.000316950894832698,0.00248379226641181,0.0169707305473048,0.0459503142588111,0.150322956400688,0.0126522448275408,1,0,1
DEUTNP,2024,43,m,42.8506424325392,1531.14935756746,1909,2920,3316,9719,0.000371975647172538,0.00303328487474754,0.0215669913149899,0.0544005644526169,0.160438178235712,0.0124150651730323,1,0,1
DEUTNP,2024,43,f,24.1065667110943,892.893433288906,1193,2566,5224,9900,0.000220721353133458,0.00182667668532626,0.0121464035894517,0.036943675173884,0.140479057901589,0.0123304979662046,1,0,1
DEUTNP,2024,43,b,66.9572091436335,2424.04279085637,3102,5486,8540,19619,0.000298363827805375,0.00243968072880831,0.0166119299961312,0.0445534506935026,0.147609296040229,0.0123722469855716,1,0,1
DEUTNP,2024,44,m,38.0408764452134,1475.95912355479,1925,2877,3297,9613,0.000330223278612355,0.00292395020975419,0.0217477518498457,0.0535994602500613,0.159518900374892,0.0122796606140919,1,0,1
DEUTNP,2024,44,f,28.9278800533132,810.072119946687,1233,2623,4978,9673,0.00026486562376015,0.00165724127849045,0.0125536593678072,0.0377643257915424,0.133863849585396,0.0120477683663734,1,0,1
DEUTNP,2024,44,b,66.9687564985266,2286.03124350148,3158,5500,8275,19286,0.000298415283250592,0.00230077884402937,0.0169118229941271,0.0446671488906789,0.14302891390315,0.0121622486040947,1,0,1
DEUTNP,2024,45,m,41.9761395257527,1635.02386047425,1903,2907,3365,9852,0.000364384307434323,0.00323906555641771,0.0214992061144189,0.054158370158821,0.162808947455721,0.0125849595724575,1,0,1
DEUTNP,2024,45,f,36.1598500666415,893.840149933358,1260,2511,4934,9635,0.000331082029700188,0.00182861347325364,0.0128285570181971,0.0361518193147399,0.132680641593882,0.0120004391822607,1,0,1
DEUTNP,2024,45,b,78.1359895923942,2528.86401040761,3163,5418,8299,19487,0.000348176891514965,0.00254517816898303,0.0169385991546624,0.0440012023072179,0.143443740964621,0.0122890043839051,1,0,1
DEUTNP,2024,46,m,37.6036249918201,1587.39637500818,1984,2985,3569,10163,0.000326427608743248,0.00314471308154485,0.0224143063221267,0.0556115359215964,0.172679088698208,0.0129822314387825,1,0,1
DEUTNP,2024,46,f,24.7092308788717,833.290769121128,1299,2687,5253,10097,0.000226239386961795,0.00170474186874061,0.0132256314020937,0.0386857580640009,0.14125889953236,0.0125758624206836,1,0,1
DEUTNP,2024,46,b,62.3128558706918,2420.68714412931,3283,5672,8822,20260,0.000277668415945798,0.00243630343419801,0.0175812270075108,0.0460640124559874,0.152483514012518,0.0127764781042704,1,0,1
DEUTNP,2024,47,m,45.0368996995055,1645.96310030049,2016,3174,3627,10508,0.000390953996518076,0.00326073674776309,0.0227758273918384,0.0591326683467829,0.175485305325974,0.0134229349560884,1,0,1
DEUTNP,2024,47,f,29.5305442210906,830.469455778909,1291,2590,5396,10137,0.000270383657588487,0.00169897004075746,0.0131441802464226,0.0372892122760559,0.145104325504781,0.0126256826144865,1,0,1
DEUTNP,2024,47,b,74.5674439205961,2476.4325560794,3307,5764,9023,20645,0.000332275318555853,0.00249240846987111,0.0177097525780805,0.0468111720374315,0.155957690652341,0.0130192690257977,1,0,1
DEUTNP,2024,48,m,30.607601737528,1658.39239826247,2109,3003,3536,10337,0.000265696890837527,0.00328535982017954,0.0238264980006881,0.0559468818668523,0.1710824482031,0.0132044992996846,1,0,1
DEUTNP,2024,48,f,31.9412008922,906.0587991078,1241,2677,5541,10397,0.000292455792901832,0.00185361032141157,0.0126351105234783,0.0385417842714292,0.149003533658634,0.012949513874205,1,0,1
DEUTNP,2024,48,b,62.548802629728,2564.45119737027,3350,5680,9077,20734,0.000278719803527281,0.00258099493531769,0.0179400275586845,0.0461289828543738,0.156891051540651,0.0130753947193456,1,0,1
DEUTNP,2024,49,m,30.607601737528,1606.39239826247,2059,3182,3544,10422,0.000265696890837527,0.00318234517127719,0.0232616213292635,0.0592817109891188,0.17146951256555,0.0133130784271368,1,0,1
DEUTNP,2024,49,f,27.7225517177585,862.277448282241,1282,2673,5554,10399,0.000253829556103477,0.00176404266437263,0.0130525476962926,0.0384841947544006,0.149353117837945,0.0129520048838951,1,0,1
DEUTNP,2024,49,b,58.3301534552865,2468.66984654471,3341,5855,9098,20821,0.000259921345049803,0.00248459568169486,0.0178918304697209,0.0475502103190773,0.157254025219439,0.0131302591613531,1,0,1
DEUTNP,2024,50,m,41.9761395257527,1585.02386047425,2077,2962,3506,10172,0.000364384307434323,0.00314001300939622,0.0234649769309764,0.0551830383248806,0.169630956843911,0.0129937280522774,1,0,1
DEUTNP,2024,50,f,27.7225517177585,935.277448282241,1256,2614,5497,10330,0.000253829556103477,0.00191338568007568,0.0127878314403616,0.0376347493782279,0.14782032566712,0.0128660650495852,1,0,1
DEUTNP,2024,50,b,69.6986912435112,2520.30130875649,3333,5576,9003,20502,0.00031057997456001,0.0025365602277967,0.0178489886128643,0.0452843676753501,0.155612001434448,0.012929089540659,1,0,1
DEUTNP,2024,51,m,39.3526308053932,1556.64736919461,2063,3169,3601,10429,0.000341610288219678,0.00308379773466059,0.0233068114629775,0.059039516695323,0.17422734614801,0.0133220202376329,1,0,1
DEUTNP,2024,51,f,34.3518575633094,959.648142436691,1320,2750,5697,10761,0.000314527928215178,0.00196324311788119,0.0134394406857303,0.0395927929572022,0.153198543810366,0.0134028776378109,1,0,1
DEUTNP,2024,51,b,73.7044883687026,2516.2955116313,3383,5919,9298,21190,0.000328429956346438,0.0025325285885506,0.0181167502182178,0.0480699735061688,0.160710917398367,0.0133629600705572,1,0,1
DEUTNP,2024,52,m,31.0448531909213,1544.95514680908,1983,2879,3546,9984,0.000269492560706635,0.00306063484650802,0.0224030087886982,0.0536367209106452,0.171566278656163,0.0127535765703832,1,0,1
DEUTNP,2024,52,f,31.9412008922,864.0587991078,1232,2596,5515,10239,0.000292455792901832,0.00176768694251392,0.0125434779733483,0.0373755965515989,0.148304365300012,0.0127527241086837,1,0,1
DEUTNP,2024,52,b,62.9860540831213,2409.01394591688,3215,5475,9061,20223,0.000280668212354596,0.00242455493007512,0.0172170712242301,0.0444641163957213,0.156614500166337,0.0127531449507729,1,0,1
DEUTNP,2025,1,m,38.8302720004847,1671.16972799952,2143,3041,3637,10531,0.000334882639742033,0.00334755369914199,0.0236601715076794,0.0570021515135646,0.165198779827386,0.0134820617317942,1,0,1
DEUTNP,2025,1,f,35.3868418916858,961.613158108314,1327,2841,5685,10850,0.000321799001582692,0.00199045522843476,0.0132522237962039,0.0414349670384696,0.145481736141818,0.013548031910104,1,0,1
DEUTNP,2025,1,b,74.2171138921705,2632.78288610783,3470,5882,9322,21381,0.000328514161461121,0.00268013180238313,0.0181953285098904,0.0482470693504076,0.152587111366248,0.013515458462438,1,0,1
DEUTNP,2025,2,m,43.2935216557128,1790.70647834429,2111,3123,3730,10798,0.000373374897183646,0.00358700016833998,0.0233068698332764,0.0585392039384618,0.169422999383049,0.0138238821175495,1,0,1
DEUTNP,2025,2,f,37.2171957826351,915.782804217365,1490,2913,5911,11267,0.000338443777526624,0.00189559039973097,0.014880040283605,0.0424850612400781,0.151265178950622,0.0140687258554048,1,0,1
DEUTNP,2025,2,b,80.5107174383479,2706.48928256165,3601,6036,9641,22065,0.000356372128217214,0.00275516376123447,0.0188822414882177,0.0495102534170453,0.157808661304655,0.0139478317652913,1,0,1
DEUTNP,2025,3,m,35.705997241825,1750.29400275818,2142,3239,3687,10854,0.000307938059532904,0.00350604912556246,0.0236491308303543,0.0607135707834383,0.167469865610001,0.0138955747827267,1,0,1
DEUTNP,2025,3,f,32.9463700370868,923.053629962913,1387,2748,5712,10803,0.000299605966990782,0.00191064037382735,0.013851420049235,0.0400785953613919,0.146172678424286,0.0134893445829358,1,0,1
DEUTNP,2025,3,b,68.6523672789118,2673.34763272109,3529,5987,9399,21657,0.000303882402402768,0.00272142608001897,0.0185047015306638,0.0491083312140242,0.153847485489311,0.0136899248828876,1,0,1
DEUTNP,2025,4,m,38.8302720004847,1772.16972799952,2201,3444,3998,11454,0.000334882639742033,0.00354986883084202,0.024300530792535,0.0645562018456812,0.181596019177864,0.0146637104810532,1,0,1
DEUTNP,2025,4,f,34.1666059643863,995.833394035614,1431,3003,6226,11690,0.000310702484286737,0.00206128812724176,0.0142908306347911,0.0437976789920887,0.159326172246079,0.0145969117999185,1,0,1
DEUTNP,2025,4,b,72.996877964871,2768.00312203513,3632,6447,10224,23144,0.000323112916904186,0.00281778388776655,0.0190447934143868,0.0528814784260588,0.16735149395071,0.0146298943292954,1,0,1
DEUTNP,2025,5,m,41.0618968280987,1802.9381031719,2265,3314,3794,11217,0.00035412876846284,0.0036115015820816,0.0250071341413411,0.0621194114159662,0.172329989184796,0.0143602968802142,1,0,1
DEUTNP,2025,5,f,31.1160161461375,904.883983853862,1313,2941,6141,11331,0.00028296119104685,0.00187303079372581,0.0131124113371633,0.0428934312073703,0.157150983579051,0.0141486405136763,1,0,1
DEUTNP,2025,5,b,72.1779129742362,2707.82208702576,3578,6255,9935,22548,0.000319487855472192,0.0027565205353344,0.0187616384462213,0.0513065995897313,0.162620998865444,0.0142531480010781,1,0,1
DEUTNP,2025,6,m,45.9714714488497,1819.02852855115,2213,3242,3689,11009,0.000396470251648614,0.00364373263683123,0.0244330189204361,0.0607698044087394,0.167560709041305,0.0140940098381277,1,0,1
DEUTNP,2025,6,f,34.776723928036,1021.22327607196,1436,2951,6033,11476,0.000316250742934714,0.00211384296493555,0.014340763655877,0.0430392776242604,0.15438721444918,0.0143296971613229,1,0,1
DEUTNP,2025,6,b,80.7481953768857,2840.25180462311,3649,6193,9722,22485,0.000357423299055757,0.00289133191670052,0.0191339347932537,0.0507980449655006,0.159134509408138,0.0142133241442364,1,0,1
DEUTNP,2025,7,m,45.5251464833269,1790.47485351667,2258,3289,3859,11242,0.000392621025904453,0.00358653619598846,0.0249298494000654,0.0616507978717902,0.175282400702195,0.0143923025343112,1,0,1
DEUTNP,2025,7,f,45.7588472737316,1043.24115272627,1444,2979,6045,11557,0.000416119398598308,0.00215941804607504,0.0144206564896145,0.0434476475915526,0.154694299908055,0.0144308391506979,1,0,1
DEUTNP,2025,7,b,91.2839937570585,2833.71600624294,3702,6268,9904,22799,0.000404058890076105,0.00288467857616679,0.0194118461508975,0.051413232010941,0.162113575517198,0.0144118113037334,1,0,1
DEUTNP,2025,8,m,43.7398466212356,1834.26015337876,2242,3402,3921,11443,0.000377224122927808,0.00367424341092038,0.0247531985628639,0.0637689310914656,0.178098547072637,0.0146496279932505,1,0,1
DEUTNP,2025,8,f,42.7082574554828,1001.29174254452,1466,3049,6440,11999,0.000388378105358421,0.00207258643180067,0.0146403617823925,0.0444685725097831,0.164802529596009,0.014982749759386,1,0,1
DEUTNP,2025,8,b,86.4481040767184,2835.55189592328,3708,6451,10361,23442,0.000382653338715491,0.00288654748314879,0.019443307814027,0.0529142884018156,0.169593977780057,0.014818267493404,1,0,1
DEUTNP,2025,9,m,53.5589958627375,1781.44100413726,2166,3254,3870,11125,0.000461907089299356,0.00356844031057307,0.0239141070861566,0.0609947389099438,0.17578203957437,0.0142425160731375,1,0,1
DEUTNP,2025,9,f,46.3689652373814,1044.63103476262,1431,2897,6227,11646,0.000421667657246286,0.00216229498046683,0.0142908306347911,0.042251706973054,0.159351762700986,0.0145419704723568,1,0,1
DEUTNP,2025,9,b,99.9279611001189,2826.07203889988,3597,6151,10097,22771,0.000442320492211814,0.00287689713696015,0.0188612670461314,0.0504535402200539,0.16527269507241,0.0143941118118037,1,0,1
DEUTNP,2025,10,m,43.2935216557128,1706.70647834429,2124,3212,3716,10802,0.000373374897183646,0.00341873807860925,0.0234503986385026,0.0602074681557282,0.168787095363917,0.013829003022205,1,0,1
DEUTNP,2025,10,f,37.8273137462848,991.172686253715,1406,2837,6019,11291,0.000343992036174602,0.00205164086930392,0.0140411655293615,0.0413766284717135,0.154028948080493,0.0140986938522566,1,0,1
DEUTNP,2025,10,b,81.1208354019976,2697.879164598,3530,6049,9735,22093,0.000359072750495681,0.00274639879580629,0.0185099451411854,0.0496168858382549,0.159347299844499,0.013965531257221,1,0,1
DEUTNP,2025,11,m,45.5251464833269,1726.47485351667,2157,3102,3611,10642,0.000392621025904453,0.00345833650857457,0.0238147409902308,0.058145568561354,0.164017815220427,0.0136241668359846,1,0,1
DEUTNP,2025,11,f,26.8451904005892,935.154809599411,1447,2772,5855,11036,0.000244123380511008,0.0019356887584866,0.014450616302266,0.0404286267619281,0.149832113475874,0.0137802838857058,1,0,1
DEUTNP,2025,11,b,72.3703368839161,2661.62966311608,3604,5874,9466,21678,0.000320339599443608,0.00270949737022544,0.0188979723197824,0.048181449398894,0.154944174661328,0.0137031995018348,1,0,1
DEUTNP,2025,12,m,34.8133473107794,1681.18665268922,2062,3003,3691,10472,0.000300239608044582,0.00336761880248681,0.0227658766443467,0.0562898589264171,0.16765155247261,0.0134065283881255,1,0,1
DEUTNP,2025,12,f,37.8273137462848,929.172686253715,1361,2813,5668,10809,0.000343992036174602,0.00192330628577376,0.0135917683395882,0.0410265970711774,0.145046698408413,0.0134968365821488,1,0,1
DEUTNP,2025,12,b,72.6406610570642,2610.35933894294,3423,5816,9359,21281,0.000321536160646371,0.0026573049820646,0.0179488788153761,0.04770570475042,0.153192745685122,0.0134522459912606,1,0,1
DEUTNP,2025,13,m,39.7229219315303,1606.27707806847,2007,2935,3475,10063,0.000342581091230356,0.00321756592669482,0.0221586393914665,0.0550152300862585,0.157840461891715,0.0128829158870996,1,0,1
DEUTNP,2025,13,f,42.0981394918331,886.901860508167,1286,2617,5589,10421,0.000382829846710444,0.00183580936936197,0.0128427730232993,0.0381680073001319,0.143025052470822,0.0130123539663773,1,0,1
DEUTNP,2025,13,b,81.8210614233634,2493.17893857664,3293,5552,9064,20484,0.000362172226508403,0.00253801716714645,0.0172672094475704,0.0455402463504697,0.148364039629229,0.0129484425959768,1,0,1
DEUTNP,2025,14,m,44.6324965522812,1621.36750344772,2034,2870,3280,9850,0.00038492257441613,0.0032477938613286,0.022456737679244,0.053796834871401,0.148983227339518,0.0126102277141936,1,0,1
DEUTNP,2025,14,f,33.5564880007365,890.443511999263,1283,2556,5295,10058,0.000305154225638759,0.00184314027854131,0.0128128132106478,0.0372783441571025,0.135501458728395,0.0125590880139932,1,0,1
DEUTNP,2025,14,b,78.1889845530177,2511.81101544698,3317,5426,8575,19908,0.000346095224522614,0.00255698433000221,0.0173930561000883,0.0445067321141298,0.140359845523018,0.012584338761995,1,0,1
DEUTNP,2025,15,m,37.0449721383934,1584.95502786161,1891,2800,3304,9617,0.000319485736765388,0.00317485529901446,0.0208779208217554,0.0524847169477083,0.150073348515173,0.0123119350180102,1,0,1
DEUTNP,2025,15,f,46.3689652373814,882.631034762619,1264,2599,5311,10103,0.000421667657246286,0.00182696913317834,0.0126230677305213,0.0379054837497298,0.135910906006895,0.0126152780080904,1,0,1
DEUTNP,2025,15,b,83.4139373757748,2467.58606262423,3155,5399,8615,19720,0.000369222922505263,0.00251196401968928,0.016543591195592,0.0442852647777713,0.141014585327207,0.0124654993161815,1,0,1
DEUTNP,2025,16,m,44.1861715867584,1566.81382841324,1946,2719,3274,9550,0.000381073348671969,0.00313851629747394,0.0214851580746356,0.0509664090645782,0.148710697045604,0.0122261598650304,1,0,1
DEUTNP,2025,16,f,33.5564880007365,884.443511999263,1220,2409,5283,9830,0.000305154225638759,0.00183072080271581,0.0121836571449651,0.0351344018288184,0.135194373269521,0.0122743920439007,1,0,1
DEUTNP,2025,16,b,77.7426595874949,2451.2573404125,3166,5128,8557,19380,0.000344119614530545,0.00249534163585245,0.0166012709113294,0.0420623889202465,0.140065212611133,0.0122505769141784,1,0,1
DEUTNP,2025,17,m,39.7229219315303,1505.27707806847,1869,2552,3019,8985,0.000342581091230356,0.00301525079499478,0.0206350259206033,0.0478360705894827,0.13712815955427,0.0115028320824396,1,0,1
DEUTNP,2025,17,f,34.1666059643863,765.833394035614,1095,2330,4831,9056,0.000310702484286737,0.0015852082205976,0.0109353316178171,0.0339822151353869,0.123627487651913,0.0113079241454287,1,0,1
DEUTNP,2025,17,b,73.8895278959166,2271.11047210408,2964,4882,7850,18041,0.000327064136888324,0.00231195494133967,0.0155420615859698,0.040044575411202,0.128492686572092,0.0114041619251131,1,0,1
DEUTNP,2025,18,m,37.0449721383934,1537.95502786161,1878,2659,3179,9291,0.000319485736765388,0.00308070865356988,0.0207343920165292,0.0498417365585558,0.144395634058636,0.0118945812885861,1,0,1
DEUTNP,2025,18,f,28.6755442915385,867.324455708462,1187,2348,5086,9517,0.00026076815645494,0.00179528585175598,0.0118540992057981,0.034244738685789,0.130153053652997,0.0118835594182912,1,0,1
DEUTNP,2025,18,b,65.7205164299319,2405.27948357007,3065,5007,8265,18808,0.000290904876429701,0.0024485368966622,0.0160716662486496,0.0410698871536027,0.135285612040553,0.0118890015790437,1,0,1
DEUTNP,2025,19,m,39.7229219315303,1490.27707806847,1797,2497,3015,8839,0.000342581091230356,0.00298520399325715,0.0198400971531964,0.0468051207922956,0.13694647269166,0.0113159190625135,1,0,1
DEUTNP,2025,19,f,33.5564880007365,791.443511999263,1143,2214,4684,8866,0.000305154225638759,0.00163821892742056,0.0114146886202419,0.032290396699462,0.1198656907807,0.011070677503685,1,0,1
DEUTNP,2025,19,b,73.2794099322668,2281.72059006773,2940,4711,7699,17705,0.000324363514609856,0.00232275587548865,0.0154162149334518,0.0386419489475978,0.126021043811279,0.0111917680219571,1,0,1
DEUTNP,2025,20,m,39.2765969660075,1563.72340303399,1838,2547,3064,9052,0.000338731865486195,0.00313232580423025,0.0202927649235253,0.0477423478806475,0.139172136758623,0.0115886072354194,1,0,1
DEUTNP,2025,20,f,31.7261341097873,793.273865890213,1144,2242,4738,8949,0.000288509449694827,0.00164200760007069,0.0114246752244591,0.0326987666667542,0.121247575345635,0.0111743168261309,1,0,1
DEUTNP,2025,20,b,71.0027310757948,2356.9972689242,2982,4789,7802,18001,0.000314286037782385,0.00239938635726729,0.0156364465753583,0.0392817434748558,0.127706998807065,0.0113788769366422,1,0,1
DEUTNP,2025,21,m,37.0449721383934,1422.95502786161,1758,2482,3002,8702,0.000319485736765388,0.00285034984024806,0.0194095107375177,0.04652395266579,0.136355990388181,0.0111405280780622,1,0,1
DEUTNP,2025,21,f,35.3868418916858,790.613158108314,1116,2257,4664,8863,0.000321799001582692,0.00163650016740802,0.0111450503063779,0.0329175362920893,0.119353881682575,0.0110669315040785,1,0,1
DEUTNP,2025,21,b,72.4318140300792,2213.56818596992,2874,4739,7666,17565,0.000320611721492845,0.00225337779399351,0.0150701366390274,0.0388716187778956,0.125480883472823,0.0111032705623087,1,0,1
DEUTNP,2025,22,m,42.4008717246672,1521.59912827533,1917,2627,3062,9170,0.000365676445695324,0.00304794582209593,0.0211649784322079,0.0492419112220106,0.139081293327318,0.0117396739227569,1,0,1
DEUTNP,2025,22,f,29.895780218838,865.104219781162,1198,2287,4779,9159,0.000271864673750895,0.00179069015735164,0.0119639518521871,0.0333550755427596,0.12229678399679,0.0114365367985846,1,0,1
DEUTNP,2025,22,b,72.2966519435052,2386.70334805649,3115,4914,7841,18329,0.000320013440891464,0.00242962668123273,0.0163338467747287,0.0403070552172565,0.12834537011615,0.011586213842104,1,0,1
DEUTNP,2025,23,m,38.3839470349619,1469.61605296504,1816,2520,3005,8849,0.000331033413997872,0.00294381747825855,0.0200498700223732,0.0472362452529375,0.136492255535138,0.0113287213241522,1,0,1
DEUTNP,2025,23,f,29.2856622551882,821.714337744812,1123,2346,4558,8878,0.000266316415102917,0.00170087689218135,0.0112149565358982,0.034215569402411,0.116641293462517,0.0110856615021109,1,0,1
DEUTNP,2025,23,b,67.6696092901501,2291.33039070985,2939,4866,7563,17727,0.000299532328684376,0.00233253850224888,0.0154109713229303,0.0399133355081747,0.123794928477036,0.0112056747656161,1,0,1
DEUTNP,2025,24,m,38.8302720004847,1549.16972799952,1808,2424,2862,8682,0.000334882639742033,0.00310317304500926,0.0199615446037725,0.0454367692433017,0.12999695019686,0.0111149235547847,1,0,1
DEUTNP,2025,24,f,32.9463700370868,817.053629962913,1075,2210,4619,8754,0.000299605966990782,0.00169122963424352,0.0107355995334734,0.032232058132706,0.118202311211796,0.0109308268517097,1,0,1
DEUTNP,2025,24,b,71.7766420375715,2366.22335796243,2883,4634,7481,17436,0.000317711672347251,0.00240877837161586,0.0151173291337216,0.038010356914279,0.122452711878449,0.0110217264744899,1,0,1
DEUTNP,2025,25,m,52.220020966169,1535.77997903383,1803,2452,2886,8729,0.000450359412066872,0.00307635176951003,0.019906341217147,0.0459616164127788,0.131087071372515,0.0111750941844869,1,0,1
DEUTNP,2025,25,f,25.6249544732897,766.37504552671,1092,2203,4607,8694,0.000233026863215053,0.00158632939186419,0.0109053718051655,0.0321299656408829,0.117895225752921,0.0108559068595801,1,0,1
DEUTNP,2025,25,b,77.8449754394587,2302.15502456054,2895,4655,7493,17423,0.000344572504767707,0.00234355781021592,0.0151802524599806,0.0381826092870023,0.122649133819705,0.0110135088532368,1,0,1
DEUTNP,2025,26,m,41.9545467591444,1577.04545324086,1867,2583,3025,9094,0.000361827219951163,0.00315901147098388,0.0206129445659531,0.0484171513842609,0.137400689848183,0.0116423767343022,1,0,1
DEUTNP,2025,26,f,29.895780218838,796.104219781162,1121,2199,4529,8675,0.000271864673750895,0.0016478661853584,0.0111949833274639,0.0320716270741269,0.115899170270237,0.0108321821954057,1,0,1
DEUTNP,2025,26,b,71.8503269779824,2373.14967302202,2988,4782,7554,17769,0.000318037830899395,0.00241582925202171,0.0156679082384878,0.0392243260172814,0.123647612021094,0.0112322240035106,1,0,1
DEUTNP,2025,27,m,50.4347211040778,1567.56527889592,1881,2587,3001,9087,0.000434962509090227,0.00314002154305185,0.0207675140485044,0.0484921295513291,0.136310568672528,0.0116334151511551,1,0,1
DEUTNP,2025,27,f,29.2856622551882,828.714337744812,1161,2294,4691,9004,0.000266316415102917,0.00171536628064444,0.0115944474961513,0.0334571680345826,0.120044823965043,0.0112429934855831,1,0,1
DEUTNP,2025,27,b,79.720383359266,2396.27961664073,3042,4881,7692,18091,0.000352873798470237,0.00243937517288246,0.0159510632066532,0.0400363729172627,0.125906464345546,0.0114357681607018,1,0,1
DEUTNP,2025,28,m,42.84719669019,1361.15280330981,1742,2416,2907,8469,0.000369525671439485,0.00272655256104457,0.0192328599003162,0.0452868129091654,0.132040927401213,0.0108422353818788,1,0,1
DEUTNP,2025,28,f,28.6755442915385,816.324455708462,1092,2150,4458,8545,0.00026076815645494,0.00168972030723923,0.0109053718051655,0.0313569796313656,0.114082247971896,0.0106698555457916,1,0,1
DEUTNP,2025,28,b,71.5227409817285,2177.47725901827,2834,4566,7365,17014,0.000316587806326598,0.00221663779480444,0.0148603922181641,0.037452587326413,0.120553966446301,0.0107549698461213,1,0,1
DEUTNP,2025,29,m,41.0618968280987,1504.9381031719,1800,2486,2867,8699,0.00035412876846284,0.0030145717875607,0.0198732191851717,0.0465989308328581,0.130224058775121,0.0111366873995706,1,0,1
DEUTNP,2025,29,f,38.4374317099346,789.562568290065,1166,2316,4574,8884,0.000349540294822579,0.00163432553826631,0.0116443805172372,0.0337780301517408,0.117050740741016,0.0110931535013239,1,0,1
DEUTNP,2025,29,b,79.4993285380333,2294.50067146196,2966,4802,7441,17583,0.000351895322813804,0.0023357657984726,0.015552548807013,0.0393883758960655,0.12179797207426,0.0111146488071207,1,0,1
DEUTNP,2025,30,m,41.5082217936215,1400.49177820638,1782,2531,2881,8636,0.000357977994207001,0.00280535325299649,0.01967448699332,0.0474424352123749,0.130859962794253,0.0110560331512463,1,0,1
DEUTNP,2025,30,f,25.01483650964,765.98516349036,1159,2086,4470,8506,0.000227478604567075,0.00158552237010998,0.0115744742877169,0.0304235625632691,0.11438933343077,0.0106211575509073,1,0,1
DEUTNP,2025,30,b,66.5230583032615,2166.47694169674,2941,4617,7351,17142,0.000294457242679585,0.00220543964381169,0.0154214585439734,0.0378709145173125,0.120324807514834,0.0108358818092284,1,0,1
DEUTNP,2025,31,m,39.2765969660075,1386.72340303399,1722,2436,2765,8349,0.000338731865486195,0.00277777354372622,0.0190120463538143,0.0456617037445062,0.125591043778587,0.0106886082422135,1,0,1
DEUTNP,2025,31,f,27.455308364239,787.544691635761,1088,2097,4284,8284,0.000249671639158985,0.00163014870987848,0.0108654253882968,0.0305839936218482,0.109629508818215,0.0103439535800278,1,0,1
DEUTNP,2025,31,b,66.7319053302465,2174.26809466975,2810,4533,7049,16633,0.000295381681833111,0.00221337091568769,0.0147345455656461,0.0371819050264192,0.115381521993207,0.0105141303309355,1,0,1
DEUTNP,2025,32,m,37.0449721383934,1414.95502786161,1842,2492,2933,8719,0.000319485736765388,0.00283432487932132,0.0203369276328257,0.0467113980834604,0.133221892008173,0.0111622919228482,1,0,1
DEUTNP,2025,32,f,29.895780218838,744.104219781162,1122,2283,4506,8685,0.000271864673750895,0.00154023072820407,0.0112049699316811,0.0332967369760035,0.115310589807394,0.0108446688607607,1,0,1
DEUTNP,2025,32,b,66.9407523572314,2159.05924764277,2964,4775,7439,17404,0.000296306120986637,0.00219788854727453,0.0155420615859698,0.0391669085597069,0.12176523508405,0.0110014984837131,1,0,1
DEUTNP,2025,33,m,48.6494212419865,1545.35057875801,1840,2627,3161,9222,0.000419565606113582,0.00309552283033821,0.0203148462781755,0.0492419112220106,0.143578043176895,0.0118062456832786,1,0,1
DEUTNP,2025,33,f,31.7261341097873,816.273865890213,1165,2320,4825,9158,0.000288509449694827,0.0016896155907351,0.01163439391302,0.0338363687184968,0.123473944922476,0.0114352881320491,1,0,1
DEUTNP,2025,33,b,80.3755553517738,2361.62444464822,3005,4947,7986,18380,0.000355773847615832,0.00240409674978716,0.0157570496173547,0.0405777375172503,0.130718801906335,0.0116184522024045,1,0,1
DEUTNP,2025,34,m,43.2935216557128,1489.70647834429,1720,2435,2802,8490,0.000373374897183646,0.00298406101347154,0.0189899649991641,0.0456429592027392,0.127271647257722,0.0108691201313202,1,0,1
DEUTNP,2025,34,f,26.2350724369395,840.76492756306,1141,2044,4364,8416,0.00023857512186303,0.00174030994879956,0.0113947154118076,0.0298110076123308,0.111676745210712,0.0105087775627129,1,0,1
DEUTNP,2025,34,b,69.5285940926523,2330.47140590735,2861,4479,7166,16906,0.000307760927204796,0.00237238344357006,0.0150019697022468,0.0367389703537021,0.11729663592046,0.0106867003772497,1,0,1
DEUTNP,2025,35,m,44.6324965522812,1517.36750344772,1710,2458,2931,8661,0.00038492257441613,0.00303946936928104,0.0188795582259131,0.0460740836633811,0.133131048576868,0.0110880388053433,1,0,1
DEUTNP,2025,35,f,25.01483650964,777.98516349036,1136,2202,4621,8762,0.000227478604567075,0.00161036132176098,0.0113447823907216,0.0321153809991939,0.118253492121608,0.0109408161839937,1,0,1
DEUTNP,2025,35,b,69.6473330619212,2295.35266693808,2846,4660,7552,17423,0.000308286512624068,0.00233663311654242,0.0149233155444231,0.0382236217566983,0.123614875030884,0.0110135088532368,1,0,1
DEUTNP,2025,36,m,36.1523222073478,1456.84767779265,1787,2423,2907,8610,0.000311787285277066,0.00291824088910412,0.0197296903799455,0.0454180247015347,0.132040927401213,0.0110227472709855,1,0,1
DEUTNP,2025,36,f,29.895780218838,774.104219781162,1095,2162,4452,8513,0.000271864673750895,0.00160232810733156,0.0109353316178171,0.0315319953316336,0.113928705242458,0.0106298982166558,1,0,1
DEUTNP,2025,36,b,66.0481024261858,2230.95189757381,2882,4585,7359,17123,0.000292354901002499,0.00227107414053195,0.0151120855232001,0.0376084347112579,0.120455755475672,0.0108238714397047,1,0,1
DEUTNP,2025,37,m,40.6155718625759,1409.38442813742,1751,2409,2848,8458,0.000350279542718679,0.00282316629895651,0.019332225996242,0.0451556011167962,0.129361046177728,0.0108281528940761,1,0,1
DEUTNP,2025,37,f,24.4047185459902,806.59528145401,1097,2136,4350,8414,0.000221930345919098,0.00166958176649669,0.0109553048262514,0.0311527946477195,0.111318478842025,0.0105062802296419,1,0,1
DEUTNP,2025,37,b,65.0202904085661,2215.97970959143,2848,4545,7198,16872,0.000287805400416979,0.00225583268732493,0.0149338027654663,0.0372803349536897,0.117820427763811,0.0106652081370494,1,0,1
DEUTNP,2025,38,m,35.705997241825,1423.29400275818,1798,2557,3010,8824,0.000307938059532904,0.00285102884768214,0.0198511378305215,0.0479297932983179,0.136719364113399,0.0112967156700553,1,0,1
DEUTNP,2025,38,f,32.9463700370868,816.053629962913,1214,2268,4724,9055,0.000299605966990782,0.00168915972160594,0.012123737519662,0.0330779673506684,0.120889308976948,0.0113066754788932,1,0,1
DEUTNP,2025,38,b,68.6523672789118,2239.34763272109,3012,4825,7734,17879,0.000303882402402768,0.00227962086760593,0.0157937548910058,0.0395770332566672,0.126593941139944,0.0113017577218057,1,0,1
DEUTNP,2025,39,m,41.0618968280987,1448.9381031719,1739,2521,2910,8660,0.00035412876846284,0.00290239706107355,0.0191997378683409,0.0472549897947045,0.13217719254817,0.0110867585791794,1,0,1
DEUTNP,2025,39,f,23.7946005823404,796.20539941766,1171,2226,4553,8770,0.00021638208727112,0.00164807561836665,0.0116943135383231,0.0324654123997301,0.116513341187986,0.0109508055162776,1,0,1
DEUTNP,2025,39,b,64.8564974104391,2245.14350258956,2910,4747,7463,17430,0.00028708038813058,0.00228552097248694,0.0152589066178044,0.0389372387294092,0.122158078966564,0.0110179337262193,1,0,1
DEUTNP,2025,40,m,33.9206973797337,1471.07930262027,1777,2690,3046,9018,0.000292541156556259,0.00294674854307743,0.0196192836066945,0.050422817353334,0.138354545876882,0.0115450795458475,1,0,1
DEUTNP,2025,40,f,29.895780218838,769.104219781162,1158,2276,4873,9106,0.000271864673750895,0.00159197854414365,0.0115644876834997,0.0331946444841805,0.124702286757974,0.0113703574722034,1,0,1
DEUTNP,2025,40,b,63.8164775985717,2240.18352240143,2935,4966,7919,18124,0.000282476851042154,0.00228047179022753,0.0153899968808439,0.0407335849020952,0.129622112734318,0.0114566282761904,1,0,1
DEUTNP,2025,41,m,31.6890725521197,1463.31092744788,1887,2612,3281,9275,0.000273295027835453,0.00293118755450222,0.020833758112455,0.048960743095505,0.14902864905517,0.0118740976699641,1,0,1
DEUTNP,2025,41,f,28.0654263278887,796.934573672111,1206,2438,5012,9481,0.000255219897806962,0.00164958494537094,0.0120438446859246,0.0355573564377996,0.128259359989937,0.0118386074230135,1,0,1
DEUTNP,2025,41,b,59.7544988800084,2260.24550111999,3093,5050,8293,18756,0.000264496934246406,0.00230089457080168,0.0162184873432539,0.0414225943929885,0.135743929903485,0.0118561310940315,1,0,1
DEUTNP,2025,42,m,37.0449721383934,1468.95502786161,1832,2784,3189,9311,0.000319485736765388,0.00294249336557679,0.0202265208595748,0.0521848042794357,0.144849851215159,0.0119201858118637,1,0,1
DEUTNP,2025,42,f,27.455308364239,800.544691635761,1225,2189,4835,9077,0.000249671639158985,0.00165705757416706,0.0122335901660511,0.0319257806572368,0.123729849471538,0.0113341461426741,1,0,1
DEUTNP,2025,42,b,64.5002805026324,2269.49971949737,3057,4973,8024,18388,0.000285503631872766,0.00231031522037757,0.016029717364477,0.0407910023596697,0.131340804720314,0.0116235092000987,1,0,1
DEUTNP,2025,43,m,33.0280474486881,1573.97195255131,1976,2740,3521,9844,0.000284842705067936,0.0031528548799266,0.0218163783943885,0.051360044441686,0.15992986081172,0.0126025463572104,1,0,1
DEUTNP,2025,43,f,32.336252073437,818.663747926563,1232,2410,5219,9712,0.000294057708342805,0.00169456243776448,0.0123034963955714,0.0351489864705074,0.133556584155523,0.0121270493927124,1,0,1
DEUTNP,2025,43,b,65.3642995221251,2392.63570047787,3208,5150,8740,19556,0.000289328120171887,0.00243566572321807,0.0168215025532359,0.0422428437869091,0.143060647215298,0.0123618308634506,1,0,1
DEUTNP,2025,44,m,35.2596722763022,1508.7403277237,1865,2755,3502,9666,0.000304088833788743,0.00302218810004535,0.0205908632113029,0.0516412125681916,0.159066848214327,0.0123746661000402,1,0,1
DEUTNP,2025,44,f,27.455308364239,799.544691635761,1168,2418,5122,9535,0.000249671639158985,0.00165498766152948,0.0116643537256715,0.0352656636040195,0.131074310029621,0.0119060354159301,1,0,1
DEUTNP,2025,44,b,62.7149806405412,2308.28501935946,3033,5173,8624,19201,0.000277601191904491,0.00234979804905055,0.015903870711959,0.0424315011475108,0.14116190178315,0.0121374265907709,1,0,1
DEUTNP,2025,45,m,43.2935216557128,1508.70647834429,1841,2799,3414,9606,0.000373374897183646,0.00302212029567254,0.0203258869555006,0.0524659724059413,0.155069737236925,0.0122978525302075,1,0,1
DEUTNP,2025,45,f,37.2171957826351,846.782804217365,1180,2395,5069,9528,0.000338443777526624,0.00175276642773772,0.0117841929762778,0.0349302168451723,0.129718015919591,0.0118972947501816,1,0,1
DEUTNP,2025,45,b,80.5107174383479,2355.48928256165,3021,5194,8483,19134,0.000356372128217214,0.00239785125073452,0.0158409473857,0.0426037535202341,0.138853943973383,0.012095074235082,1,0,1
DEUTNP,2025,46,m,39.7229219315303,1437.27707806847,1925,2741,3493,9636,0.000342581091230356,0.00287903862711752,0.0212533038508086,0.051378788983453,0.158658052773456,0.0123362593151239,1,0,1
DEUTNP,2025,46,f,22.5743646550409,840.425635344959,1192,2336,5152,9543,0.000205285569975165,0.00173960764354948,0.011904032226884,0.0340697229855209,0.131842023676807,0.011916024748214,1,0,1
DEUTNP,2025,46,b,62.2972865865712,2277.70271341343,3117,5077,8645,19179,0.000275752313597438,0.00231866573989256,0.0163443339957719,0.0416440617293471,0.141505640180349,0.0121235198471118,1,0,1
DEUTNP,2025,47,m,33.4743724142109,1455.52562758579,1821,2718,3443,9471,0.000288691930812098,0.0029155926637406,0.0201050734089987,0.0509476645228111,0.156386966990842,0.0121250219980841,1,0,1
DEUTNP,2025,47,f,34.1666059643863,833.833394035614,1198,2380,5150,9596,0.000310702484286737,0.00172596227995327,0.0119639518521871,0.0347114472198372,0.131790842766995,0.0119822040745952,1,0,1
DEUTNP,2025,47,b,67.6409783785972,2289.3590216214,3019,5098,8593,19067,0.000299405596999359,0.00233053167934826,0.0158304601646568,0.0418163141020704,0.140654478434903,0.0120527218793931,1,0,1
DEUTNP,2025,48,m,38.8302720004847,1590.16972799952,1928,2836,3636,10029,0.000334882639742033,0.00318530096975879,0.0212864258827839,0.0531595204513217,0.165153358111734,0.0128393881975277,1,0,1
DEUTNP,2025,48,f,35.3868418916858,865.613158108314,1290,2510,5327,10028,0.000321799001582692,0.00179174361522676,0.0128827194401681,0.0366074506394082,0.136320353285394,0.0125216280179284,1,0,1
DEUTNP,2025,48,b,74.2171138921705,2455.78288610783,3218,5346,8963,20057,0.000328514161461121,0.00249994857059256,0.0168739386584517,0.0438505325989934,0.146710821623651,0.0126785253440493,1,0,1
DEUTNP,2025,49,m,30.7964226210741,1501.20357737893,1975,2860,3584,9951,0.00026559657634713,0.00300709108382166,0.0218053377170634,0.0536093894537306,0.162791428897815,0.0127395305567453,1,0,1
DEUTNP,2025,49,f,30.5058981824877,891.494101817512,1238,2425,5477,10062,0.000277412932398872,0.00184531490768301,0.0123634160208745,0.0353677560958425,0.140158921521326,0.0125640826801351,1,0,1
DEUTNP,2025,49,b,61.3023208035618,2392.69767919644,3213,5285,9061,20013,0.000271348203376139,0.00243572881658425,0.0168477206058438,0.0433501804687018,0.148314934143914,0.0126507118567313,1,0,1
DEUTNP,2025,50,m,32.5817224831653,1496.41827751683,1924,2778,3646,9877,0.000280993479323775,0.00299750555340757,0.0212422631734835,0.0520723370288334,0.165607575268257,0.0126447938206183,1,0,1
DEUTNP,2025,50,f,30.5058981824877,806.494101817512,1317,2510,5440,10104,0.000277412932398872,0.00166937233348844,0.013152357754032,0.0366074506394082,0.139212074689796,0.0126165266746259,1,0,1
DEUTNP,2025,50,b,63.087620665653,2302.91237933434,3241,5288,9086,19981,0.000279250643344415,0.00234432878553092,0.0169945417004481,0.0433747879505194,0.148724146521533,0.0126304838659545,1,0,1
DEUTNP,2025,51,m,38.8302720004847,1639.16972799952,1954,2831,3572,10035,0.000334882639742033,0.00328345385543504,0.0215734834932364,0.0530657977424865,0.162246368309987,0.012847069554511,1,0,1
DEUTNP,2025,51,f,29.2856622551882,875.714337744812,1157,2433,5480,9975,0.000266316415102917,0.00181265217461085,0.0115545010792825,0.0354844332293546,0.140235692886045,0.0124554486915472,1,0,1
DEUTNP,2025,51,b,68.1159342556729,2514.88406574433,3111,5264,9052,20010,0.000301507938676445,0.00256011264714363,0.0163128723326424,0.0431779280959785,0.148167617687972,0.0126488154825959,1,0,1
DEUTNP,2025,52,m,38.8302720004847,1495.16972799952,1976,2741,3545,9796,0.000334882639742033,0.0029950045587538,0.0218163783943885,0.051378788983453,0.161019981987375,0.0125410955013443,1,0,1
DEUTNP,2025,52,f,21.3541287277414,797.645871272259,1229,2380,5577,10005,0.000194189052679211,0.00165105726926257,0.0122735365829198,0.0347114472198372,0.142717967011947,0.012492908687612,1,0,1
DEUTNP,2025,52,b,60.1844007282261,2292.81559927178,3205,5121,9122,19801,0.000266399849056365,0.00233405042133685,0.0168057717216711,0.0420049714626721,0.149313412345303,0.0125167014178352,1,0,1
DEUTNP,2026,1,m,32.8081341963249,1642.19186580368,2114,3120,4018,10927,0.000280814852380281,0.00332882000771972,0.0227605861566891,0.0585590896760919,0.173957742560302,0.0140195004104925,1,0,1
DEUTNP,2026,1,f,36.4393663460267,868.560633653973,1350,2702,6047,11004,0.000328802209104261,0.00182064418795925,0.0132024006695617,0.0396752812163161,0.148949211441717,0.0137749468369016,1,0,1
DEUTNP,2026,1,b,69.2475005423516,2510.75249945765,3464,5822,10065,21931,0.00030417539325107,0.00258737026977998,0.01775190491376,0.0479641304028692,0.158017952559299,0.013895718484476,1,0,1
DEUTNP,2026,2,m,46.0225215809558,1680.97747841904,2150,3385,4324,11586,0.000393920834589005,0.00340744073771738,0.0231481836503697,0.06353285851076,0.187205893188339,0.0148650070244318,1,0,1
DEUTNP,2026,2,f,35.2041335885343,939.795866411466,1351,2835,6455,11616,0.000317656371507507,0.00196996480815849,0.0132121802256133,0.0416282095663421,0.158999034208084,0.014541056202967,1,0,1
DEUTNP,2026,2,b,81.2266551694901,2620.77334483051,3501,6220,10779,23202,0.000356794824147304,0.00270074849580396,0.0179415182168226,0.0512430249237112,0.169227571846665,0.0147010378129959,1,0,1
DEUTNP,2026,3,m,35.542145379352,1651.45785462065,2164,3326,4198,11375,0.000304216090078637,0.00334760271490976,0.0232989160090233,0.0624254911098339,0.181750772341501,0.0145942909462206,1,0,1
DEUTNP,2026,3,f,32.7336680735494,898.266331926451,1370,2779,6570,11650,0.000295364696313997,0.00188291215730243,0.0133979917905923,0.0408059239452785,0.16183170484076,0.0145836178344151,1,0,1
DEUTNP,2026,3,b,68.2758134529014,2549.7241865471,3534,6105,10768,23025,0.000299907177066577,0.00262753121139418,0.0181106327844191,0.0502956056526136,0.169054874630753,0.0145888887011564,1,0,1
DEUTNP,2026,4,m,40.0988306843971,1558.9011693156,2123,3007,4046,10775,0.000343218152909232,0.00315998484131807,0.0228574855301093,0.0564381995692335,0.175169991637378,0.0138244821930134,1,0,1
DEUTNP,2026,4,f,29.0279698010721,882.972030198928,1253,2744,6205,11114,0.000261927183523734,0.00185085281628444,0.0122537837325636,0.0402919954321138,0.152841054571829,0.0139126462327631,1,0,1
DEUTNP,2026,4,b,69.1268004854692,2441.87319951453,3376,5751,10251,21889,0.000303645208233848,0.00251638905880256,0.0173009327335028,0.047379201983322,0.160938105482898,0.0138691068308192,1,0,1
DEUTNP,2026,5,m,27.3401118302707,1598.65988816973,2171,3098,4112,11007,0.000234012376983567,0.00324057811519727,0.0233742821883501,0.0581461730181195,0.178027435890484,0.0141221415775868,1,0,1
DEUTNP,2026,5,f,32.1160516948032,835.883948305197,1362,2669,6154,11053,0.00028979177751562,0.00175214854705996,0.0133197553421801,0.0391907200467608,0.151584826726033,0.0138362856586944,1,0,1
DEUTNP,2026,5,b,59.4561635250739,2434.54383647493,3533,5767,10266,22060,0.000261166132781622,0.00250883603395077,0.0181055081005525,0.0475110168384312,0.161173601686414,0.0139774542778506,1,0,1
DEUTNP,2026,6,m,32.8081341963249,1597.19186580368,2107,3059,4047,10843,0.000280814852380281,0.00323760234706344,0.0226852199773624,0.0574141843971683,0.175213286247273,0.0139117271850435,1,0,1
DEUTNP,2026,6,f,30.8808189373108,866.119181062689,1402,2704,6227,11230,0.000278645939918865,0.00181552650670791,0.0137109375842412,0.0397046485599256,0.15338295677982,0.0140578565047624,1,0,1
DEUTNP,2026,6,b,63.6889531336357,2463.31104686637,3509,5763,10274,22073,0.000279759012432865,0.00253848110049055,0.0179825156877551,0.0474780631246539,0.161299199661623,0.0139856912182682,1,0,1
DEUTNP,2026,7,m,30.9854600743068,1557.01453992569,2089,3155,3958,10790,0.000265214027248043,0.00315616053199645,0.022491421230522,0.0592160025410481,0.17136006596657,0.0138437274118435,1,0,1
DEUTNP,2026,7,f,42.6155301334889,913.384469866511,1351,2719,6067,11093,0.000384531397088034,0.00191460223040365,0.0132121802256133,0.0399249036369961,0.149441849812617,0.0138863581662804,1,0,1
DEUTNP,2026,7,b,73.6009902077957,2470.3990097922,3440,5874,10025,21883,0.000323298457919534,0.00254578535869663,0.0176289125009625,0.0483925286819742,0.157389962683256,0.0138653051660111,1,0,1
DEUTNP,2026,8,m,30.5297915438023,1542.4702084562,2105,3059,3854,10591,0.000261313820964983,0.00312667831216407,0.022663686783269,0.0574141843971683,0.166857426537433,0.0135884075086965,1,0,1
DEUTNP,2026,8,f,29.6455861798183,880.354413820182,1296,2596,5920,10722,0.000267500102322111,0.00184536586711634,0.0126743046427793,0.0381188120050173,0.1458209577865,0.0134219356584205,1,0,1
DEUTNP,2026,8,b,60.1753777236206,2422.82462227638,3401,5655,9774,21313,0.000264325340839116,0.00249675919785918,0.0174290498301667,0.0465883128526667,0.153449326211086,0.0135041470092398,1,0,1
DEUTNP,2026,9,m,33.2638027268294,1517.73619727317,2060,2927,3855,10393,0.00028471505866334,0.00307654100908047,0.0221791899161682,0.0549366844493337,0.166900721147329,0.0133343706201381,1,0,1
DEUTNP,2026,9,f,25.9398879073411,848.060112092659,1328,2664,5769,10635,0.000234062589531847,0.00177767176440637,0.0129872504364281,0.0391173016877373,0.142101538086202,0.013313027954421,1,0,1
DEUTNP,2026,9,b,59.2036906341705,2365.79630936583,3388,5591,9624,21028,0.000260057124654624,0.00243799061696866,0.0173624289399015,0.0460610534322298,0.151094364175925,0.0133235679308541,1,0,1
DEUTNP,2026,10,m,30.5297915438023,1584.4702084562,2008,2896,3580,10099,0.000261313820964983,0.00321181479544327,0.0216193268697407,0.0543548473403725,0.154994703426053,0.0129571643310665,1,0,1
DEUTNP,2026,10,f,25.3222715285948,798.677728471405,1280,2457,5459,10020,0.00022848967073347,0.00167415826604601,0.0125178317459548,0.0360777816241631,0.134465643337247,0.0125431631502867,1,0,1
DEUTNP,2026,10,b,55.8520630723971,2383.1479369276,3288,5353,9039,20119,0.000245334822424957,0.00245587174435789,0.0168499605532456,0.04410030746248,0.141910012238798,0.0127476157124241,1,0,1
DEUTNP,2026,11,m,26.8844432997662,1501.11555670023,2069,2909,3590,10096,0.000230112170700508,0.0030428499879322,0.0222760892895884,0.0545988435473562,0.155427649525009,0.0129533152873005,1,0,1
DEUTNP,2026,11,f,23.4694223923562,783.530577607644,1252,2403,5441,9903,0.000211770914338338,0.00164240737714349,0.0122440041765121,0.035284863346709,0.134022268803436,0.0123967010655977,1,0,1
DEUTNP,2026,11,b,50.3538656921224,2284.64613430787,3321,5312,9031,19999,0.000221183534115364,0.00235436407457638,0.017019075120842,0.0437625318962627,0.141784414263589,0.0126715824162617,1,0,1
